elapsed_s,beacon_letter,rssi,accuracy_m,proximity,pos_x,pos_y,nearest_letter,distance_to_nearest,confidence,motion_state,accel_magnitude,filtered_pos_x,filtered_pos_y
2.51,A,-73,5.99,Far,7.87,28.51,E,3.29,weak,stationary,0.0000,7.87,28.51
2.51,B,-84,24.48,Far,7.87,28.51,E,3.29,weak,stationary,0.0000,7.87,28.51
2.51,C,-79,12.92,Far,7.87,28.51,E,3.29,weak,stationary,0.0000,7.87,28.51
2.51,E,-78,11.36,Far,7.87,28.51,E,3.29,weak,stationary,0.0000,7.87,28.51
2.51,F,-87,3.59,Far,7.87,28.51,E,3.29,weak,stationary,0.0000,7.87,28.51
2.51,H,-91,5.99,Far,7.87,28.51,E,3.29,weak,stationary,0.0000,7.87,28.51
2.51,K,-89,4.64,Far,7.87,28.51,E,3.29,weak,stationary,0.0000,7.87,28.51
2.51,M,-99,16.68,Near,7.87,28.51,E,3.29,weak,stationary,0.0000,7.87,28.51
3.51,A,-72,4.23,Far,7.87,28.49,E,3.28,weak,stationary,0.0053,7.87,28.49
3.51,B,-84,23.55,Far,7.87,28.49,E,3.28,weak,stationary,0.0053,7.87,28.49
3.51,C,-79,12.19,Far,7.87,28.49,E,3.28,weak,stationary,0.0053,7.87,28.49
3.51,E,-79,13.36,Far,7.87,28.49,E,3.28,weak,stationary,0.0053,7.87,28.49
3.51,F,-86,2.96,Far,7.87,28.49,E,3.28,weak,stationary,0.0053,7.87,28.49
3.51,H,-92,7.49,Far,7.87,28.49,E,3.28,weak,stationary,0.0053,7.87,28.49
3.51,K,-88,3.87,Far,7.87,28.49,E,3.28,weak,stationary,0.0053,7.87,28.49
3.51,M,-99,16.68,Far,7.87,28.49,E,3.28,weak,stationary,0.0053,7.87,28.49
4.51,A,-71,3.73,Far,7.87,28.48,E,3.27,weak,stationary,0.0043,7.87,28.48
4.51,B,-85,25.57,Far,7.87,28.48,E,3.27,weak,stationary,0.0043,7.87,28.48
4.51,C,-78,11.41,Far,7.87,28.48,E,3.27,weak,stationary,0.0043,7.87,28.48
4.51,E,-80,14.28,Far,7.87,28.48,E,3.27,weak,stationary,0.0043,7.87,28.48
4.51,F,-86,3.05,Far,7.87,28.48,E,3.27,weak,stationary,0.0043,7.87,28.48
4.51,H,-93,8.31,Far,7.87,28.48,E,3.27,weak,stationary,0.0043,7.87,28.48
4.51,K,-89,4.73,Far,7.87,28.48,E,3.27,weak,stationary,0.0043,7.87,28.48
4.51,M,-99,16.68,Far,7.87,28.48,E,3.27,weak,stationary,0.0043,7.87,28.48
5.51,A,-70,3.53,Far,7.88,28.47,E,3.25,weak,stationary,0.0047,7.88,28.47
5.51,B,-86,27.97,Far,7.88,28.47,E,3.25,weak,stationary,0.0047,7.88,28.47
5.51,C,-78,11.03,Far,7.88,28.47,E,3.25,weak,stationary,0.0047,7.88,28.47
5.51,E,-80,14.38,Far,7.88,28.47,E,3.25,weak,stationary,0.0047,7.88,28.47
5.51,F,-85,2.68,Near,7.88,28.47,E,3.25,weak,stationary,0.0047,7.88,28.47
5.51,H,-93,8.74,Far,7.88,28.47,E,3.25,weak,stationary,0.0047,7.88,28.47
5.51,K,-89,4.70,Far,7.88,28.47,E,3.25,weak,stationary,0.0047,7.88,28.47
5.51,M,-69,-1.00,Unknown,7.88,28.47,E,3.25,weak,stationary,0.0047,7.88,28.47
6.51,A,-69,3.43,Far,7.90,28.47,E,3.24,weak,stationary,0.0051,7.90,28.47
6.51,B,-86,27.95,Far,7.90,28.47,E,3.24,weak,stationary,0.0051,7.90,28.47
6.51,C,-78,10.80,Far,7.90,28.47,E,3.24,weak,stationary,0.0051,7.90,28.47
6.51,E,-79,13.62,Far,7.90,28.47,E,3.24,weak,stationary,0.0051,7.90,28.47
6.51,F,-85,2.61,Near,7.90,28.47,E,3.24,weak,stationary,0.0051,7.90,28.47
6.51,H,-93,8.48,Far,7.90,28.47,E,3.24,weak,stationary,0.0051,7.90,28.47
6.51,K,-89,4.35,Far,7.90,28.47,E,3.24,weak,stationary,0.0051,7.90,28.47
6.51,M,-49,-1.00,Unknown,7.90,28.47,E,3.24,weak,stationary,0.0051,7.90,28.47
7.51,A,-69,3.25,Far,7.91,28.46,E,3.23,weak,stationary,0.0140,7.91,28.46
7.51,B,-86,28.43,Far,7.91,28.46,E,3.23,weak,stationary,0.0140,7.91,28.46
7.51,C,-77,10.37,Far,7.91,28.46,E,3.23,weak,stationary,0.0140,7.91,28.46
7.51,E,-79,12.78,Far,7.91,28.46,E,3.23,weak,stationary,0.0140,7.91,28.46
7.51,F,-86,2.94,Near,7.91,28.46,E,3.23,weak,stationary,0.0140,7.91,28.46
7.51,H,-94,8.75,Far,7.91,28.46,E,3.23,weak,stationary,0.0140,7.91,28.46
7.51,K,-88,4.29,Far,7.91,28.46,E,3.23,weak,stationary,0.0140,7.91,28.46
7.51,M,-63,15.66,Far,7.91,28.46,E,3.23,weak,stationary,0.0140,7.91,28.46
8.51,A,-68,2.91,Far,7.91,28.45,E,3.22,weak,stationary,0.0692,7.91,28.45
8.51,B,-87,30.27,Far,7.91,28.45,E,3.22,weak,stationary,0.0692,7.91,28.45
8.51,C,-78,10.72,Far,7.91,28.45,E,3.22,weak,stationary,0.0692,7.91,28.45
8.51,E,-79,12.80,Far,7.91,28.45,E,3.22,weak,stationary,0.0692,7.91,28.45
8.51,F,-87,3.16,Far,7.91,28.45,E,3.22,weak,stationary,0.0692,7.91,28.45
8.51,H,-94,9.14,Far,7.91,28.45,E,3.22,weak,stationary,0.0692,7.91,28.45
8.51,K,-87,3.54,Far,7.91,28.45,E,3.22,weak,stationary,0.0692,7.91,28.45
8.51,M,-73,13.75,Far,7.91,28.45,E,3.22,weak,stationary,0.0692,7.91,28.45
9.51,A,-67,2.79,Far,7.91,28.43,E,3.20,weak,stationary,0.0807,7.91,28.43
9.51,B,-87,30.43,Far,7.91,28.43,E,3.20,weak,stationary,0.0807,7.91,28.43
9.51,C,-80,11.74,Far,7.91,28.43,E,3.20,weak,stationary,0.0807,7.91,28.43
9.51,E,-81,13.94,Far,7.91,28.43,E,3.20,weak,stationary,0.0807,7.91,28.43
9.51,F,-87,3.25,Far,7.91,28.43,E,3.20,weak,stationary,0.0807,7.91,28.43
9.51,H,-94,8.87,Far,7.91,28.43,E,3.20,weak,stationary,0.0807,7.91,28.43
9.51,K,-87,3.45,Far,7.91,28.43,E,3.20,weak,stationary,0.0807,7.91,28.43
9.51,M,-80,13.18,Far,7.91,28.43,E,3.20,weak,stationary,0.0807,7.91,28.43
10.51,A,-67,2.79,Far,7.92,28.42,K,3.19,weak,stationary,0.0339,7.92,28.42
10.51,B,-86,30.11,Far,7.92,28.42,K,3.19,weak,stationary,0.0339,7.92,28.42
10.51,C,-82,12.92,Far,7.92,28.42,K,3.19,weak,stationary,0.0339,7.92,28.42
10.51,E,-81,14.26,Far,7.92,28.42,K,3.19,weak,stationary,0.0339,7.92,28.42
10.51,F,-87,3.48,Far,7.92,28.42,K,3.19,weak,stationary,0.0339,7.92,28.42
10.51,H,-94,8.67,Far,7.92,28.42,K,3.19,weak,stationary,0.0339,7.92,28.42
10.51,K,-87,3.48,Far,7.92,28.42,K,3.19,weak,stationary,0.0339,7.92,28.42
10.51,M,-85,13.14,Far,7.92,28.42,K,3.19,weak,stationary,0.0339,7.92,28.42
11.51,A,-68,3.06,Far,7.97,27.82,K,2.72,weak,walking,0.1140,7.97,27.82
11.51,B,-86,29.40,Far,7.97,27.82,K,2.72,weak,walking,0.1140,7.97,27.82
11.51,C,-82,13.81,Far,7.97,27.82,K,2.72,weak,walking,0.1140,7.97,27.82
11.51,E,-80,14.32,Far,7.97,27.82,K,2.72,weak,walking,0.1140,7.97,27.82
11.51,F,-88,3.59,Far,7.97,27.82,K,2.72,weak,walking,0.1140,7.97,27.82
11.51,H,-95,9.35,Far,7.97,27.82,K,2.72,weak,walking,0.1140,7.97,27.82
11.51,K,-86,3.21,Far,7.97,27.82,K,2.72,weak,walking,0.1140,7.97,27.82
11.51,M,-88,13.10,Far,7.97,27.82,K,2.72,weak,walking,0.1140,7.97,27.82
12.51,A,-69,3.31,Far,8.46,27.47,K,2.13,weak,walking,0.0622,8.46,27.47
12.51,B,-86,29.61,Far,8.46,27.47,K,2.13,weak,walking,0.0622,8.46,27.47
12.51,C,-82,14.48,Far,8.46,27.47,K,2.13,weak,walking,0.0622,8.46,27.47
12.51,E,-80,14.12,Far,8.46,27.47,K,2.13,weak,walking,0.0622,8.46,27.47
12.51,F,-88,3.85,Far,8.46,27.47,K,2.13,weak,walking,0.0622,8.46,27.47
12.51,H,-96,9.87,Far,8.46,27.47,K,2.13,weak,walking,0.0622,8.46,27.47
12.51,K,-84,2.70,Near,8.46,27.47,K,2.13,weak,walking,0.0622,8.46,27.47
12.51,M,-62,-1.00,Unknown,8.46,27.47,K,2.13,weak,walking,0.0622,8.46,27.47
13.51,A,-69,3.28,Far,9.01,27.70,K,1.97,weak,walking,0.1564,9.01,27.70
13.51,B,-86,29.79,Far,9.01,27.70,K,1.97,weak,walking,0.1564,9.01,27.70
13.51,C,-82,14.51,Far,9.01,27.70,K,1.97,weak,walking,0.1564,9.01,27.70
13.51,E,-80,14.39,Far,9.01,27.70,K,1.97,weak,walking,0.1564,9.01,27.70
13.51,F,-89,4.22,Far,9.01,27.70,K,1.97,weak,walking,0.1564,9.01,27.70
13.51,H,-95,9.51,Far,9.01,27.70,K,1.97,weak,walking,0.1564,9.01,27.70
13.51,K,-83,2.19,Near,9.01,27.70,K,1.97,weak,walking,0.1564,9.01,27.70
13.51,M,-43,-1.00,Unknown,9.01,27.70,K,1.97,weak,walking,0.1564,9.01,27.70
14.51,A,-69,3.25,Far,9.57,27.48,K,1.54,weak,walking,0.0734,9.57,27.48
14.51,B,-86,30.27,Far,9.57,27.48,K,1.54,weak,walking,0.0734,9.57,27.48
14.51,C,-81,14.04,Far,9.57,27.48,K,1.54,weak,walking,0.0734,9.57,27.48
14.51,E,-81,14.63,Far,9.57,27.48,K,1.54,weak,walking,0.0734,9.57,27.48
14.51,F,-89,4.29,Far,9.57,27.48,K,1.54,weak,walking,0.0734,9.57,27.48
14.51,H,-94,9.02,Far,9.57,27.48,K,1.54,weak,walking,0.0734,9.57,27.48
14.51,K,-84,2.35,Near,9.57,27.48,K,1.54,weak,walking,0.0734,9.57,27.48
14.51,M,-59,13.07,Far,9.57,27.48,K,1.54,weak,walking,0.0734,9.57,27.48
15.51,A,-70,3.59,Far,9.72,26.90,K,0.94,weak,walking,0.0824,9.72,26.90
15.51,B,-85,28.73,Far,9.72,26.90,K,0.94,weak,walking,0.0824,9.72,26.90
15.51,C,-80,13.90,Far,9.72,26.90,K,0.94,weak,walking,0.0824,9.72,26.90
15.51,E,-81,15.02,Far,9.72,26.90,K,0.94,weak,walking,0.0824,9.72,26.90
15.51,F,-89,4.36,Far,9.72,26.90,K,0.94,weak,walking,0.0824,9.72,26.90
15.51,H,-94,8.99,Far,9.72,26.90,K,0.94,weak,walking,0.0824,9.72,26.90
15.51,K,-83,2.07,Near,9.72,26.90,K,0.94,weak,walking,0.0824,9.72,26.90
15.51,M,-71,13.70,Far,9.72,26.90,K,0.94,weak,walking,0.0824,9.72,26.90
16.51,A,-71,4.04,Far,9.73,26.30,K,0.41,weak,walking,0.1567,9.73,26.30
16.51,B,-85,28.65,Far,9.73,26.30,K,0.41,weak,walking,0.1567,9.73,26.30
16.51,C,-80,13.78,Far,9.73,26.30,K,0.41,weak,walking,0.1567,9.73,26.30
16.51,E,-80,14.75,Far,9.73,26.30,K,0.41,weak,walking,0.1567,9.73,26.30
16.51,F,-91,4.81,Far,9.73,26.30,K,0.41,weak,walking,0.1567,9.73,26.30
16.51,H,-94,8.80,Far,9.73,26.30,K,0.41,weak,walking,0.1567,9.73,26.30
16.51,K,-82,1.81,Near,9.73,26.30,K,0.41,weak,walking,0.1567,9.73,26.30
16.51,M,-80,14.17,Far,9.73,26.30,K,0.41,weak,walking,0.1567,9.73,26.30
17.51,A,-73,4.58,Far,9.69,25.70,K,0.43,weak,walking,0.0825,9.69,25.70
17.51,B,-85,28.88,Far,9.69,25.70,K,0.43,weak,walking,0.0825,9.69,25.70
17.51,C,-80,14.06,Far,9.69,25.70,K,0.43,weak,walking,0.0825,9.69,25.70
17.51,E,-80,14.75,Far,9.69,25.70,K,0.43,weak,walking,0.0825,9.69,25.70
17.51,F,-89,4.39,Far,9.69,25.70,K,0.43,weak,walking,0.0825,9.69,25.70
17.51,H,-93,8.47,Far,9.69,25.70,K,0.43,weak,walking,0.0825,9.69,25.70
17.51,K,-81,1.64,Near,9.69,25.70,K,0.43,weak,walking,0.0825,9.69,25.70
17.51,M,-85,13.94,Far,9.69,25.70,K,0.43,weak,walking,0.0825,9.69,25.70
18.51,A,-74,5.11,Far,9.69,25.69,K,0.44,weak,stationary,0.1559,9.69,25.69
18.51,B,-85,28.08,Far,9.69,25.69,K,0.44,weak,stationary,0.1559,9.69,25.69
18.51,C,-80,13.92,Far,9.69,25.69,K,0.44,weak,stationary,0.1559,9.69,25.69
18.51,E,-80,14.52,Far,9.69,25.69,K,0.44,weak,stationary,0.1559,9.69,25.69
18.51,F,-91,4.89,Far,9.69,25.69,K,0.44,weak,stationary,0.1559,9.69,25.69
18.51,H,-93,8.36,Far,9.69,25.69,K,0.44,weak,stationary,0.1559,9.69,25.69
18.51,K,-81,1.59,Near,9.69,25.69,K,0.44,weak,stationary,0.1559,9.69,25.69
18.51,M,-88,13.17,Far,9.69,25.69,K,0.44,weak,stationary,0.1559,9.69,25.69
19.51,A,-75,5.69,Far,9.61,25.09,K,0.99,weak,walking,0.0248,9.61,25.09
19.51,B,-84,27.74,Far,9.61,25.09,K,0.99,weak,walking,0.0248,9.61,25.09
19.51,C,-80,13.80,Far,9.61,25.09,K,0.99,weak,walking,0.0248,9.61,25.09
19.51,E,-80,14.54,Far,9.61,25.09,K,0.99,weak,walking,0.0248,9.61,25.09
19.51,F,-91,5.15,Far,9.61,25.09,K,0.99,weak,walking,0.0248,9.61,25.09
19.51,H,-95,8.87,Far,9.61,25.09,K,0.99,weak,walking,0.0248,9.61,25.09
19.51,K,-80,1.50,Near,9.61,25.09,K,0.99,weak,walking,0.0248,9.61,25.09
19.51,M,-91,13.13,Far,9.61,25.09,K,0.99,weak,walking,0.0248,9.61,25.09
20.51,A,-76,6.24,Far,9.18,22.62,K,2.75,weak,trotting,0.9703,9.18,22.62
20.51,B,-84,27.11,Far,9.18,22.62,K,2.75,weak,trotting,0.9703,9.18,22.62
20.51,C,-79,13.70,Far,9.18,22.62,K,2.75,weak,trotting,0.9703,9.18,22.62
20.51,E,-80,14.74,Far,9.18,22.62,K,2.75,weak,trotting,0.9703,9.18,22.62
20.51,F,-91,5.38,Far,9.18,22.62,K,2.75,weak,trotting,0.9703,9.18,22.62
20.51,H,-94,8.71,Far,9.18,22.62,K,2.75,weak,trotting,0.9703,9.18,22.62
20.51,K,-79,1.37,Near,9.18,22.62,K,2.75,weak,trotting,0.9703,9.18,22.62
20.51,M,-93,13.51,Far,9.18,22.62,K,2.75,weak,trotting,0.9703,9.18,22.62
21.51,A,-77,6.92,Far,8.78,20.16,K,1.23,weak,trotting,0.5653,8.78,20.16
21.51,B,-82,24.89,Far,8.78,20.16,K,1.23,weak,trotting,0.5653,8.78,20.16
21.51,C,-79,13.17,Far,8.78,20.16,K,1.23,weak,trotting,0.5653,8.78,20.16
21.51,E,-80,14.73,Far,8.78,20.16,K,1.23,weak,trotting,0.5653,8.78,20.16
21.51,F,-91,5.48,Far,8.78,20.16,K,1.23,weak,trotting,0.5653,8.78,20.16
21.51,H,-93,8.01,Far,8.78,20.16,K,1.23,weak,trotting,0.5653,8.78,20.16
21.51,K,-79,1.30,Near,8.78,20.16,K,1.23,weak,trotting,0.5653,8.78,20.16
21.51,M,-95,13.85,Far,8.78,20.16,K,1.23,weak,trotting,0.5653,8.78,20.16
22.51,A,-78,7.65,Far,8.73,19.28,K,1.46,weak,trotting,0.2114,8.73,19.28
22.51,B,-81,22.21,Far,8.73,19.28,K,1.46,weak,trotting,0.2114,8.73,19.28
22.51,C,-78,12.49,Far,8.73,19.28,K,1.46,weak,trotting,0.2114,8.73,19.28
22.51,E,-80,14.29,Far,8.73,19.28,K,1.46,weak,trotting,0.2114,8.73,19.28
22.51,F,-91,5.56,Far,8.73,19.28,K,1.46,weak,trotting,0.2114,8.73,19.28
22.51,H,-91,6.65,Far,8.73,19.28,K,1.46,weak,trotting,0.2114,8.73,19.28
22.51,K,-81,1.54,Near,8.73,19.28,K,1.46,weak,trotting,0.2114,8.73,19.28
22.51,M,-94,12.29,Far,8.73,19.28,K,1.46,weak,trotting,0.2114,8.73,19.28
23.51,A,-79,8.27,Far,8.73,19.44,K,1.39,weak,trotting,0.3135,8.73,19.44
23.51,B,-81,21.63,Far,8.73,19.44,K,1.39,weak,trotting,0.3135,8.73,19.44
23.51,C,-77,11.45,Far,8.73,19.44,K,1.39,weak,trotting,0.3135,8.73,19.44
23.51,E,-80,14.33,Far,8.73,19.44,K,1.39,weak,trotting,0.3135,8.73,19.44
23.51,F,-92,5.93,Far,8.73,19.44,K,1.39,weak,trotting,0.3135,8.73,19.44
23.51,H,-91,6.55,Far,8.73,19.44,K,1.39,weak,trotting,0.3135,8.73,19.44
23.51,K,-82,1.81,Near,8.73,19.44,K,1.39,weak,trotting,0.3135,8.73,19.44
23.51,M,-95,12.17,Far,8.73,19.44,K,1.39,weak,trotting,0.3135,8.73,19.44
24.51,A,-79,8.86,Far,9.01,19.93,K,0.99,weak,trotting,0.3333,9.01,19.93
24.51,B,-80,20.49,Far,9.01,19.93,K,0.99,weak,trotting,0.3333,9.01,19.93
24.51,C,-76,10.87,Far,9.01,19.93,K,0.99,weak,trotting,0.3333,9.01,19.93
24.51,E,-80,14.70,Far,9.01,19.93,K,0.99,weak,trotting,0.3333,9.01,19.93
24.51,F,-92,6.06,Far,9.01,19.93,K,0.99,weak,trotting,0.3333,9.01,19.93
24.51,H,-93,7.16,Far,9.01,19.93,K,0.99,weak,trotting,0.3333,9.01,19.93
24.51,K,-84,2.15,Near,9.01,19.93,K,0.99,weak,trotting,0.3333,9.01,19.93
24.51,M,-95,11.86,Far,9.01,19.93,K,0.99,weak,trotting,0.3333,9.01,19.93
25.51,A,-80,9.51,Far,9.24,20.57,K,0.95,weak,trotting,0.2973,9.24,20.57
25.51,B,-80,19.21,Far,9.24,20.57,K,0.95,weak,trotting,0.2973,9.24,20.57
25.51,C,-76,10.19,Far,9.24,20.57,K,0.95,weak,trotting,0.2973,9.24,20.57
25.51,E,-80,14.49,Far,9.24,20.57,K,0.95,weak,trotting,0.2973,9.24,20.57
25.51,F,-93,6.47,Far,9.24,20.57,K,0.95,weak,trotting,0.2973,9.24,20.57
25.51,H,-94,7.65,Far,9.24,20.57,K,0.95,weak,trotting,0.2973,9.24,20.57
25.51,K,-86,2.59,Near,9.24,20.57,K,0.95,weak,trotting,0.2973,9.24,20.57
25.51,M,-95,11.61,Far,9.24,20.57,K,0.95,weak,trotting,0.2973,9.24,20.57
26.51,A,-80,10.12,Far,9.27,21.19,K,1.40,weak,trotting,0.4342,9.27,21.19
26.51,B,-79,18.45,Far,9.27,21.19,K,1.40,weak,trotting,0.4342,9.27,21.19
26.51,C,-75,9.43,Far,9.27,21.19,K,1.40,weak,trotting,0.4342,9.27,21.19
26.51,E,-78,13.28,Far,9.27,21.19,K,1.40,weak,trotting,0.4342,9.27,21.19
26.51,F,-94,6.85,Far,9.27,21.19,K,1.40,weak,trotting,0.4342,9.27,21.19
26.51,H,-94,7.79,Far,9.27,21.19,K,1.40,weak,trotting,0.4342,9.27,21.19
26.51,K,-86,2.63,Near,9.27,21.19,K,1.40,weak,trotting,0.4342,9.27,21.19
26.51,M,-94,10.97,Far,9.27,21.19,K,1.40,weak,trotting,0.4342,9.27,21.19
27.51,A,-82,11.09,Far,9.27,21.87,K,2.01,weak,trotting,0.3384,9.27,21.87
27.51,B,-79,17.79,Far,9.27,21.87,K,2.01,weak,trotting,0.3384,9.27,21.87
27.51,C,-75,9.02,Far,9.27,21.87,K,2.01,weak,trotting,0.3384,9.27,21.87
27.51,E,-78,12.84,Far,9.27,21.87,K,2.01,weak,trotting,0.3384,9.27,21.87
27.51,F,-94,7.10,Far,9.27,21.87,K,2.01,weak,trotting,0.3384,9.27,21.87
27.51,H,-94,7.64,Far,9.27,21.87,K,2.01,weak,trotting,0.3384,9.27,21.87
27.51,K,-86,2.81,Near,9.27,21.87,K,2.01,weak,trotting,0.3384,9.27,21.87
27.51,M,-94,10.66,Far,9.27,21.87,K,2.01,weak,trotting,0.3384,9.27,21.87
28.51,A,-82,11.85,Far,9.25,22.60,E,2.71,weak,trotting,0.0776,9.25,22.60
28.51,B,-79,16.95,Far,9.25,22.60,E,2.71,weak,trotting,0.0776,9.25,22.60
28.51,C,-74,8.31,Far,9.25,22.60,E,2.71,weak,trotting,0.0776,9.25,22.60
28.51,E,-77,11.73,Far,9.25,22.60,E,2.71,weak,trotting,0.0776,9.25,22.60
28.51,F,-93,7.19,Far,9.25,22.60,E,2.71,weak,trotting,0.0776,9.25,22.60
28.51,H,-93,7.65,Far,9.25,22.60,E,2.71,weak,trotting,0.0776,9.25,22.60
28.51,K,-88,3.30,Near,9.25,22.60,E,2.71,weak,trotting,0.0776,9.25,22.60
28.51,M,-94,10.20,Far,9.25,22.60,E,2.71,weak,trotting,0.0776,9.25,22.60
29.51,A,-82,12.58,Far,9.22,22.98,E,3.08,weak,walking,0.0360,9.22,22.98
29.51,B,-79,16.50,Far,9.22,22.98,E,3.08,weak,walking,0.0360,9.22,22.98
29.51,C,-73,7.57,Far,9.22,22.98,E,3.08,weak,walking,0.0360,9.22,22.98
29.51,E,-76,11.11,Far,9.22,22.98,E,3.08,weak,walking,0.0360,9.22,22.98
29.51,F,-92,6.64,Far,9.22,22.98,E,3.08,weak,walking,0.0360,9.22,22.98
29.51,H,-94,8.12,Far,9.22,22.98,E,3.08,weak,walking,0.0360,9.22,22.98
29.51,K,-89,3.73,Far,9.22,22.98,E,3.08,weak,walking,0.0360,9.22,22.98
29.51,M,-94,9.83,Far,9.22,22.98,E,3.08,weak,walking,0.0360,9.22,22.98
30.51,A,-83,13.50,Far,9.22,22.99,E,3.09,weak,stationary,0.0090,9.22,22.99
30.51,B,-79,16.31,Far,9.22,22.99,E,3.09,weak,stationary,0.0090,9.22,22.99
30.51,C,-73,7.17,Far,9.22,22.99,E,3.09,weak,stationary,0.0090,9.22,22.99
30.51,E,-76,10.98,Far,9.22,22.99,E,3.09,weak,stationary,0.0090,9.22,22.99
30.51,F,-91,6.39,Far,9.22,22.99,E,3.09,weak,stationary,0.0090,9.22,22.99
30.51,H,-66,-1.00,Unknown,9.22,22.99,E,3.09,weak,stationary,0.0090,9.22,22.99
30.51,K,-88,3.36,Near,9.22,22.99,E,3.09,weak,stationary,0.0090,9.22,22.99
30.51,M,-92,8.66,Far,9.22,22.99,E,3.09,weak,stationary,0.0090,9.22,22.99
31.51,A,-84,14.50,Far,9.21,23.00,E,3.10,weak,stationary,0.0099,9.21,23.00
31.51,B,-80,16.35,Far,9.21,23.00,E,3.10,weak,stationary,0.0099,9.21,23.00
31.51,C,-73,6.99,Far,9.21,23.00,E,3.10,weak,stationary,0.0099,9.21,23.00
31.51,E,-76,10.68,Far,9.21,23.00,E,3.10,weak,stationary,0.0099,9.21,23.00
31.51,F,-91,6.33,Far,9.21,23.00,E,3.10,weak,stationary,0.0099,9.21,23.00
31.51,H,-72,6.90,Far,9.21,23.00,E,3.10,weak,stationary,0.0099,9.21,23.00
31.51,K,-88,3.40,Near,9.21,23.00,E,3.10,weak,stationary,0.0099,9.21,23.00
31.51,M,-91,7.83,Far,9.21,23.00,E,3.10,weak,stationary,0.0099,9.21,23.00
32.51,A,-85,15.48,Far,9.20,23.01,E,3.09,weak,stationary,0.0096,9.20,23.01
32.51,B,-80,16.17,Far,9.20,23.01,E,3.09,weak,stationary,0.0096,9.20,23.01
32.51,C,-72,6.54,Far,9.20,23.01,E,3.09,weak,stationary,0.0096,9.20,23.01
32.51,E,-76,10.43,Far,9.20,23.01,E,3.09,weak,stationary,0.0096,9.20,23.01
32.51,F,-91,6.28,Far,9.20,23.01,E,3.09,weak,stationary,0.0096,9.20,23.01
32.51,H,-51,-1.00,Unknown,9.20,23.01,E,3.09,weak,stationary,0.0096,9.20,23.01
32.51,K,-89,3.80,Far,9.20,23.01,E,3.09,weak,stationary,0.0096,9.20,23.01
32.51,M,-90,7.01,Far,9.20,23.01,E,3.09,weak,stationary,0.0096,9.20,23.01
33.51,A,-85,16.44,Far,9.19,23.03,H,3.08,weak,stationary,0.0035,9.19,23.03
33.51,B,-80,16.22,Far,9.19,23.03,H,3.08,weak,stationary,0.0035,9.19,23.03
33.51,C,-72,6.32,Far,9.19,23.03,H,3.08,weak,stationary,0.0035,9.19,23.03
33.51,E,-77,10.53,Far,9.19,23.03,H,3.08,weak,stationary,0.0035,9.19,23.03
33.51,F,-91,6.35,Far,9.19,23.03,H,3.08,weak,stationary,0.0035,9.19,23.03
33.51,H,-35,-1.00,Unknown,9.19,23.03,H,3.08,weak,stationary,0.0035,9.19,23.03
33.51,K,-88,3.65,Near,9.19,23.03,H,3.08,weak,stationary,0.0035,9.19,23.03
33.51,M,-90,6.40,Far,9.19,23.03,H,3.08,weak,stationary,0.0035,9.19,23.03
34.51,A,-85,17.22,Far,9.18,23.04,H,3.07,weak,stationary,0.0387,9.18,23.04
34.51,B,-80,16.26,Far,9.18,23.04,H,3.07,weak,stationary,0.0387,9.18,23.04
34.51,C,-72,6.28,Far,9.18,23.04,H,3.07,weak,stationary,0.0387,9.18,23.04
34.51,E,-77,10.46,Far,9.18,23.04,H,3.07,weak,stationary,0.0387,9.18,23.04
34.51,F,-91,6.30,Far,9.18,23.04,H,3.07,weak,stationary,0.0387,9.18,23.04
34.51,H,-53,7.21,Far,9.18,23.04,H,3.07,weak,stationary,0.0387,9.18,23.04
34.51,K,-87,3.20,Near,9.18,23.04,H,3.07,weak,stationary,0.0387,9.18,23.04
34.51,M,-90,6.22,Far,9.18,23.04,H,3.07,weak,stationary,0.0387,9.18,23.04
35.51,A,-84,17.60,Far,9.17,23.05,H,3.06,weak,stationary,0.0187,9.17,23.05
35.51,B,-79,15.34,Far,9.17,23.05,H,3.06,weak,stationary,0.0187,9.17,23.05
35.51,C,-73,6.23,Far,9.17,23.05,H,3.06,weak,stationary,0.0187,9.17,23.05
35.51,E,-77,10.41,Far,9.17,23.05,H,3.06,weak,stationary,0.0187,9.17,23.05
35.51,F,-92,6.37,Far,9.17,23.05,H,3.06,weak,stationary,0.0187,9.17,23.05
35.51,H,-65,7.61,Far,9.17,23.05,H,3.06,weak,stationary,0.0187,9.17,23.05
35.51,K,-88,3.48,Far,9.17,23.05,H,3.06,weak,stationary,0.0187,9.17,23.05
35.51,M,-89,5.79,Far,9.17,23.05,H,3.06,weak,stationary,0.0187,9.17,23.05
36.51,A,-84,17.74,Far,9.16,23.06,H,3.06,weak,stationary,0.0047,9.16,23.06
36.51,B,-79,14.59,Far,9.16,23.06,H,3.06,weak,stationary,0.0047,9.16,23.06
36.51,C,-73,6.42,Far,9.16,23.06,H,3.06,weak,stationary,0.0047,9.16,23.06
36.51,E,-78,10.65,Far,9.16,23.06,H,3.06,weak,stationary,0.0047,9.16,23.06
36.51,F,-92,6.65,Far,9.16,23.06,H,3.06,weak,stationary,0.0047,9.16,23.06
36.51,H,-46,-1.00,Unknown,9.16,23.06,H,3.06,weak,stationary,0.0047,9.16,23.06
36.51,K,-89,3.80,Far,9.16,23.06,H,3.06,weak,stationary,0.0047,9.16,23.06
36.51,M,-89,5.59,Far,9.16,23.06,H,3.06,weak,stationary,0.0047,9.16,23.06
37.51,A,-84,18.26,Far,9.15,23.07,H,3.05,weak,stationary,0.0359,9.15,23.07
37.51,B,-79,14.60,Far,9.15,23.07,H,3.05,weak,stationary,0.0359,9.15,23.07
37.51,C,-74,6.59,Far,9.15,23.07,H,3.05,weak,stationary,0.0359,9.15,23.07
37.51,E,-77,10.39,Far,9.15,23.07,H,3.05,weak,stationary,0.0359,9.15,23.07
37.51,F,-93,7.10,Far,9.15,23.07,H,3.05,weak,stationary,0.0359,9.15,23.07
37.51,H,-32,-1.00,Unknown,9.15,23.07,H,3.05,weak,stationary,0.0359,9.15,23.07
37.51,K,-89,4.03,Far,9.15,23.07,H,3.05,weak,stationary,0.0359,9.15,23.07
37.51,M,-90,5.65,Far,9.15,23.07,H,3.05,weak,stationary,0.0359,9.15,23.07
38.51,A,-84,18.74,Far,8.87,23.60,H,2.65,weak,walking,0.2695,8.87,23.60
38.51,B,-81,15.32,Far,8.87,23.60,H,2.65,weak,walking,0.2695,8.87,23.60
38.51,C,-73,6.35,Far,8.87,23.60,H,2.65,weak,walking,0.2695,8.87,23.60
38.51,E,-78,10.64,Far,8.87,23.60,H,2.65,weak,walking,0.2695,8.87,23.60
38.51,F,-65,-1.00,Unknown,8.87,23.60,H,2.65,weak,walking,0.2695,8.87,23.60
38.51,H,-48,5.69,Far,8.87,23.60,H,2.65,weak,walking,0.2695,8.87,23.60
38.51,K,-92,4.69,Far,8.87,23.60,H,2.65,weak,walking,0.2695,8.87,23.60
38.51,M,-63,-1.00,Unknown,8.87,23.60,H,2.65,weak,walking,0.2695,8.87,23.60
39.51,A,-84,18.99,Far,10.51,24.56,H,1.53,weak,trotting,0.5729,10.51,24.56
39.51,B,-57,-1.00,Unknown,10.51,24.56,H,1.53,weak,trotting,0.5729,10.51,24.56
39.51,C,-73,6.42,Far,10.51,24.56,H,1.53,weak,trotting,0.5729,10.51,24.56
39.51,E,-77,10.38,Far,10.51,24.56,H,1.53,weak,trotting,0.5729,10.51,24.56
39.51,F,-75,7.61,Far,10.51,24.56,H,1.53,weak,trotting,0.5729,10.51,24.56
39.51,H,-60,5.02,Far,10.51,24.56,H,1.53,weak,trotting,0.5729,10.51,24.56
39.51,K,-88,3.50,Far,10.51,24.56,H,1.53,weak,trotting,0.5729,10.51,24.56
39.51,M,-70,5.04,Far,10.51,24.56,H,1.53,weak,trotting,0.5729,10.51,24.56
40.51,A,-83,18.98,Far,12.27,26.33,H,2.29,weak,trotting,0.7382,12.27,26.33
40.51,B,-66,16.42,Far,12.27,26.33,H,2.29,weak,trotting,0.7382,12.27,26.33
40.51,C,-75,6.94,Far,12.27,26.33,H,2.29,weak,trotting,0.7382,12.27,26.33
40.51,E,-76,9.77,Far,12.27,26.33,H,2.29,weak,trotting,0.7382,12.27,26.33
40.51,F,-82,8.27,Far,12.27,26.33,H,2.29,weak,trotting,0.7382,12.27,26.33
40.51,H,-68,4.33,Far,12.27,26.33,H,2.29,weak,trotting,0.7382,12.27,26.33
40.51,K,-86,2.63,Near,12.27,26.33,H,2.29,weak,trotting,0.7382,12.27,26.33
40.51,M,-49,-1.00,Unknown,12.27,26.33,H,2.29,weak,trotting,0.7382,12.27,26.33
41.51,A,-82,18.73,Far,11.19,24.07,H,2.27,weak,trotting,0.0187,11.19,24.07
41.51,B,-72,17.12,Far,11.19,24.07,H,2.27,weak,trotting,0.0187,11.19,24.07
41.51,C,-76,7.37,Far,11.19,24.07,H,2.27,weak,trotting,0.0187,11.19,24.07
41.51,E,-75,8.85,Far,11.19,24.07,H,2.27,weak,trotting,0.0187,11.19,24.07
41.51,F,-85,8.17,Far,11.19,24.07,H,2.27,weak,trotting,0.0187,11.19,24.07
41.51,H,-76,5.08,Far,11.19,24.07,H,2.27,weak,trotting,0.0187,11.19,24.07
41.51,K,-60,-1.00,Unknown,11.19,24.07,H,2.27,weak,trotting,0.0187,11.19,24.07
41.51,M,-61,5.23,Far,11.19,24.07,H,2.27,weak,trotting,0.0187,11.19,24.07
42.51,A,-82,18.75,Far,10.31,21.73,H,1.76,weak,trotting,0.5719,10.31,21.73
42.51,B,-75,17.55,Far,10.31,21.73,H,1.76,weak,trotting,0.5719,10.31,21.73
42.51,C,-77,7.78,Far,10.31,21.73,H,1.76,weak,trotting,0.5719,10.31,21.73
42.51,E,-74,8.36,Far,10.31,21.73,H,1.76,weak,trotting,0.5719,10.31,21.73
42.51,F,-88,8.43,Far,10.31,21.73,H,1.76,weak,trotting,0.5719,10.31,21.73
42.51,H,-82,5.68,Far,10.31,21.73,H,1.76,weak,trotting,0.5719,10.31,21.73
42.51,K,-42,-1.00,Unknown,10.31,21.73,H,1.76,weak,trotting,0.5719,10.31,21.73
42.51,M,-43,-1.00,Unknown,10.31,21.73,H,1.76,weak,trotting,0.5719,10.31,21.73
43.51,A,-83,19.18,Far,8.62,22.56,H,2.91,weak,trotting,0.6150,8.62,22.56
43.51,B,-78,18.13,Far,8.62,22.56,H,2.91,weak,trotting,0.6150,8.62,22.56
43.51,C,-77,8.26,Far,8.62,22.56,H,2.91,weak,trotting,0.6150,8.62,22.56
43.51,E,-75,8.54,Far,8.62,22.56,H,2.91,weak,trotting,0.6150,8.62,22.56
43.51,F,-91,9.03,Far,8.62,22.56,H,2.91,weak,trotting,0.6150,8.62,22.56
43.51,H,-57,-1.00,Unknown,8.62,22.56,H,2.91,weak,trotting,0.6150,8.62,22.56
43.51,K,-55,2.73,Near,8.62,22.56,H,2.91,weak,trotting,0.6150,8.62,22.56
43.51,M,-56,4.66,Far,8.62,22.56,H,2.91,weak,trotting,0.6150,8.62,22.56
44.51,A,-85,20.31,Far,7.99,23.39,H,3.29,weak,trotting,0.2255,7.99,23.39
44.51,B,-79,18.22,Far,7.99,23.39,H,3.29,weak,trotting,0.2255,7.99,23.39
44.51,C,-77,8.47,Far,7.99,23.39,H,3.29,weak,trotting,0.2255,7.99,23.39
44.51,E,-76,8.70,Far,7.99,23.39,H,3.29,weak,trotting,0.2255,7.99,23.39
44.51,F,-93,9.70,Far,7.99,23.39,H,3.29,weak,trotting,0.2255,7.99,23.39
44.51,H,-66,4.71,Far,7.99,23.39,H,3.29,weak,trotting,0.2255,7.99,23.39
44.51,K,-66,3.46,Far,7.99,23.39,H,3.29,weak,trotting,0.2255,7.99,23.39
44.51,M,-66,4.48,Far,7.99,23.39,H,3.29,weak,trotting,0.2255,7.99,23.39
45.51,A,-86,21.31,Far,7.78,23.97,H,3.01,weak,trotting,0.5410,7.78,23.97
45.51,B,-80,18.52,Far,7.78,23.97,H,3.01,weak,trotting,0.5410,7.78,23.97
45.51,C,-76,8.19,Far,7.78,23.97,H,3.01,weak,trotting,0.5410,7.78,23.97
45.51,E,-76,8.85,Far,7.78,23.97,H,3.01,weak,trotting,0.5410,7.78,23.97
45.51,F,-94,9.56,Far,7.78,23.97,H,3.01,weak,trotting,0.5410,7.78,23.97
45.51,H,-72,4.18,Far,7.78,23.97,H,3.01,weak,trotting,0.5410,7.78,23.97
45.51,K,-73,3.90,Far,7.78,23.97,H,3.01,weak,trotting,0.5410,7.78,23.97
45.51,M,-73,4.65,Far,7.78,23.97,H,3.01,weak,trotting,0.5410,7.78,23.97
46.51,A,-85,21.79,Far,7.61,24.39,H,2.88,weak,trotting,0.3063,7.61,24.39
46.51,B,-82,19.51,Far,7.61,24.39,H,2.88,weak,trotting,0.3063,7.61,24.39
46.51,C,-75,7.79,Far,7.61,24.39,H,2.88,weak,trotting,0.3063,7.61,24.39
46.51,E,-77,9.11,Far,7.61,24.39,H,2.88,weak,trotting,0.3063,7.61,24.39
46.51,F,-94,9.78,Far,7.61,24.39,H,2.88,weak,trotting,0.3063,7.61,24.39
46.51,H,-75,3.60,Far,7.61,24.39,H,2.88,weak,trotting,0.3063,7.61,24.39
46.51,K,-77,3.52,Far,7.61,24.39,H,2.88,weak,trotting,0.3063,7.61,24.39
46.51,M,-78,4.65,Far,7.61,24.39,H,2.88,weak,trotting,0.3063,7.61,24.39
47.51,A,-86,22.42,Far,7.68,25.16,H,2.47,weak,trotting,0.4313,7.68,25.16
47.51,B,-84,20.60,Far,7.68,25.16,H,2.47,weak,trotting,0.4313,7.68,25.16
47.51,C,-74,7.30,Far,7.68,25.16,H,2.47,weak,trotting,0.4313,7.68,25.16
47.51,E,-78,9.58,Far,7.68,25.16,H,2.47,weak,trotting,0.4313,7.68,25.16
47.51,F,-95,10.11,Far,7.68,25.16,H,2.47,weak,trotting,0.4313,7.68,25.16
47.51,H,-78,3.38,Far,7.68,25.16,H,2.47,weak,trotting,0.4313,7.68,25.16
47.51,K,-81,3.83,Far,7.68,25.16,H,2.47,weak,trotting,0.4313,7.68,25.16
47.51,M,-81,4.77,Far,7.68,25.16,H,2.47,weak,trotting,0.4313,7.68,25.16
48.51,A,-86,23.03,Far,9.09,23.09,H,3.04,weak,trotting,0.6719,9.09,23.09
48.51,B,-85,21.34,Far,9.09,23.09,H,3.04,weak,trotting,0.6719,9.09,23.09
48.51,C,-74,6.93,Far,9.09,23.09,H,3.04,weak,trotting,0.6719,9.09,23.09
48.51,E,-78,9.78,Far,9.09,23.09,H,3.04,weak,trotting,0.6719,9.09,23.09
48.51,F,-67,-1.00,Unknown,9.09,23.09,H,3.04,weak,trotting,0.6719,9.09,23.09
48.51,H,-80,3.13,Far,9.09,23.09,H,3.04,weak,trotting,0.6719,9.09,23.09
48.51,K,-83,4.08,Far,9.09,23.09,H,3.04,weak,trotting,0.6719,9.09,23.09
48.51,M,-84,4.74,Far,9.09,23.09,H,3.04,weak,trotting,0.6719,9.09,23.09
49.51,A,-86,23.79,Far,10.44,20.99,H,1.09,weak,trotting,0.1541,10.44,20.99
49.51,B,-87,22.76,Far,10.44,20.99,H,1.09,weak,trotting,0.1541,10.44,20.99
49.51,C,-73,6.48,Far,10.44,20.99,H,1.09,weak,trotting,0.1541,10.44,20.99
49.51,E,-78,9.96,Far,10.44,20.99,H,1.09,weak,trotting,0.1541,10.44,20.99
49.51,F,-47,-1.00,Unknown,10.44,20.99,H,1.09,weak,trotting,0.1541,10.44,20.99
49.51,H,-82,3.05,Far,10.44,20.99,H,1.09,weak,trotting,0.1541,10.44,20.99
49.51,K,-85,4.28,Far,10.44,20.99,H,1.09,weak,trotting,0.1541,10.44,20.99
49.51,M,-87,5.26,Far,10.44,20.99,H,1.09,weak,trotting,0.1541,10.44,20.99
50.51,A,-86,24.52,Far,11.79,18.89,H,2.11,weak,trotting,0.5367,11.79,18.89
50.51,B,-88,24.06,Far,11.79,18.89,H,2.11,weak,trotting,0.5367,11.79,18.89
50.51,C,-72,5.97,Far,11.79,18.89,H,2.11,weak,trotting,0.5367,11.79,18.89
50.51,E,-78,10.25,Far,11.79,18.89,H,2.11,weak,trotting,0.5367,11.79,18.89
50.51,F,-33,-1.00,Unknown,11.79,18.89,H,2.11,weak,trotting,0.5367,11.79,18.89
50.51,H,-83,3.07,Far,11.79,18.89,H,2.11,weak,trotting,0.5367,11.79,18.89
50.51,K,-87,4.63,Far,11.79,18.89,H,2.11,weak,trotting,0.5367,11.79,18.89
50.51,M,-89,5.49,Far,11.79,18.89,H,2.11,weak,trotting,0.5367,11.79,18.89
51.51,A,-86,25.00,Far,13.21,16.83,H,4.28,weak,trotting,0.5561,13.21,16.83
51.51,B,-87,24.37,Far,13.21,16.83,H,4.28,weak,trotting,0.5561,13.21,16.83
51.51,C,-71,5.28,Far,13.21,16.83,H,4.28,weak,trotting,0.5561,13.21,16.83
51.51,E,-78,10.53,Far,13.21,16.83,H,4.28,weak,trotting,0.5561,13.21,16.83
51.51,F,-52,10.41,Far,13.21,16.83,H,4.28,weak,trotting,0.5561,13.21,16.83
51.51,H,-83,2.91,Far,13.21,16.83,H,4.28,weak,trotting,0.5561,13.21,16.83
51.51,K,-89,5.09,Far,13.21,16.83,H,4.28,weak,trotting,0.5561,13.21,16.83
51.51,M,-89,5.32,Far,13.21,16.83,H,4.28,weak,trotting,0.5561,13.21,16.83
52.51,A,-86,25.67,Far,13.36,17.84,H,4.00,weak,trotting,0.2432,13.36,17.84
52.51,B,-89,26.16,Far,13.36,17.84,H,4.00,weak,trotting,0.2432,13.36,17.84
52.51,C,-70,4.79,Far,13.36,17.84,H,4.00,weak,trotting,0.2432,13.36,17.84
52.51,E,-79,11.03,Far,13.36,17.84,H,4.00,weak,trotting,0.2432,13.36,17.84
52.51,F,-65,10.67,Far,13.36,17.84,H,4.00,weak,trotting,0.2432,13.36,17.84
52.51,H,-83,2.80,Far,13.36,17.84,H,4.00,weak,trotting,0.2432,13.36,17.84
52.51,K,-91,5.60,Far,13.36,17.84,H,4.00,weak,trotting,0.2432,13.36,17.84
52.51,M,-88,4.76,Far,13.36,17.84,H,4.00,weak,trotting,0.2432,13.36,17.84
53.51,A,-87,26.31,Far,12.52,20.18,H,2.52,weak,trotting,0.4079,12.52,20.18
53.51,B,-89,27.22,Far,12.52,20.18,H,2.52,weak,trotting,0.4079,12.52,20.18
53.51,C,-69,4.42,Far,12.52,20.18,H,2.52,weak,trotting,0.4079,12.52,20.18
53.51,E,-79,11.24,Far,12.52,20.18,H,2.52,weak,trotting,0.4079,12.52,20.18
53.51,F,-74,10.82,Far,12.52,20.18,H,2.52,weak,trotting,0.4079,12.52,20.18
53.51,H,-84,2.80,Near,12.52,20.18,H,2.52,weak,trotting,0.4079,12.52,20.18
53.51,K,-91,5.67,Far,12.52,20.18,H,2.52,weak,trotting,0.4079,12.52,20.18
53.51,M,-89,5.02,Far,12.52,20.18,H,2.52,weak,trotting,0.4079,12.52,20.18
54.51,A,-88,27.46,Far,13.06,17.74,H,3.81,weak,trotting,0.5811,13.06,17.74
54.51,B,-88,26.95,Far,13.06,17.74,H,3.81,weak,trotting,0.5811,13.06,17.74
54.51,C,-69,4.26,Far,13.06,17.74,H,3.81,weak,trotting,0.5811,13.06,17.74
54.51,E,-79,11.57,Far,13.06,17.74,H,3.81,weak,trotting,0.5811,13.06,17.74
54.51,F,-52,-1.00,Unknown,13.06,17.74,H,3.81,weak,trotting,0.5811,13.06,17.74
54.51,H,-84,2.79,Near,13.06,17.74,H,3.81,weak,trotting,0.5811,13.06,17.74
54.51,K,-64,-1.00,Unknown,13.06,17.74,H,3.81,weak,trotting,0.5811,13.06,17.74
54.51,M,-89,4.95,Far,13.06,17.74,H,3.81,weak,trotting,0.5811,13.06,17.74
55.51,A,-88,28.60,Far,12.21,17.85,H,3.08,weak,trotting,0.1605,12.21,17.85
55.51,B,-88,27.76,Far,12.21,17.85,H,3.08,weak,trotting,0.1605,12.21,17.85
55.51,C,-69,4.23,Far,12.21,17.85,H,3.08,weak,trotting,0.1605,12.21,17.85
55.51,E,-79,11.54,Far,12.21,17.85,H,3.08,weak,trotting,0.1605,12.21,17.85
55.51,F,-66,11.18,Far,12.21,17.85,H,3.08,weak,trotting,0.1605,12.21,17.85
55.51,H,-86,3.06,Near,12.21,17.85,H,3.08,weak,trotting,0.1605,12.21,17.85
55.51,K,-73,5.94,Far,12.21,17.85,H,3.08,weak,trotting,0.1605,12.21,17.85
55.51,M,-91,5.42,Far,12.21,17.85,H,3.08,weak,trotting,0.1605,12.21,17.85
56.51,A,-88,29.08,Far,13.83,15.93,H,4.28,weak,trotting,0.0029,13.83,15.93
56.51,B,-61,-1.00,Unknown,13.83,15.93,H,4.28,weak,trotting,0.0029,13.83,15.93
56.51,C,-69,3.88,Far,13.83,15.93,H,4.28,weak,trotting,0.0029,13.83,15.93
56.51,E,-78,11.13,Far,13.83,15.93,H,4.28,weak,trotting,0.0029,13.83,15.93
56.51,F,-46,-1.00,Unknown,13.83,15.93,H,4.28,weak,trotting,0.0029,13.83,15.93
56.51,H,-86,3.08,Far,13.83,15.93,H,4.28,weak,trotting,0.0029,13.83,15.93
56.51,K,-80,6.66,Far,13.83,15.93,H,4.28,weak,trotting,0.0029,13.83,15.93
56.51,M,-91,5.62,Far,13.83,15.93,H,4.28,weak,trotting,0.0029,13.83,15.93
57.51,A,-86,28.28,Far,14.25,15.50,H,4.50,weak,walking,0.0188,14.25,15.50
57.51,B,-43,-1.00,Unknown,14.25,15.50,H,4.50,weak,walking,0.0188,14.25,15.50
57.51,C,-67,3.13,Far,14.25,15.50,H,4.50,weak,walking,0.0188,14.25,15.50
57.51,E,-77,10.58,Far,14.25,15.50,H,4.50,weak,walking,0.0188,14.25,15.50
57.51,F,-32,-1.00,Unknown,14.25,15.50,H,4.50,weak,walking,0.0188,14.25,15.50
57.51,H,-86,3.01,Far,14.25,15.50,H,4.50,weak,walking,0.0188,14.25,15.50
57.51,K,-84,7.26,Far,14.25,15.50,H,4.50,weak,walking,0.0188,14.25,15.50
57.51,M,-64,-1.00,Unknown,14.25,15.50,H,4.50,weak,walking,0.0188,14.25,15.50
58.51,A,-85,27.22,Far,14.26,15.51,H,4.52,weak,stationary,0.0010,14.26,15.51
58.51,B,-30,-1.00,Unknown,14.26,15.51,H,4.52,weak,stationary,0.0010,14.26,15.51
58.51,C,-66,2.68,Far,14.26,15.51,H,4.52,weak,stationary,0.0010,14.26,15.51
58.51,E,-77,10.13,Far,14.26,15.51,H,4.52,weak,stationary,0.0010,14.26,15.51
58.51,F,-51,10.92,Far,14.26,15.51,H,4.52,weak,stationary,0.0010,14.26,15.51
58.51,H,-86,3.12,Far,14.26,15.51,H,4.52,weak,stationary,0.0010,14.26,15.51
58.51,K,-86,6.35,Far,14.26,15.51,H,4.52,weak,stationary,0.0010,14.26,15.51
58.51,M,-73,6.14,Far,14.26,15.51,H,4.52,weak,stationary,0.0010,14.26,15.51
59.51,A,-84,25.49,Far,16.21,17.07,H,4.79,weak,trotting,0.1308,16.21,17.07
59.51,B,-21,-1.00,Unknown,16.21,17.07,H,4.79,weak,trotting,0.1308,16.21,17.07
59.51,C,-66,2.55,Near,16.21,17.07,H,4.79,weak,trotting,0.1308,16.21,17.07
59.51,E,-75,9.36,Far,16.21,17.07,H,4.79,weak,trotting,0.1308,16.21,17.07
59.51,F,-64,11.03,Far,16.21,17.07,H,4.79,weak,trotting,0.1308,16.21,17.07
59.51,H,-88,3.57,Far,16.21,17.07,H,4.79,weak,trotting,0.1308,16.21,17.07
59.51,K,-87,5.97,Far,16.21,17.07,H,4.79,weak,trotting,0.1308,16.21,17.07
59.51,M,-80,6.57,Far,16.21,17.07,H,4.79,weak,trotting,0.1308,16.21,17.07
60.51,A,-83,25.12,Far,17.62,18.88,H,2.63,weak,trotting,0.5730,17.62,18.88
60.51,B,-41,33.83,Far,17.62,18.88,H,2.63,weak,trotting,0.5730,17.62,18.88
60.51,C,-66,2.60,Near,17.62,18.88,H,2.63,weak,trotting,0.5730,17.62,18.88
60.51,E,-78,10.12,Far,17.62,18.88,H,2.63,weak,trotting,0.5730,17.62,18.88
60.51,F,-74,11.39,Far,17.62,18.88,H,2.63,weak,trotting,0.5730,17.62,18.88
60.51,H,-89,3.97,Far,17.62,18.88,H,2.63,weak,trotting,0.5730,17.62,18.88
60.51,K,-88,5.84,Far,17.62,18.88,H,2.63,weak,trotting,0.5730,17.62,18.88
60.51,M,-82,5.65,Far,17.62,18.88,H,2.63,weak,trotting,0.5730,17.62,18.88
61.51,A,-83,24.15,Far,17.11,20.79,H,3.00,weak,trotting,0.3720,17.11,20.79
61.51,B,-55,33.98,Far,17.11,20.79,H,3.00,weak,trotting,0.3720,17.11,20.79
61.51,C,-67,2.77,Far,17.11,20.79,H,3.00,weak,trotting,0.3720,17.11,20.79
61.51,E,-79,10.73,Far,17.11,20.79,H,3.00,weak,trotting,0.3720,17.11,20.79
61.51,F,-81,11.65,Far,17.11,20.79,H,3.00,weak,trotting,0.3720,17.11,20.79
61.51,H,-88,3.65,Far,17.11,20.79,H,3.00,weak,trotting,0.3720,17.11,20.79
61.51,K,-89,5.98,Far,17.11,20.79,H,3.00,weak,trotting,0.3720,17.11,20.79
61.51,M,-85,5.83,Far,17.11,20.79,H,3.00,weak,trotting,0.3720,17.11,20.79
62.51,A,-82,23.32,Far,15.43,22.66,H,5.28,weak,trotting,0.2456,15.43,22.66
62.51,B,-66,35.14,Far,15.43,22.66,H,5.28,weak,trotting,0.2456,15.43,22.66
62.51,C,-68,2.98,Far,15.43,22.66,H,5.28,weak,trotting,0.2456,15.43,22.66
62.51,E,-79,10.64,Far,15.43,22.66,H,5.28,weak,trotting,0.2456,15.43,22.66
62.51,F,-86,12.27,Far,15.43,22.66,H,5.28,weak,trotting,0.2456,15.43,22.66
62.51,H,-86,2.82,Near,15.43,22.66,H,5.28,weak,trotting,0.2456,15.43,22.66
62.51,K,-90,6.10,Far,15.43,22.66,H,5.28,weak,trotting,0.2456,15.43,22.66
62.51,M,-87,5.99,Far,15.43,22.66,H,5.28,weak,trotting,0.2456,15.43,22.66
63.51,A,-83,23.62,Far,13.45,24.18,H,3.90,weak,trotting,0.8393,13.45,24.18
63.51,B,-72,34.46,Far,13.45,24.18,H,3.90,weak,trotting,0.8393,13.45,24.18
63.51,C,-70,3.40,Far,13.45,24.18,H,3.90,weak,trotting,0.8393,13.45,24.18
63.51,E,-78,10.72,Far,13.45,24.18,H,3.90,weak,trotting,0.8393,13.45,24.18
63.51,F,-90,12.59,Far,13.45,24.18,H,3.90,weak,trotting,0.8393,13.45,24.18
63.51,H,-84,2.37,Near,13.45,24.18,H,3.90,weak,trotting,0.8393,13.45,24.18
63.51,K,-91,6.32,Far,13.45,24.18,H,3.90,weak,trotting,0.8393,13.45,24.18
63.51,M,-88,5.85,Far,13.45,24.18,H,3.90,weak,trotting,0.8393,13.45,24.18
64.51,A,-84,23.92,Far,11.93,25.06,H,2.15,weak,trotting,0.3748,11.93,25.06
64.51,B,-75,33.45,Far,11.93,25.06,H,2.15,weak,trotting,0.3748,11.93,25.06
64.51,C,-72,3.95,Far,11.93,25.06,H,2.15,weak,trotting,0.3748,11.93,25.06
64.51,E,-79,11.08,Far,11.93,25.06,H,2.15,weak,trotting,0.3748,11.93,25.06
64.51,F,-92,12.86,Far,11.93,25.06,H,2.15,weak,trotting,0.3748,11.93,25.06
64.51,H,-83,2.24,Near,11.93,25.06,H,2.15,weak,trotting,0.3748,11.93,25.06
64.51,K,-91,6.27,Far,11.93,25.06,H,2.15,weak,trotting,0.3748,11.93,25.06
64.51,M,-88,5.61,Far,11.93,25.06,H,2.15,weak,trotting,0.3748,11.93,25.06
65.51,A,-84,24.19,Far,10.62,25.21,H,1.00,weak,trotting,0.4229,10.62,25.21
65.51,B,-79,33.90,Far,10.62,25.21,H,1.00,weak,trotting,0.4229,10.62,25.21
65.51,C,-74,4.60,Far,10.62,25.21,H,1.00,weak,trotting,0.4229,10.62,25.21
65.51,E,-78,10.94,Far,10.62,25.21,H,1.00,weak,trotting,0.4229,10.62,25.21
65.51,F,-94,13.08,Far,10.62,25.21,H,1.00,weak,trotting,0.4229,10.62,25.21
65.51,H,-84,2.29,Near,10.62,25.21,H,1.00,weak,trotting,0.4229,10.62,25.21
65.51,K,-91,6.09,Far,10.62,25.21,H,1.00,weak,trotting,0.4229,10.62,25.21
65.51,M,-88,5.42,Far,10.62,25.21,H,1.00,weak,trotting,0.4229,10.62,25.21
66.51,A,-84,24.21,Far,9.52,25.16,H,0.96,weak,trotting,0.6071,9.52,25.16
66.51,B,-82,34.58,Far,9.52,25.16,H,0.96,weak,trotting,0.6071,9.52,25.16
66.51,C,-75,5.15,Far,9.52,25.16,H,0.96,weak,trotting,0.6071,9.52,25.16
66.51,E,-78,10.82,Far,9.52,25.16,H,0.96,weak,trotting,0.6071,9.52,25.16
66.51,F,-94,12.57,Far,9.52,25.16,H,0.96,weak,trotting,0.6071,9.52,25.16
66.51,H,-83,2.10,Near,9.52,25.16,H,0.96,weak,trotting,0.6071,9.52,25.16
66.51,K,-91,6.07,Far,9.52,25.16,H,0.96,weak,trotting,0.6071,9.52,25.16
66.51,M,-90,5.61,Far,9.52,25.16,H,0.96,weak,trotting,0.6071,9.52,25.16
67.51,A,-84,24.47,Far,8.93,24.99,H,1.47,weak,trotting,0.0402,8.93,24.99
67.51,B,-82,32.64,Far,8.93,24.99,H,1.47,weak,trotting,0.0402,8.93,24.99
67.51,C,-76,5.80,Far,8.93,24.99,H,1.47,weak,trotting,0.0402,8.93,24.99
67.51,E,-78,11.03,Far,8.93,24.99,H,1.47,weak,trotting,0.0402,8.93,24.99
67.51,F,-94,11.66,Far,8.93,24.99,H,1.47,weak,trotting,0.0402,8.93,24.99
67.51,H,-82,1.83,Near,8.93,24.99,H,1.47,weak,trotting,0.0402,8.93,24.99
67.51,K,-91,6.28,Far,8.93,24.99,H,1.47,weak,trotting,0.0402,8.93,24.99
67.51,M,-89,5.42,Far,8.93,24.99,H,1.47,weak,trotting,0.0402,8.93,24.99
68.51,A,-85,24.93,Far,8.39,25.08,H,1.85,weak,trotting,0.2306,8.39,25.08
68.51,B,-83,31.87,Far,8.39,25.08,H,1.85,weak,trotting,0.2306,8.39,25.08
68.51,C,-77,6.50,Far,8.39,25.08,H,1.85,weak,trotting,0.2306,8.39,25.08
68.51,E,-79,11.37,Far,8.39,25.08,H,1.85,weak,trotting,0.2306,8.39,25.08
68.51,F,-94,10.97,Far,8.39,25.08,H,1.85,weak,trotting,0.2306,8.39,25.08
68.51,H,-80,1.36,Near,8.39,25.08,H,1.85,weak,trotting,0.2306,8.39,25.08
68.51,K,-92,6.58,Far,8.39,25.08,H,1.85,weak,trotting,0.2306,8.39,25.08
68.51,M,-91,5.79,Far,8.39,25.08,H,1.85,weak,trotting,0.2306,8.39,25.08
69.51,A,-85,24.89,Far,7.88,25.19,H,2.27,weak,trotting,0.0645,7.88,25.19
69.51,B,-83,31.54,Far,7.88,25.19,H,2.27,weak,trotting,0.0645,7.88,25.19
69.51,C,-78,7.25,Far,7.88,25.19,H,2.27,weak,trotting,0.0645,7.88,25.19
69.51,E,-79,11.53,Far,7.88,25.19,H,2.27,weak,trotting,0.0645,7.88,25.19
69.51,F,-95,11.45,Far,7.88,25.19,H,2.27,weak,trotting,0.0645,7.88,25.19
69.51,H,-78,1.01,Near,7.88,25.19,H,2.27,weak,trotting,0.0645,7.88,25.19
69.51,K,-93,6.94,Far,7.88,25.19,H,2.27,weak,trotting,0.0645,7.88,25.19
69.51,M,-92,6.13,Far,7.88,25.19,H,2.27,weak,trotting,0.0645,7.88,25.19
70.51,A,-84,24.86,Far,7.57,25.32,H,2.53,weak,trotting,0.7117,7.57,25.32
70.51,B,-84,31.55,Far,7.57,25.32,H,2.53,weak,trotting,0.7117,7.57,25.32
70.51,C,-78,7.46,Far,7.57,25.32,H,2.53,weak,trotting,0.7117,7.57,25.32
70.51,E,-79,11.68,Far,7.57,25.32,H,2.53,weak,trotting,0.7117,7.57,25.32
70.51,F,-95,11.25,Far,7.57,25.32,H,2.53,weak,trotting,0.7117,7.57,25.32
70.51,H,-77,0.88,Near,7.57,25.32,H,2.53,weak,trotting,0.7117,7.57,25.32
70.51,K,-93,7.17,Far,7.57,25.32,H,2.53,weak,trotting,0.7117,7.57,25.32
70.51,M,-89,4.94,Far,7.57,25.32,H,2.53,weak,trotting,0.7117,7.57,25.32
71.51,A,-84,24.55,Far,7.13,25.76,H,2.88,weak,trotting,0.3008,7.13,25.76
71.51,B,-84,30.91,Far,7.13,25.76,H,2.88,weak,trotting,0.3008,7.13,25.76
71.51,C,-77,7.77,Far,7.13,25.76,H,2.88,weak,trotting,0.3008,7.13,25.76
71.51,E,-78,11.25,Far,7.13,25.76,H,2.88,weak,trotting,0.3008,7.13,25.76
71.51,F,-95,10.89,Far,7.13,25.76,H,2.88,weak,trotting,0.3008,7.13,25.76
71.51,H,-75,0.67,Near,7.13,25.76,H,2.88,weak,trotting,0.3008,7.13,25.76
71.51,K,-94,7.38,Far,7.13,25.76,H,2.88,weak,trotting,0.3008,7.13,25.76
71.51,M,-90,5.08,Far,7.13,25.76,H,2.88,weak,trotting,0.3008,7.13,25.76
72.51,A,-83,23.98,Far,6.73,25.92,H,3.27,weak,walking,0.1385,6.73,25.92
72.51,B,-84,30.33,Far,6.73,25.92,H,3.27,weak,walking,0.1385,6.73,25.92
72.51,C,-78,8.16,Far,6.73,25.92,H,3.27,weak,walking,0.1385,6.73,25.92
72.51,E,-77,10.89,Far,6.73,25.92,H,3.27,weak,walking,0.1385,6.73,25.92
72.51,F,-95,10.77,Far,6.73,25.92,H,3.27,weak,walking,0.1385,6.73,25.92
72.51,H,-72,0.34,Immediate,6.73,25.92,H,3.27,weak,walking,0.1385,6.73,25.92
72.51,K,-95,7.88,Far,6.73,25.92,H,3.27,weak,walking,0.1385,6.73,25.92
72.51,M,-91,5.39,Far,6.73,25.92,H,3.27,weak,walking,0.1385,6.73,25.92
73.51,A,-83,23.76,Far,5.66,23.66,H,4.93,weak,trotting,0.5787,5.66,23.66
73.51,B,-86,31.45,Far,5.66,23.66,H,4.93,weak,trotting,0.5787,5.66,23.66
73.51,C,-78,8.52,Far,5.66,23.66,H,4.93,weak,trotting,0.5787,5.66,23.66
73.51,E,-77,10.60,Far,5.66,23.66,H,4.93,weak,trotting,0.5787,5.66,23.66
73.51,F,-95,10.84,Far,5.66,23.66,H,4.93,weak,trotting,0.5787,5.66,23.66
73.51,H,-71,0.35,Immediate,5.66,23.66,H,4.93,weak,trotting,0.5787,5.66,23.66
73.51,K,-66,-1.00,Unknown,5.66,23.66,H,4.93,weak,trotting,0.5787,5.66,23.66
73.51,M,-91,5.58,Far,5.66,23.66,H,4.93,weak,trotting,0.5787,5.66,23.66
74.51,A,-82,22.25,Far,5.25,23.20,H,5.51,weak,trotting,0.6481,5.25,23.20
74.51,B,-85,30.03,Far,5.25,23.20,H,5.51,weak,trotting,0.6481,5.25,23.20
74.51,C,-77,8.56,Far,5.25,23.20,H,5.51,weak,trotting,0.6481,5.25,23.20
74.51,E,-78,10.83,Far,5.25,23.20,H,5.51,weak,trotting,0.6481,5.25,23.20
74.51,F,-95,10.55,Far,5.25,23.20,H,5.51,weak,trotting,0.6481,5.25,23.20
74.51,H,-72,0.48,Near,5.25,23.20,H,5.51,weak,trotting,0.6481,5.25,23.20
74.51,K,-75,8.25,Far,5.25,23.20,H,5.51,weak,trotting,0.6481,5.25,23.20
74.51,M,-91,5.65,Far,5.25,23.20,H,5.51,weak,trotting,0.6481,5.25,23.20
75.51,A,-80,20.22,Far,5.68,22.89,H,5.19,weak,trotting,0.1116,5.68,22.89
75.51,B,-86,30.81,Far,5.68,22.89,H,5.19,weak,trotting,0.1116,5.68,22.89
75.51,C,-76,8.26,Far,5.68,22.89,H,5.19,weak,trotting,0.1116,5.68,22.89
75.51,E,-77,10.34,Far,5.68,22.89,H,5.19,weak,trotting,0.1116,5.68,22.89
75.51,F,-95,10.64,Far,5.68,22.89,H,5.19,weak,trotting,0.1116,5.68,22.89
75.51,H,-77,0.81,Near,5.68,22.89,H,5.19,weak,trotting,0.1116,5.68,22.89
75.51,K,-80,8.15,Far,5.68,22.89,H,5.19,weak,trotting,0.1116,5.68,22.89
75.51,M,-91,5.58,Far,5.68,22.89,H,5.19,weak,trotting,0.1116,5.68,22.89
76.51,A,-80,19.00,Far,6.08,22.68,H,4.75,weak,trotting,0.8027,6.08,22.68
76.51,B,-87,31.77,Far,6.08,22.68,H,4.75,weak,trotting,0.8027,6.08,22.68
76.51,C,-76,8.33,Far,6.08,22.68,H,4.75,weak,trotting,0.8027,6.08,22.68
76.51,E,-75,9.02,Far,6.08,22.68,H,4.75,weak,trotting,0.8027,6.08,22.68
76.51,F,-95,10.72,Far,6.08,22.68,H,4.75,weak,trotting,0.8027,6.08,22.68
76.51,H,-81,1.23,Near,6.08,22.68,H,4.75,weak,trotting,0.8027,6.08,22.68
76.51,K,-84,8.07,Far,6.08,22.68,H,4.75,weak,trotting,0.8027,6.08,22.68
76.51,M,-91,5.65,Far,6.08,22.68,H,4.75,weak,trotting,0.8027,6.08,22.68
77.51,A,-80,18.54,Far,6.33,22.65,H,4.53,weak,trotting,0.3491,6.33,22.65
77.51,B,-87,31.76,Far,6.33,22.65,H,4.53,weak,trotting,0.3491,6.33,22.65
77.51,C,-76,8.39,Far,6.33,22.65,H,4.53,weak,trotting,0.3491,6.33,22.65
77.51,E,-74,8.30,Far,6.33,22.65,H,4.53,weak,trotting,0.3491,6.33,22.65
77.51,F,-94,9.79,Far,6.33,22.65,H,4.53,weak,trotting,0.3491,6.33,22.65
77.51,H,-82,1.53,Near,6.33,22.65,H,4.53,weak,trotting,0.3491,6.33,22.65
77.51,K,-87,8.02,Far,6.33,22.65,H,4.53,weak,trotting,0.3491,6.33,22.65
77.51,M,-91,5.81,Far,6.33,22.65,H,4.53,weak,trotting,0.3491,6.33,22.65
78.51,A,-80,17.87,Far,6.29,22.59,H,4.52,weak,trotting,0.4933,6.29,22.59
78.51,B,-86,31.09,Far,6.29,22.59,H,4.52,weak,trotting,0.4933,6.29,22.59
78.51,C,-76,8.58,Far,6.29,22.59,H,4.52,weak,trotting,0.4933,6.29,22.59
78.51,E,-72,6.90,Far,6.29,22.59,H,4.52,weak,trotting,0.4933,6.29,22.59
78.51,F,-94,9.66,Far,6.29,22.59,H,4.52,weak,trotting,0.4933,6.29,22.59
78.51,H,-82,1.69,Near,6.29,22.59,H,4.52,weak,trotting,0.4933,6.29,22.59
78.51,K,-88,7.80,Far,6.29,22.59,H,4.52,weak,trotting,0.4933,6.29,22.59
78.51,M,-91,5.58,Far,6.29,22.59,H,4.52,weak,trotting,0.4933,6.29,22.59
79.51,A,-80,17.54,Far,6.09,21.98,H,4.39,weak,trotting,0.7880,6.09,21.98
79.51,B,-85,30.50,Far,6.09,21.98,H,4.39,weak,trotting,0.7880,6.09,21.98
79.51,C,-78,9.19,Far,6.09,21.98,H,4.39,weak,trotting,0.7880,6.09,21.98
79.51,E,-70,5.57,Far,6.09,21.98,H,4.39,weak,trotting,0.7880,6.09,21.98
79.51,F,-95,9.84,Far,6.09,21.98,H,4.39,weak,trotting,0.7880,6.09,21.98
79.51,H,-85,2.14,Near,6.09,21.98,H,4.39,weak,trotting,0.7880,6.09,21.98
79.51,K,-90,8.07,Far,6.09,21.98,H,4.39,weak,trotting,0.7880,6.09,21.98
79.51,M,-91,5.85,Far,6.09,21.98,H,4.39,weak,trotting,0.7880,6.09,21.98
80.51,A,-80,17.24,Far,6.06,21.51,H,4.22,weak,trotting,0.0449,6.06,21.51
80.51,B,-84,29.21,Far,6.06,21.51,H,4.22,weak,trotting,0.0449,6.06,21.51
80.51,C,-79,9.87,Far,6.06,21.51,H,4.22,weak,trotting,0.0449,6.06,21.51
80.51,E,-70,5.30,Far,6.06,21.51,H,4.22,weak,trotting,0.0449,6.06,21.51
80.51,F,-95,10.01,Far,6.06,21.51,H,4.22,weak,trotting,0.0449,6.06,21.51
80.51,H,-86,2.41,Near,6.06,21.51,H,4.22,weak,trotting,0.0449,6.06,21.51
80.51,K,-92,8.31,Far,6.06,21.51,H,4.22,weak,trotting,0.0449,6.06,21.51
80.51,M,-91,5.98,Far,6.06,21.51,H,4.22,weak,trotting,0.0449,6.06,21.51
81.51,A,-79,16.19,Far,6.04,20.90,E,4.06,weak,trotting,0.7326,6.04,20.90
81.51,B,-84,28.11,Far,6.04,20.90,E,4.06,weak,trotting,0.7326,6.04,20.90
81.51,C,-80,10.64,Far,6.04,20.90,E,4.06,weak,trotting,0.7326,6.04,20.90
81.51,E,-70,4.96,Far,6.04,20.90,E,4.06,weak,trotting,0.7326,6.04,20.90
81.51,F,-95,10.16,Far,6.04,20.90,E,4.06,weak,trotting,0.7326,6.04,20.90
81.51,H,-86,2.63,Far,6.04,20.90,E,4.06,weak,trotting,0.7326,6.04,20.90
81.51,K,-91,7.67,Far,6.04,20.90,E,4.06,weak,trotting,0.7326,6.04,20.90
81.51,M,-91,5.98,Far,6.04,20.90,E,4.06,weak,trotting,0.7326,6.04,20.90
82.51,A,-79,15.58,Far,5.63,20.36,E,4.39,weak,trotting,0.5078,5.63,20.36
82.51,B,-85,28.56,Far,5.63,20.36,E,4.39,weak,trotting,0.5078,5.63,20.36
82.51,C,-81,11.28,Far,5.63,20.36,E,4.39,weak,trotting,0.5078,5.63,20.36
82.51,E,-68,3.80,Far,5.63,20.36,E,4.39,weak,trotting,0.5078,5.63,20.36
82.51,F,-95,9.78,Far,5.63,20.36,E,4.39,weak,trotting,0.5078,5.63,20.36
82.51,H,-87,2.95,Far,5.63,20.36,E,4.39,weak,trotting,0.5078,5.63,20.36
82.51,K,-90,6.81,Far,5.63,20.36,E,4.39,weak,trotting,0.5078,5.63,20.36
82.51,M,-91,5.99,Far,5.63,20.36,E,4.39,weak,trotting,0.5078,5.63,20.36
83.51,A,-78,15.06,Far,4.86,19.91,E,4.86,weak,trotting,0.1286,4.86,19.91
83.51,B,-85,28.51,Far,4.86,19.91,E,4.86,weak,trotting,0.1286,4.86,19.91
83.51,C,-81,11.89,Far,4.86,19.91,E,4.86,weak,trotting,0.1286,4.86,19.91
83.51,E,-64,2.01,Far,4.86,19.91,E,4.86,weak,trotting,0.1286,4.86,19.91
83.51,F,-94,9.07,Far,4.86,19.91,E,4.86,weak,trotting,0.1286,4.86,19.91
83.51,H,-88,3.40,Far,4.86,19.91,E,4.86,weak,trotting,0.1286,4.86,19.91
83.51,K,-90,6.21,Far,4.86,19.91,E,4.86,weak,trotting,0.1286,4.86,19.91
83.51,M,-92,6.31,Far,4.86,19.91,E,4.86,weak,trotting,0.1286,4.86,19.91
84.51,A,-78,14.37,Far,4.12,19.61,E,4.14,weak,trotting,0.0304,4.12,19.61
84.51,B,-84,27.85,Far,4.12,19.61,E,4.14,weak,trotting,0.0304,4.12,19.61
84.51,C,-82,12.58,Far,4.12,19.61,E,4.14,weak,trotting,0.0304,4.12,19.61
84.51,E,-61,1.36,Near,4.12,19.61,E,4.14,weak,trotting,0.0304,4.12,19.61
84.51,F,-92,8.32,Far,4.12,19.61,E,4.14,weak,trotting,0.0304,4.12,19.61
84.51,H,-89,3.82,Far,4.12,19.61,E,4.14,weak,trotting,0.0304,4.12,19.61
84.51,K,-90,6.06,Far,4.12,19.61,E,4.14,weak,trotting,0.0304,4.12,19.61
84.51,M,-92,6.49,Far,4.12,19.61,E,4.14,weak,trotting,0.0304,4.12,19.61
85.51,A,-78,14.22,Far,4.11,19.61,E,4.13,weak,stationary,0.0010,4.11,19.61
85.51,B,-85,28.52,Far,4.11,19.61,E,4.13,weak,stationary,0.0010,4.11,19.61
85.51,C,-82,13.37,Far,4.11,19.61,E,4.13,weak,stationary,0.0010,4.11,19.61
85.51,E,-60,1.09,Near,4.11,19.61,E,4.13,weak,stationary,0.0010,4.11,19.61
85.51,F,-93,8.38,Far,4.11,19.61,E,4.13,weak,stationary,0.0010,4.11,19.61
85.51,H,-91,4.34,Far,4.11,19.61,E,4.13,weak,stationary,0.0010,4.11,19.61
85.51,K,-91,6.35,Far,4.11,19.61,E,4.13,weak,stationary,0.0010,4.11,19.61
85.51,M,-93,6.87,Far,4.11,19.61,E,4.13,weak,stationary,0.0010,4.11,19.61
86.51,A,-79,14.08,Far,4.09,19.61,E,4.11,weak,stationary,0.0102,4.09,19.61
86.51,B,-86,29.36,Far,4.09,19.61,E,4.11,weak,stationary,0.0102,4.09,19.61
86.51,C,-85,14.67,Far,4.09,19.61,E,4.11,weak,stationary,0.0102,4.09,19.61
86.51,E,-59,0.93,Near,4.09,19.61,E,4.11,weak,stationary,0.0102,4.09,19.61
86.51,F,-94,8.56,Far,4.09,19.61,E,4.11,weak,stationary,0.0102,4.09,19.61
86.51,H,-92,4.83,Far,4.09,19.61,E,4.11,weak,stationary,0.0102,4.09,19.61
86.51,K,-91,6.42,Far,4.09,19.61,E,4.11,weak,stationary,0.0102,4.09,19.61
86.51,M,-94,7.31,Far,4.09,19.61,E,4.11,weak,stationary,0.0102,4.09,19.61
87.51,A,-79,13.95,Far,4.10,19.62,E,4.12,weak,stationary,0.0154,4.10,19.62
87.51,B,-86,29.51,Far,4.10,19.62,E,4.12,weak,stationary,0.0154,4.10,19.62
87.51,C,-59,-1.00,Unknown,4.10,19.62,E,4.12,weak,stationary,0.0154,4.10,19.62
87.51,E,-58,0.83,Near,4.10,19.62,E,4.12,weak,stationary,0.0154,4.10,19.62
87.51,F,-65,-1.00,Unknown,4.10,19.62,E,4.12,weak,stationary,0.0154,4.10,19.62
87.51,H,-92,5.29,Far,4.10,19.62,E,4.12,weak,stationary,0.0154,4.10,19.62
87.51,K,-92,6.59,Far,4.10,19.62,E,4.12,weak,stationary,0.0154,4.10,19.62
87.51,M,-95,7.73,Far,4.10,19.62,E,4.12,weak,stationary,0.0154,4.10,19.62
88.51,A,-80,14.47,Far,4.11,19.63,E,4.12,weak,stationary,0.2916,4.11,19.63
88.51,B,-86,29.07,Far,4.11,19.63,E,4.12,weak,stationary,0.2916,4.11,19.63
88.51,C,-70,17.61,Far,4.11,19.63,E,4.12,weak,stationary,0.2916,4.11,19.63
88.51,E,-57,0.77,Near,4.11,19.63,E,4.12,weak,stationary,0.2916,4.11,19.63
88.51,F,-75,8.84,Far,4.11,19.63,E,4.12,weak,stationary,0.2916,4.11,19.63
88.51,H,-92,5.41,Far,4.11,19.63,E,4.12,weak,stationary,0.2916,4.11,19.63
88.51,K,-92,6.74,Far,4.11,19.63,E,4.12,weak,stationary,0.2916,4.11,19.63
88.51,M,-95,8.21,Far,4.11,19.63,E,4.12,weak,stationary,0.2916,4.11,19.63
89.51,A,-81,14.82,Far,3.71,20.09,E,3.71,weak,trotting,0.2748,3.71,20.09
89.51,B,-85,27.96,Far,3.71,20.09,E,3.71,weak,trotting,0.2748,3.71,20.09
89.51,C,-75,18.50,Far,3.71,20.09,E,3.71,weak,trotting,0.2748,3.71,20.09
89.51,E,-58,0.84,Near,3.71,20.09,E,3.71,weak,trotting,0.2748,3.71,20.09
89.51,F,-82,9.50,Far,3.71,20.09,E,3.71,weak,trotting,0.2748,3.71,20.09
89.51,H,-91,5.38,Far,3.71,20.09,E,3.71,weak,trotting,0.2748,3.71,20.09
89.51,K,-92,6.87,Far,3.71,20.09,E,3.71,weak,trotting,0.2748,3.71,20.09
89.51,M,-95,8.43,Far,3.71,20.09,E,3.71,weak,trotting,0.2748,3.71,20.09
90.51,A,-81,15.16,Far,5.94,18.95,E,4.19,weak,trotting,0.7609,5.94,18.95
90.51,B,-83,25.73,Far,5.94,18.95,E,4.19,weak,trotting,0.7609,5.94,18.95
90.51,C,-77,18.55,Far,5.94,18.95,E,4.19,weak,trotting,0.7609,5.94,18.95
90.51,E,-61,1.13,Near,5.94,18.95,E,4.19,weak,trotting,0.7609,5.94,18.95
90.51,F,-57,-1.00,Unknown,5.94,18.95,E,4.19,weak,trotting,0.7609,5.94,18.95
90.51,H,-64,-1.00,Unknown,5.94,18.95,E,4.19,weak,trotting,0.7609,5.94,18.95
90.51,K,-92,6.58,Far,5.94,18.95,E,4.19,weak,trotting,0.7609,5.94,18.95
90.51,M,-95,8.48,Far,5.94,18.95,E,4.19,weak,trotting,0.7609,5.94,18.95
91.51,A,-82,15.77,Far,7.85,20.56,E,2.22,weak,trotting,0.5865,7.85,20.56
91.51,B,-82,24.72,Far,7.85,20.56,E,2.22,weak,trotting,0.5865,7.85,20.56
91.51,C,-78,18.59,Far,7.85,20.56,E,2.22,weak,trotting,0.5865,7.85,20.56
91.51,E,-64,1.54,Near,7.85,20.56,E,2.22,weak,trotting,0.5865,7.85,20.56
91.51,F,-69,9.57,Far,7.85,20.56,E,2.22,weak,trotting,0.5865,7.85,20.56
91.51,H,-74,5.92,Far,7.85,20.56,E,2.22,weak,trotting,0.5865,7.85,20.56
91.51,K,-91,6.48,Far,7.85,20.56,E,2.22,weak,trotting,0.5865,7.85,20.56
91.51,M,-66,-1.00,Unknown,7.85,20.56,E,2.22,weak,trotting,0.5865,7.85,20.56
92.51,A,-83,16.49,Far,10.36,20.62,E,0.71,weak,trotting,0.4017,10.36,20.62
92.51,B,-81,23.12,Far,10.36,20.62,E,0.71,weak,trotting,0.4017,10.36,20.62
92.51,C,-78,16.71,Far,10.36,20.62,E,0.71,weak,trotting,0.4017,10.36,20.62
92.51,E,-67,2.06,Far,10.36,20.62,E,0.71,weak,trotting,0.4017,10.36,20.62
92.51,F,-48,-1.00,Unknown,10.36,20.62,E,0.71,weak,trotting,0.4017,10.36,20.62
92.51,H,-79,6.10,Far,10.36,20.62,E,0.71,weak,trotting,0.4017,10.36,20.62
92.51,K,-64,-1.00,Unknown,10.36,20.62,E,0.71,weak,trotting,0.4017,10.36,20.62
92.51,M,-46,-1.00,Unknown,10.36,20.62,E,0.71,weak,trotting,0.4017,10.36,20.62
93.51,A,-83,16.71,Far,11.78,18.57,E,2.28,weak,trotting,0.8078,11.78,18.57
93.51,B,-80,20.99,Far,11.78,18.57,E,2.28,weak,trotting,0.8078,11.78,18.57
93.51,C,-77,14.97,Far,11.78,18.57,E,2.28,weak,trotting,0.8078,11.78,18.57
93.51,E,-71,2.69,Far,11.78,18.57,E,2.28,weak,trotting,0.8078,11.78,18.57
93.51,F,-34,-1.00,Unknown,11.78,18.57,E,2.28,weak,trotting,0.8078,11.78,18.57
93.51,H,-83,6.38,Far,11.78,18.57,E,2.28,weak,trotting,0.8078,11.78,18.57
93.51,K,-73,6.84,Far,11.78,18.57,E,2.28,weak,trotting,0.8078,11.78,18.57
93.51,M,-61,8.79,Far,11.78,18.57,E,2.28,weak,trotting,0.8078,11.78,18.57
94.51,A,-81,15.96,Far,13.23,16.53,E,4.10,weak,trotting,0.2141,13.23,16.53
94.51,B,-79,19.32,Far,13.23,16.53,E,4.10,weak,trotting,0.2141,13.23,16.53
94.51,C,-77,14.25,Far,13.23,16.53,E,4.10,weak,trotting,0.2141,13.23,16.53
94.51,E,-72,3.31,Far,13.23,16.53,E,4.10,weak,trotting,0.2141,13.23,16.53
94.51,F,-51,8.60,Far,13.23,16.53,E,4.10,weak,trotting,0.2141,13.23,16.53
94.51,H,-85,5.77,Far,13.23,16.53,E,4.10,weak,trotting,0.2141,13.23,16.53
94.51,K,-79,6.84,Far,13.23,16.53,E,4.10,weak,trotting,0.2141,13.23,16.53
94.51,M,-71,9.06,Far,13.23,16.53,E,4.10,weak,trotting,0.2141,13.23,16.53
95.51,A,-79,14.43,Far,13.68,15.65,E,4.03,weak,trotting,1.1490,13.68,15.65
95.51,B,-78,17.24,Far,13.68,15.65,E,4.03,weak,trotting,1.1490,13.68,15.65
95.51,C,-77,13.89,Far,13.68,15.65,E,4.03,weak,trotting,1.1490,13.68,15.65
95.51,E,-74,3.98,Far,13.68,15.65,E,4.03,weak,trotting,1.1490,13.68,15.65
95.51,F,-63,7.69,Far,13.68,15.65,E,4.03,weak,trotting,1.1490,13.68,15.65
95.51,H,-87,5.93,Far,13.68,15.65,E,4.03,weak,trotting,1.1490,13.68,15.65
95.51,K,-82,6.08,Far,13.68,15.65,E,4.03,weak,trotting,1.1490,13.68,15.65
95.51,M,-78,8.75,Far,13.68,15.65,E,4.03,weak,trotting,1.1490,13.68,15.65
96.51,A,-78,13.28,Far,12.85,16.42,E,3.74,weak,trotting,0.0276,12.85,16.42
96.51,B,-77,15.29,Far,12.85,16.42,E,3.74,weak,trotting,0.0276,12.85,16.42
96.51,C,-77,13.58,Far,12.85,16.42,E,3.74,weak,trotting,0.0276,12.85,16.42
96.51,E,-75,4.65,Far,12.85,16.42,E,3.74,weak,trotting,0.0276,12.85,16.42
96.51,F,-71,7.23,Far,12.85,16.42,E,3.74,weak,trotting,0.0276,12.85,16.42
96.51,H,-88,5.81,Far,12.85,16.42,E,3.74,weak,trotting,0.0276,12.85,16.42
96.51,K,-83,5.23,Far,12.85,16.42,E,3.74,weak,trotting,0.0276,12.85,16.42
96.51,M,-82,8.06,Far,12.85,16.42,E,3.74,weak,trotting,0.0276,12.85,16.42
97.51,A,-77,12.62,Far,11.84,17.16,E,3.38,weak,trotting,0.8998,11.84,17.16
97.51,B,-78,15.24,Far,11.84,17.16,E,3.38,weak,trotting,0.8998,11.84,17.16
97.51,C,-77,12.86,Far,11.84,17.16,E,3.38,weak,trotting,0.8998,11.84,17.16
97.51,E,-76,5.35,Far,11.84,17.16,E,3.38,weak,trotting,0.8998,11.84,17.16
97.51,F,-76,6.26,Far,11.84,17.16,E,3.38,weak,trotting,0.8998,11.84,17.16
97.51,H,-88,5.71,Far,11.84,17.16,E,3.38,weak,trotting,0.8998,11.84,17.16
97.51,K,-84,4.85,Far,11.84,17.16,E,3.38,weak,trotting,0.8998,11.84,17.16
97.51,M,-86,8.62,Far,11.84,17.16,E,3.38,weak,trotting,0.8998,11.84,17.16
98.51,A,-78,12.65,Far,10.80,18.36,E,1.82,weak,cantering,0.5589,10.80,18.36
98.51,B,-79,15.64,Far,10.80,18.36,E,1.82,weak,cantering,0.5589,10.80,18.36
98.51,C,-77,12.27,Far,10.80,18.36,E,1.82,weak,cantering,0.5589,10.80,18.36
98.51,E,-78,6.20,Far,10.80,18.36,E,1.82,weak,cantering,0.5589,10.80,18.36
98.51,F,-80,5.69,Far,10.80,18.36,E,1.82,weak,cantering,0.5589,10.80,18.36
98.51,H,-88,5.36,Far,10.80,18.36,E,1.82,weak,cantering,0.5589,10.80,18.36
98.51,K,-85,4.69,Far,10.80,18.36,E,1.82,weak,cantering,0.5589,10.80,18.36
98.51,M,-89,8.81,Far,10.80,18.36,E,1.82,weak,cantering,0.5589,10.80,18.36
99.51,A,-77,11.60,Far,10.16,18.81,E,1.20,weak,cantering,0.6250,10.16,18.81
99.51,B,-79,15.35,Far,10.16,18.81,E,1.20,weak,cantering,0.6250,10.16,18.81
99.51,C,-77,11.77,Far,10.16,18.81,E,1.20,weak,cantering,0.6250,10.16,18.81
99.51,E,-78,6.85,Far,10.16,18.81,E,1.20,weak,cantering,0.6250,10.16,18.81
99.51,F,-84,6.08,Far,10.16,18.81,E,1.20,weak,cantering,0.6250,10.16,18.81
99.51,H,-89,5.34,Far,10.16,18.81,E,1.20,weak,cantering,0.6250,10.16,18.81
99.51,K,-86,4.69,Far,10.16,18.81,E,1.20,weak,cantering,0.6250,10.16,18.81
99.51,M,-91,9.13,Far,10.16,18.81,E,1.20,weak,cantering,0.6250,10.16,18.81
100.51,A,-76,10.54,Far,10.02,19.31,E,0.69,weak,cantering,1.1965,10.02,19.31
100.51,B,-79,15.28,Far,10.02,19.31,E,0.69,weak,cantering,1.1965,10.02,19.31
100.51,C,-76,10.91,Far,10.02,19.31,E,0.69,weak,cantering,1.1965,10.02,19.31
100.51,E,-79,7.44,Far,10.02,19.31,E,0.69,weak,cantering,1.1965,10.02,19.31
100.51,F,-86,5.92,Far,10.02,19.31,E,0.69,weak,cantering,1.1965,10.02,19.31
100.51,H,-88,4.94,Far,10.02,19.31,E,0.69,weak,cantering,1.1965,10.02,19.31
100.51,K,-89,5.16,Far,10.02,19.31,E,0.69,weak,cantering,1.1965,10.02,19.31
100.51,M,-93,9.66,Far,10.02,19.31,E,0.69,weak,cantering,1.1965,10.02,19.31
101.51,A,-75,10.14,Far,10.01,19.48,E,0.53,weak,trotting,0.6977,10.01,19.48
101.51,B,-79,15.02,Far,10.01,19.48,E,0.53,weak,trotting,0.6977,10.01,19.48
101.51,C,-75,10.01,Far,10.01,19.48,E,0.53,weak,trotting,0.6977,10.01,19.48
101.51,E,-79,7.99,Far,10.01,19.48,E,0.53,weak,trotting,0.6977,10.01,19.48
101.51,F,-87,5.93,Far,10.01,19.48,E,0.53,weak,trotting,0.6977,10.01,19.48
101.51,H,-89,5.09,Far,10.01,19.48,E,0.53,weak,trotting,0.6977,10.01,19.48
101.51,K,-90,5.48,Far,10.01,19.48,E,0.53,weak,trotting,0.6977,10.01,19.48
101.51,M,-93,9.53,Far,10.01,19.48,E,0.53,weak,trotting,0.6977,10.01,19.48
102.51,A,-74,9.18,Far,9.94,19.15,E,0.86,weak,trotting,0.7649,9.94,19.15
102.51,B,-79,14.79,Far,9.94,19.15,E,0.86,weak,trotting,0.7649,9.94,19.15
102.51,C,-76,10.27,Far,9.94,19.15,E,0.86,weak,trotting,0.7649,9.94,19.15
102.51,E,-79,8.50,Far,9.94,19.15,E,0.86,weak,trotting,0.7649,9.94,19.15
102.51,F,-89,6.27,Far,9.94,19.15,E,0.86,weak,trotting,0.7649,9.94,19.15
102.51,H,-88,4.76,Far,9.94,19.15,E,0.86,weak,trotting,0.7649,9.94,19.15
102.51,K,-92,5.93,Far,9.94,19.15,E,0.86,weak,trotting,0.7649,9.94,19.15
102.51,M,-94,9.42,Far,9.94,19.15,E,0.86,weak,trotting,0.7649,9.94,19.15
103.51,A,-74,8.45,Far,10.03,18.67,E,1.33,weak,trotting,0.4385,10.03,18.67
103.51,B,-78,13.28,Far,10.03,18.67,E,1.33,weak,trotting,0.4385,10.03,18.67
103.51,C,-77,10.52,Far,10.03,18.67,E,1.33,weak,trotting,0.4385,10.03,18.67
103.51,E,-79,9.07,Far,10.03,18.67,E,1.33,weak,trotting,0.4385,10.03,18.67
103.51,F,-90,6.35,Far,10.03,18.67,E,1.33,weak,trotting,0.4385,10.03,18.67
103.51,H,-90,5.16,Far,10.03,18.67,E,1.33,weak,trotting,0.4385,10.03,18.67
103.51,K,-92,6.27,Far,10.03,18.67,E,1.33,weak,trotting,0.4385,10.03,18.67
103.51,M,-94,9.50,Far,10.03,18.67,E,1.33,weak,trotting,0.4385,10.03,18.67
104.51,A,-74,8.21,Far,10.23,18.27,E,1.75,weak,trotting,0.9831,10.23,18.27
104.51,B,-77,12.13,Far,10.23,18.27,E,1.75,weak,trotting,0.9831,10.23,18.27
104.51,C,-78,10.75,Far,10.23,18.27,E,1.75,weak,trotting,0.9831,10.23,18.27
104.51,E,-80,9.71,Far,10.23,18.27,E,1.75,weak,trotting,0.9831,10.23,18.27
104.51,F,-91,6.42,Far,10.23,18.27,E,1.75,weak,trotting,0.9831,10.23,18.27
104.51,H,-89,4.81,Far,10.23,18.27,E,1.75,weak,trotting,0.9831,10.23,18.27
104.51,K,-92,6.35,Far,10.23,18.27,E,1.75,weak,trotting,0.9831,10.23,18.27
104.51,M,-94,9.40,Far,10.23,18.27,E,1.75,weak,trotting,0.9831,10.23,18.27
105.51,A,-75,8.40,Far,10.34,18.70,E,1.34,weak,trotting,0.6850,10.34,18.70
105.51,B,-76,11.23,Far,10.34,18.70,E,1.34,weak,trotting,0.6850,10.34,18.70
105.51,C,-77,10.66,Far,10.34,18.70,E,1.34,weak,trotting,0.6850,10.34,18.70
105.51,E,-79,9.75,Far,10.34,18.70,E,1.34,weak,trotting,0.6850,10.34,18.70
105.51,F,-91,6.48,Far,10.34,18.70,E,1.34,weak,trotting,0.6850,10.34,18.70
105.51,H,-88,4.42,Far,10.34,18.70,E,1.34,weak,trotting,0.6850,10.34,18.70
105.51,K,-92,6.42,Far,10.34,18.70,E,1.34,weak,trotting,0.6850,10.34,18.70
105.51,M,-93,8.95,Far,10.34,18.70,E,1.34,weak,trotting,0.6850,10.34,18.70
106.51,A,-76,8.79,Far,10.72,18.83,E,1.37,weak,trotting,0.7957,10.72,18.83
106.51,B,-73,8.85,Far,10.72,18.83,E,1.37,weak,trotting,0.7957,10.72,18.83
106.51,C,-79,11.24,Far,10.72,18.83,E,1.37,weak,trotting,0.7957,10.72,18.83
106.51,E,-78,9.79,Far,10.72,18.83,E,1.37,weak,trotting,0.7957,10.72,18.83
106.51,F,-92,6.65,Far,10.72,18.83,E,1.37,weak,trotting,0.7957,10.72,18.83
106.51,H,-88,4.45,Far,10.72,18.83,E,1.37,weak,trotting,0.7957,10.72,18.83
106.51,K,-92,6.48,Far,10.72,18.83,E,1.37,weak,trotting,0.7957,10.72,18.83
106.51,M,-93,8.60,Far,10.72,18.83,E,1.37,weak,trotting,0.7957,10.72,18.83
107.51,A,-77,9.16,Far,11.04,19.19,E,1.31,weak,trotting,0.2668,11.04,19.19
107.51,B,-72,7.37,Far,11.04,19.19,E,1.31,weak,trotting,0.2668,11.04,19.19
107.51,C,-78,11.08,Far,11.04,19.19,E,1.31,weak,trotting,0.2668,11.04,19.19
107.51,E,-79,10.11,Far,11.04,19.19,E,1.31,weak,trotting,0.2668,11.04,19.19
107.51,F,-93,7.10,Far,11.04,19.19,E,1.31,weak,trotting,0.2668,11.04,19.19
107.51,H,-88,4.38,Far,11.04,19.19,E,1.31,weak,trotting,0.2668,11.04,19.19
107.51,K,-88,4.23,Far,11.04,19.19,E,1.31,weak,trotting,0.2668,11.04,19.19
107.51,M,-94,9.09,Far,11.04,19.19,E,1.31,weak,trotting,0.2668,11.04,19.19
108.51,A,-78,9.52,Far,13.66,23.61,E,4.37,weak,cantering,1.6836,13.66,23.61
108.51,B,-71,6.55,Far,13.66,23.61,E,4.37,weak,cantering,1.6836,13.66,23.61
108.51,C,-77,10.54,Far,13.66,23.61,E,4.37,weak,cantering,1.6836,13.66,23.61
108.51,E,-79,10.41,Far,13.66,23.61,E,4.37,weak,cantering,1.6836,13.66,23.61
108.51,F,-94,7.43,Far,13.66,23.61,E,4.37,weak,cantering,1.6836,13.66,23.61
108.51,H,-88,4.33,Far,13.66,23.61,E,4.37,weak,cantering,1.6836,13.66,23.61
108.51,K,-87,3.65,Near,13.66,23.61,E,4.37,weak,cantering,1.6836,13.66,23.61
108.51,M,-66,-1.00,Unknown,13.66,23.61,E,4.37,weak,cantering,1.6836,13.66,23.61
109.51,A,-78,9.72,Far,17.47,21.04,E,2.74,weak,cantering,0.2101,17.47,21.04
109.51,B,-72,6.59,Far,17.47,21.04,E,2.74,weak,cantering,0.2101,17.47,21.04
109.51,C,-76,9.90,Far,17.47,21.04,E,2.74,weak,cantering,0.2101,17.47,21.04
109.51,E,-78,10.52,Far,17.47,21.04,E,2.74,weak,cantering,0.2101,17.47,21.04
109.51,F,-66,-1.00,Unknown,17.47,21.04,E,2.74,weak,cantering,0.2101,17.47,21.04
109.51,H,-88,4.28,Far,17.47,21.04,E,2.74,weak,cantering,0.2101,17.47,21.04
109.51,K,-86,3.36,Near,17.47,21.04,E,2.74,weak,cantering,0.2101,17.47,21.04
109.51,M,-75,9.46,Far,17.47,21.04,E,2.74,weak,cantering,0.2101,17.47,21.04
110.51,A,-78,9.90,Far,17.98,17.24,E,3.42,weak,cantering,0.7608,17.98,17.24
110.51,B,-75,7.16,Far,17.98,17.24,E,3.42,weak,cantering,0.7608,17.98,17.24
110.51,C,-76,9.75,Far,17.98,17.24,E,3.42,weak,cantering,0.7608,17.98,17.24
110.51,E,-79,10.78,Far,17.98,17.24,E,3.42,weak,cantering,0.7608,17.98,17.24
110.51,F,-76,8.10,Far,17.98,17.24,E,3.42,weak,cantering,0.7608,17.98,17.24
110.51,H,-88,4.24,Far,17.98,17.24,E,3.42,weak,cantering,0.7608,17.98,17.24
110.51,K,-85,3.14,Far,17.98,17.24,E,3.42,weak,cantering,0.7608,17.98,17.24
110.51,M,-82,9.91,Far,17.98,17.24,E,3.42,weak,cantering,0.7608,17.98,17.24
111.51,A,-78,9.91,Far,17.73,11.82,E,3.14,weak,cantering,0.5601,17.73,11.82
111.51,B,-77,7.88,Far,17.73,11.82,E,3.14,weak,cantering,0.5601,17.73,11.82
111.51,C,-77,9.92,Far,17.73,11.82,E,3.14,weak,cantering,0.5601,17.73,11.82
111.51,E,-78,10.85,Far,17.73,11.82,E,3.14,weak,cantering,0.5601,17.73,11.82
111.51,F,-53,-1.00,Unknown,17.73,11.82,E,3.14,weak,cantering,0.5601,17.73,11.82
111.51,H,-89,4.40,Far,17.73,11.82,E,3.14,weak,cantering,0.5601,17.73,11.82
111.51,K,-86,3.29,Far,17.73,11.82,E,3.14,weak,cantering,0.5601,17.73,11.82
111.51,M,-86,9.72,Far,17.73,11.82,E,3.14,weak,cantering,0.5601,17.73,11.82
112.51,A,-78,10.34,Far,19.00,8.17,E,2.39,weak,cantering,0.6193,19.00,8.17
112.51,B,-79,8.63,Far,19.00,8.17,E,2.39,weak,cantering,0.6193,19.00,8.17
112.51,C,-78,10.53,Far,19.00,8.17,E,2.39,weak,cantering,0.6193,19.00,8.17
112.51,E,-78,10.91,Far,19.00,8.17,E,2.39,weak,cantering,0.6193,19.00,8.17
112.51,F,-37,-1.00,Unknown,19.00,8.17,E,2.39,weak,cantering,0.6193,19.00,8.17
112.51,H,-90,4.70,Far,19.00,8.17,E,2.39,weak,cantering,0.6193,19.00,8.17
112.51,K,-86,3.27,Far,19.00,8.17,E,2.39,weak,cantering,0.6193,19.00,8.17
112.51,M,-87,8.63,Far,19.00,8.17,E,2.39,weak,cantering,0.6193,19.00,8.17
113.51,A,-78,10.60,Far,19.44,7.17,E,1.30,weak,trotting,1.0761,19.44,7.17
113.51,B,-80,9.23,Far,19.44,7.17,E,1.30,weak,trotting,1.0761,19.44,7.17
113.51,C,-78,10.63,Far,19.44,7.17,E,1.30,weak,trotting,1.0761,19.44,7.17
113.51,E,-79,11.26,Far,19.44,7.17,E,1.30,weak,trotting,1.0761,19.44,7.17
113.51,F,-26,-1.00,Unknown,19.44,7.17,E,1.30,weak,trotting,1.0761,19.44,7.17
113.51,H,-89,4.69,Far,19.44,7.17,E,1.30,weak,trotting,1.0761,19.44,7.17
113.51,K,-87,3.54,Far,19.44,7.17,E,1.30,weak,trotting,1.0761,19.44,7.17
113.51,M,-87,7.43,Far,19.44,7.17,E,1.30,weak,trotting,1.0761,19.44,7.17
114.51,A,-78,10.69,Far,19.70,6.62,E,0.69,weak,trotting,0.4046,19.70,6.62
114.51,B,-80,9.82,Far,19.70,6.62,E,0.69,weak,trotting,0.4046,19.70,6.62
114.51,C,-78,10.71,Far,19.70,6.62,E,0.69,weak,trotting,0.4046,19.70,6.62
114.51,E,-79,11.59,Far,19.70,6.62,E,0.69,weak,trotting,0.4046,19.70,6.62
114.51,F,-18,-1.00,Unknown,19.70,6.62,E,0.69,weak,trotting,0.4046,19.70,6.62
114.51,H,-92,5.29,Far,19.70,6.62,E,0.69,weak,trotting,0.4046,19.70,6.62
114.51,K,-89,3.91,Far,19.70,6.62,E,0.69,weak,trotting,0.4046,19.70,6.62
114.51,M,-87,6.43,Far,19.70,6.62,E,0.69,weak,trotting,0.4046,19.70,6.62
115.51,A,-79,11.30,Far,19.54,6.76,E,0.89,weak,trotting,0.7865,19.54,6.76
115.51,B,-79,10.00,Far,19.54,6.76,E,0.89,weak,trotting,0.7865,19.54,6.76
115.51,C,-78,10.94,Far,19.54,6.76,E,0.89,weak,trotting,0.7865,19.54,6.76
115.51,E,-79,11.89,Far,19.54,6.76,E,0.89,weak,trotting,0.7865,19.54,6.76
115.51,F,-41,8.57,Far,19.54,6.76,E,0.89,weak,trotting,0.7865,19.54,6.76
115.51,H,-92,5.69,Far,19.54,6.76,E,0.89,weak,trotting,0.7865,19.54,6.76
115.51,K,-88,3.95,Far,19.54,6.76,E,0.89,weak,trotting,0.7865,19.54,6.76
115.51,M,-89,6.79,Far,19.54,6.76,E,0.89,weak,trotting,0.7865,19.54,6.76
116.51,A,-79,11.47,Far,16.91,5.80,E,3.10,weak,cantering,0.3150,16.91,5.80
116.51,B,-79,10.00,Far,16.91,5.80,E,3.10,weak,cantering,0.3150,16.91,5.80
116.51,C,-79,11.14,Far,16.91,5.80,E,3.10,weak,cantering,0.3150,16.91,5.80
116.51,E,-80,12.17,Far,16.91,5.80,E,3.10,weak,cantering,0.3150,16.91,5.80
116.51,F,-57,8.66,Far,16.91,5.80,E,3.10,weak,cantering,0.3150,16.91,5.80
116.51,H,-92,5.74,Far,16.91,5.80,E,3.10,weak,cantering,0.3150,16.91,5.80
116.51,K,-88,3.97,Far,16.91,5.80,E,3.10,weak,cantering,0.3150,16.91,5.80
116.51,M,-90,6.79,Far,16.91,5.80,E,3.10,weak,cantering,0.3150,16.91,5.80
117.51,A,-79,11.46,Far,16.13,8.16,E,4.44,weak,trotting,1.0190,16.13,8.16
117.51,B,-78,10.00,Far,16.13,8.16,E,4.44,weak,trotting,1.0190,16.13,8.16
117.51,C,-78,10.99,Far,16.13,8.16,E,4.44,weak,trotting,1.0190,16.13,8.16
117.51,E,-79,12.25,Far,16.13,8.16,E,4.44,weak,trotting,1.0190,16.13,8.16
117.51,F,-68,8.00,Far,16.13,8.16,E,4.44,weak,trotting,1.0190,16.13,8.16
117.51,H,-92,5.78,Far,16.13,8.16,E,4.44,weak,trotting,1.0190,16.13,8.16
117.51,K,-89,4.32,Far,16.13,8.16,E,4.44,weak,trotting,1.0190,16.13,8.16
117.51,M,-91,6.92,Far,16.13,8.16,E,4.44,weak,trotting,1.0190,16.13,8.16
118.51,A,-80,11.90,Far,15.15,10.47,E,6.00,weak,trotting,0.4334,15.15,10.47
118.51,B,-77,9.44,Far,15.15,10.47,E,6.00,weak,trotting,0.4334,15.15,10.47
118.51,C,-78,11.19,Far,15.15,10.47,E,6.00,weak,trotting,0.4334,15.15,10.47
118.51,E,-79,11.94,Far,15.15,10.47,E,6.00,weak,trotting,0.4334,15.15,10.47
118.51,F,-76,8.19,Far,15.15,10.47,E,6.00,weak,trotting,0.4334,15.15,10.47
118.51,H,-91,5.69,Far,15.15,10.47,E,6.00,weak,trotting,0.4334,15.15,10.47
118.51,K,-88,3.63,Far,15.15,10.47,E,6.00,weak,trotting,0.4334,15.15,10.47
118.51,M,-92,7.03,Far,15.15,10.47,E,6.00,weak,trotting,0.4334,15.15,10.47
119.51,A,-80,12.18,Far,14.09,12.73,E,4.28,weak,trotting,0.8445,14.09,12.73
119.51,B,-75,8.58,Far,14.09,12.73,E,4.28,weak,trotting,0.8445,14.09,12.73
119.51,C,-78,11.04,Far,14.09,12.73,E,4.28,weak,trotting,0.8445,14.09,12.73
119.51,E,-78,11.23,Far,14.09,12.73,E,4.28,weak,trotting,0.8445,14.09,12.73
119.51,F,-81,8.31,Far,14.09,12.73,E,4.28,weak,trotting,0.8445,14.09,12.73
119.51,H,-88,4.29,Far,14.09,12.73,E,4.28,weak,trotting,0.8445,14.09,12.73
119.51,K,-86,2.96,Near,14.09,12.73,E,4.28,weak,trotting,0.8445,14.09,12.73
119.51,M,-92,7.24,Far,14.09,12.73,E,4.28,weak,trotting,0.8445,14.09,12.73
120.51,A,-80,12.57,Far,11.50,17.71,E,2.74,weak,cantering,0.7935,11.50,17.71
120.51,B,-75,8.13,Far,11.50,17.71,E,2.74,weak,cantering,0.7935,11.50,17.71
120.51,C,-77,10.71,Far,11.50,17.71,E,2.74,weak,cantering,0.7935,11.50,17.71
120.51,E,-77,10.88,Far,11.50,17.71,E,2.74,weak,cantering,0.7935,11.50,17.71
120.51,F,-85,8.40,Far,11.50,17.71,E,2.74,weak,cantering,0.7935,11.50,17.71
120.51,H,-86,3.38,Far,11.50,17.71,E,2.74,weak,cantering,0.7935,11.50,17.71
120.51,K,-85,2.84,Near,11.50,17.71,E,2.74,weak,cantering,0.7935,11.50,17.71
120.51,M,-93,7.65,Far,11.50,17.71,E,2.74,weak,cantering,0.7935,11.50,17.71
121.51,A,-79,12.42,Far,10.56,19.59,E,0.69,weak,cantering,0.0578,10.56,19.59
121.51,B,-74,7.59,Far,10.56,19.59,E,0.69,weak,cantering,0.0578,10.56,19.59
121.51,C,-77,10.24,Far,10.56,19.59,E,0.69,weak,cantering,0.0578,10.56,19.59
121.51,E,-76,9.94,Far,10.56,19.59,E,0.69,weak,cantering,0.0578,10.56,19.59
121.51,F,-88,8.79,Far,10.56,19.59,E,0.69,weak,cantering,0.0578,10.56,19.59
121.51,H,-87,3.56,Far,10.56,19.59,E,0.69,weak,cantering,0.0578,10.56,19.59
121.51,K,-87,3.14,Near,10.56,19.59,E,0.69,weak,cantering,0.0578,10.56,19.59
121.51,M,-94,8.03,Far,10.56,19.59,E,0.69,weak,cantering,0.0578,10.56,19.59
122.51,A,-79,12.29,Far,10.33,20.53,E,0.62,weak,cantering,1.1360,10.33,20.53
122.51,B,-74,7.33,Far,10.33,20.53,E,0.62,weak,cantering,1.1360,10.33,20.53
122.51,C,-76,9.86,Far,10.33,20.53,E,0.62,weak,cantering,1.1360,10.33,20.53
122.51,E,-76,9.79,Far,10.33,20.53,E,0.62,weak,cantering,1.1360,10.33,20.53
122.51,F,-90,8.97,Far,10.33,20.53,E,0.62,weak,cantering,1.1360,10.33,20.53
122.51,H,-89,3.91,Far,10.33,20.53,E,0.62,weak,cantering,1.1360,10.33,20.53
122.51,K,-88,3.49,Far,10.33,20.53,E,0.62,weak,cantering,1.1360,10.33,20.53
122.51,M,-94,7.98,Far,10.33,20.53,E,0.62,weak,cantering,1.1360,10.33,20.53
123.51,A,-80,12.67,Far,9.85,20.75,E,0.77,weak,trotting,0.4342,9.85,20.75
123.51,B,-76,7.86,Far,9.85,20.75,E,0.77,weak,trotting,0.4342,9.85,20.75
123.51,C,-77,10.27,Far,9.85,20.75,E,0.77,weak,trotting,0.4342,9.85,20.75
123.51,E,-75,9.30,Far,9.85,20.75,E,0.77,weak,trotting,0.4342,9.85,20.75
123.51,F,-92,9.41,Far,9.85,20.75,E,0.77,weak,trotting,0.4342,9.85,20.75
123.51,H,-90,4.25,Far,9.85,20.75,E,0.77,weak,trotting,0.4342,9.85,20.75
123.51,K,-89,3.93,Far,9.85,20.75,E,0.77,weak,trotting,0.4342,9.85,20.75
123.51,M,-95,8.44,Far,9.85,20.75,E,0.77,weak,trotting,0.4342,9.85,20.75
124.51,A,-79,12.70,Far,11.18,22.86,E,3.10,weak,trotting,0.8931,11.18,22.86
124.51,B,-78,8.61,Far,11.18,22.86,E,3.10,weak,trotting,0.8931,11.18,22.86
124.51,C,-79,10.87,Far,11.18,22.86,E,3.10,weak,trotting,0.8931,11.18,22.86
124.51,E,-73,7.23,Far,11.18,22.86,E,3.10,weak,trotting,0.8931,11.18,22.86
124.51,F,-94,9.80,Far,11.18,22.86,E,3.10,weak,trotting,0.8931,11.18,22.86
124.51,H,-89,4.11,Far,11.18,22.86,E,3.10,weak,trotting,0.8931,11.18,22.86
124.51,K,-90,4.14,Far,11.18,22.86,E,3.10,weak,trotting,0.8931,11.18,22.86
124.51,M,-66,-1.00,Unknown,11.18,22.86,E,3.10,weak,trotting,0.8931,11.18,22.86
125.51,A,-79,12.72,Far,9.94,22.81,E,2.81,weak,cantering,0.3426,9.94,22.81
125.51,B,-79,9.22,Far,9.94,22.81,E,2.81,weak,cantering,0.3426,9.94,22.81
125.51,C,-79,11.35,Far,9.94,22.81,E,2.81,weak,cantering,0.3426,9.94,22.81
125.51,E,-70,5.56,Far,9.94,22.81,E,2.81,weak,cantering,0.3426,9.94,22.81
125.51,F,-94,9.99,Far,9.94,22.81,E,2.81,weak,cantering,0.3426,9.94,22.81
125.51,H,-89,4.20,Far,9.94,22.81,E,2.81,weak,cantering,0.3426,9.94,22.81
125.51,K,-89,4.23,Far,9.94,22.81,E,2.81,weak,cantering,0.3426,9.94,22.81
125.51,M,-74,8.17,Far,9.94,22.81,E,2.81,weak,cantering,0.3426,9.94,22.81
126.51,A,-79,12.74,Far,8.89,22.01,E,2.30,weak,trotting,0.9204,8.89,22.01
126.51,B,-80,9.90,Far,8.89,22.01,E,2.30,weak,trotting,0.9204,8.89,22.01
126.51,C,-80,12.03,Far,8.89,22.01,E,2.30,weak,trotting,0.9204,8.89,22.01
126.51,E,-69,4.57,Far,8.89,22.01,E,2.30,weak,trotting,0.9204,8.89,22.01
126.51,F,-94,9.81,Far,8.89,22.01,E,2.30,weak,trotting,0.9204,8.89,22.01
126.51,H,-90,4.45,Far,8.89,22.01,E,2.30,weak,trotting,0.9204,8.89,22.01
126.51,K,-90,4.63,Far,8.89,22.01,E,2.30,weak,trotting,0.9204,8.89,22.01
126.51,M,-79,7.88,Far,8.89,22.01,E,2.30,weak,trotting,0.9204,8.89,22.01
127.51,A,-79,12.57,Far,7.51,21.12,E,2.73,weak,trotting,0.0487,7.51,21.12
127.51,B,-80,10.56,Far,7.51,21.12,E,2.73,weak,trotting,0.0487,7.51,21.12
127.51,C,-81,12.44,Far,7.51,21.12,E,2.73,weak,trotting,0.0487,7.51,21.12
127.51,E,-66,2.81,Far,7.51,21.12,E,2.73,weak,trotting,0.0487,7.51,21.12
127.51,F,-93,8.80,Far,7.51,21.12,E,2.73,weak,trotting,0.0487,7.51,21.12
127.51,H,-90,4.67,Far,7.51,21.12,E,2.73,weak,trotting,0.0487,7.51,21.12
127.51,K,-90,4.74,Far,7.51,21.12,E,2.73,weak,trotting,0.0487,7.51,21.12
127.51,M,-83,7.27,Far,7.51,21.12,E,2.73,weak,trotting,0.0487,7.51,21.12
128.51,A,-79,12.93,Far,5.29,20.30,E,4.72,weak,cantering,0.1948,5.29,20.30
128.51,B,-81,11.20,Far,5.29,20.30,E,4.72,weak,cantering,0.1948,5.29,20.30
128.51,C,-81,13.09,Far,5.29,20.30,E,4.72,weak,cantering,0.1948,5.29,20.30
128.51,E,-62,1.71,Near,5.29,20.30,E,4.72,weak,cantering,0.1948,5.29,20.30
128.51,F,-92,8.28,Far,5.29,20.30,E,4.72,weak,cantering,0.1948,5.29,20.30
128.51,H,-90,4.77,Far,5.29,20.30,E,4.72,weak,cantering,0.1948,5.29,20.30
128.51,K,-91,5.18,Far,5.29,20.30,E,4.72,weak,cantering,0.1948,5.29,20.30
128.51,M,-86,7.48,Far,5.29,20.30,E,4.72,weak,cantering,0.1948,5.29,20.30
129.51,A,-79,12.93,Far,4.51,19.98,E,4.51,weak,trotting,0.0474,4.51,19.98
129.51,B,-81,11.55,Far,4.51,19.98,E,4.51,weak,trotting,0.0474,4.51,19.98
129.51,C,-82,13.83,Far,4.51,19.98,E,4.51,weak,trotting,0.0474,4.51,19.98
129.51,E,-61,1.35,Near,4.51,19.98,E,4.51,weak,trotting,0.0474,4.51,19.98
129.51,F,-93,8.59,Far,4.51,19.98,E,4.51,weak,trotting,0.0474,4.51,19.98
129.51,H,-90,4.85,Far,4.51,19.98,E,4.51,weak,trotting,0.0474,4.51,19.98
129.51,K,-92,5.59,Far,4.51,19.98,E,4.51,weak,trotting,0.0474,4.51,19.98
129.51,M,-90,8.10,Far,4.51,19.98,E,4.51,weak,trotting,0.0474,4.51,19.98
130.51,A,-79,12.93,Far,4.31,19.85,E,4.31,weak,walking,0.5010,4.31,19.85
130.51,B,-80,11.70,Far,4.31,19.85,E,4.31,weak,walking,0.5010,4.31,19.85
130.51,C,-82,14.27,Far,4.31,19.85,E,4.31,weak,walking,0.5010,4.31,19.85
130.51,E,-61,1.42,Near,4.31,19.85,E,4.31,weak,walking,0.5010,4.31,19.85
130.51,F,-93,8.47,Far,4.31,19.85,E,4.31,weak,walking,0.5010,4.31,19.85
130.51,H,-92,5.40,Far,4.31,19.85,E,4.31,weak,walking,0.5010,4.31,19.85
130.51,K,-92,5.87,Far,4.31,19.85,E,4.31,weak,walking,0.5010,4.31,19.85
130.51,M,-91,8.34,Far,4.31,19.85,E,4.31,weak,walking,0.5010,4.31,19.85
131.51,A,-80,13.26,Far,6.18,18.19,E,4.23,weak,trotting,0.2529,6.18,18.19
131.51,B,-79,11.66,Far,6.18,18.19,E,4.23,weak,trotting,0.2529,6.18,18.19
131.51,C,-82,14.51,Far,6.18,18.19,E,4.23,weak,trotting,0.2529,6.18,18.19
131.51,E,-63,1.57,Far,6.18,18.19,E,4.23,weak,trotting,0.2529,6.18,18.19
131.51,F,-65,-1.00,Unknown,6.18,18.19,E,4.23,weak,trotting,0.2529,6.18,18.19
131.51,H,-92,5.60,Far,6.18,18.19,E,4.23,weak,trotting,0.2529,6.18,18.19
131.51,K,-91,5.62,Far,6.18,18.19,E,4.23,weak,trotting,0.2529,6.18,18.19
131.51,M,-92,8.41,Far,6.18,18.19,E,4.23,weak,trotting,0.2529,6.18,18.19
132.51,A,-80,13.22,Far,6.44,18.04,E,4.06,weak,trotting,0.0671,6.44,18.04
132.51,B,-80,11.95,Far,6.44,18.04,E,4.06,weak,trotting,0.0671,6.44,18.04
132.51,C,-81,14.53,Far,6.44,18.04,E,4.06,weak,trotting,0.0671,6.44,18.04
132.51,E,-64,1.86,Far,6.44,18.04,E,4.06,weak,trotting,0.0671,6.44,18.04
132.51,F,-75,8.77,Far,6.44,18.04,E,4.06,weak,trotting,0.0671,6.44,18.04
132.51,H,-92,5.88,Far,6.44,18.04,E,4.06,weak,trotting,0.0671,6.44,18.04
132.51,K,-91,5.43,Far,6.44,18.04,E,4.06,weak,trotting,0.0671,6.44,18.04
132.51,M,-94,8.85,Far,6.44,18.04,E,4.06,weak,trotting,0.0671,6.44,18.04
133.51,A,-80,13.67,Far,6.47,18.23,E,3.95,weak,walking,0.0206,6.47,18.23
133.51,B,-80,12.22,Far,6.47,18.23,E,3.95,weak,walking,0.0206,6.47,18.23
133.51,C,-81,14.90,Far,6.47,18.23,E,3.95,weak,walking,0.0206,6.47,18.23
133.51,E,-66,2.14,Far,6.47,18.23,E,3.95,weak,walking,0.0206,6.47,18.23
133.51,F,-80,8.77,Far,6.47,18.23,E,3.95,weak,walking,0.0206,6.47,18.23
133.51,H,-91,5.63,Far,6.47,18.23,E,3.95,weak,walking,0.0206,6.47,18.23
133.51,K,-91,5.71,Far,6.47,18.23,E,3.95,weak,walking,0.0206,6.47,18.23
133.51,M,-93,8.68,Far,6.47,18.23,E,3.95,weak,walking,0.0206,6.47,18.23
134.51,A,-79,12.62,Far,6.46,18.24,E,3.95,weak,stationary,0.0009,6.46,18.24
134.51,B,-80,12.76,Far,6.46,18.24,E,3.95,weak,stationary,0.0009,6.46,18.24
134.51,C,-82,15.42,Far,6.46,18.24,E,3.95,weak,stationary,0.0009,6.46,18.24
134.51,E,-67,2.45,Far,6.46,18.24,E,3.95,weak,stationary,0.0009,6.46,18.24
134.51,F,-84,8.78,Far,6.46,18.24,E,3.95,weak,stationary,0.0009,6.46,18.24
134.51,H,-91,5.68,Far,6.46,18.24,E,3.95,weak,stationary,0.0009,6.46,18.24
134.51,K,-91,5.63,Far,6.46,18.24,E,3.95,weak,stationary,0.0009,6.46,18.24
134.51,M,-94,8.69,Far,6.46,18.24,E,3.95,weak,stationary,0.0009,6.46,18.24
135.51,A,-78,12.04,Far,6.54,18.29,E,3.87,weak,walking,0.2116,6.54,18.29
135.51,B,-81,13.12,Far,6.54,18.29,E,3.87,weak,walking,0.2116,6.54,18.29
135.51,C,-82,15.54,Far,6.54,18.29,E,3.87,weak,walking,0.2116,6.54,18.29
135.51,E,-69,2.87,Far,6.54,18.29,E,3.87,weak,walking,0.2116,6.54,18.29
135.51,F,-87,8.60,Far,6.54,18.29,E,3.87,weak,walking,0.2116,6.54,18.29
135.51,H,-91,5.84,Far,6.54,18.29,E,3.87,weak,walking,0.2116,6.54,18.29
135.51,K,-91,5.57,Far,6.54,18.29,E,3.87,weak,walking,0.2116,6.54,18.29
135.51,M,-93,8.55,Far,6.54,18.29,E,3.87,weak,walking,0.2116,6.54,18.29
136.51,A,-79,12.29,Far,6.75,18.50,E,3.58,weak,walking,0.2467,6.75,18.50
136.51,B,-81,13.45,Far,6.75,18.50,E,3.58,weak,walking,0.2467,6.75,18.50
136.51,C,-81,15.65,Far,6.75,18.50,E,3.58,weak,walking,0.2467,6.75,18.50
136.51,E,-71,3.42,Far,6.75,18.50,E,3.58,weak,walking,0.2467,6.75,18.50
136.51,F,-89,8.27,Far,6.75,18.50,E,3.58,weak,walking,0.2467,6.75,18.50
136.51,H,-92,6.27,Far,6.75,18.50,E,3.58,weak,walking,0.2467,6.75,18.50
136.51,K,-91,5.64,Far,6.75,18.50,E,3.58,weak,walking,0.2467,6.75,18.50
136.51,M,-93,8.43,Far,6.75,18.50,E,3.58,weak,walking,0.2467,6.75,18.50
137.51,A,-79,12.35,Far,7.07,18.64,E,3.23,weak,walking,0.0531,7.07,18.64
137.51,B,-80,13.38,Far,7.07,18.64,E,3.23,weak,walking,0.0531,7.07,18.64
137.51,C,-81,15.32,Far,7.07,18.64,E,3.23,weak,walking,0.0531,7.07,18.64
137.51,E,-72,3.90,Far,7.07,18.64,E,3.23,weak,walking,0.0531,7.07,18.64
137.51,F,-90,8.19,Far,7.07,18.64,E,3.23,weak,walking,0.0531,7.07,18.64
137.51,H,-94,6.75,Far,7.07,18.64,E,3.23,weak,walking,0.0531,7.07,18.64
137.51,K,-92,6.07,Far,7.07,18.64,E,3.23,weak,walking,0.0531,7.07,18.64
137.51,M,-93,8.17,Far,7.07,18.64,E,3.23,weak,walking,0.0531,7.07,18.64
138.51,A,-78,12.04,Far,7.38,18.65,E,2.94,weak,walking,0.0547,7.38,18.65
138.51,B,-80,13.33,Far,7.38,18.65,E,2.94,weak,walking,0.0547,7.38,18.65
138.51,C,-81,15.25,Far,7.38,18.65,E,2.94,weak,walking,0.0547,7.38,18.65
138.51,E,-73,4.36,Far,7.38,18.65,E,2.94,weak,walking,0.0547,7.38,18.65
138.51,F,-91,8.41,Far,7.38,18.65,E,2.94,weak,walking,0.0547,7.38,18.65
138.51,H,-93,6.76,Far,7.38,18.65,E,2.94,weak,walking,0.0547,7.38,18.65
138.51,K,-91,5.78,Far,7.38,18.65,E,2.94,weak,walking,0.0547,7.38,18.65
138.51,M,-92,7.78,Far,7.38,18.65,E,2.94,weak,walking,0.0547,7.38,18.65
139.51,A,-78,11.77,Far,7.75,18.58,E,2.66,weak,walking,0.4782,7.75,18.58
139.51,B,-80,13.28,Far,7.75,18.58,E,2.66,weak,walking,0.4782,7.75,18.58
139.51,C,-81,15.38,Far,7.75,18.58,E,2.66,weak,walking,0.4782,7.75,18.58
139.51,E,-75,5.03,Far,7.75,18.58,E,2.66,weak,walking,0.4782,7.75,18.58
139.51,F,-92,8.31,Far,7.75,18.58,E,2.66,weak,walking,0.4782,7.75,18.58
139.51,H,-94,7.12,Far,7.75,18.58,E,2.66,weak,walking,0.4782,7.75,18.58
139.51,K,-90,5.27,Far,7.75,18.58,E,2.66,weak,walking,0.4782,7.75,18.58
139.51,M,-93,7.78,Far,7.75,18.58,E,2.66,weak,walking,0.4782,7.75,18.58
140.51,A,-78,11.54,Far,8.44,18.40,E,2.23,weak,trotting,0.6555,8.44,18.40
140.51,B,-80,13.59,Far,8.44,18.40,E,2.23,weak,trotting,0.6555,8.44,18.40
140.51,C,-81,15.69,Far,8.44,18.40,E,2.23,weak,trotting,0.6555,8.44,18.40
140.51,E,-77,5.85,Far,8.44,18.40,E,2.23,weak,trotting,0.6555,8.44,18.40
140.51,F,-92,7.89,Far,8.44,18.40,E,2.23,weak,trotting,0.6555,8.44,18.40
140.51,H,-94,7.33,Far,8.44,18.40,E,2.23,weak,trotting,0.6555,8.44,18.40
140.51,K,-89,5.03,Far,8.44,18.40,E,2.23,weak,trotting,0.6555,8.44,18.40
140.51,M,-93,7.90,Far,8.44,18.40,E,2.23,weak,trotting,0.6555,8.44,18.40
141.51,A,-78,11.52,Far,7.25,20.60,E,2.82,weak,trotting,0.2618,7.25,20.60
141.51,B,-81,14.16,Far,7.25,20.60,E,2.82,weak,trotting,0.2618,7.25,20.60
141.51,C,-82,16.42,Far,7.25,20.60,E,2.82,weak,trotting,0.2618,7.25,20.60
141.51,E,-78,6.69,Far,7.25,20.60,E,2.82,weak,trotting,0.2618,7.25,20.60
141.51,F,-92,7.72,Far,7.25,20.60,E,2.82,weak,trotting,0.2618,7.25,20.60
141.51,H,-66,-1.00,Unknown,7.25,20.60,E,2.82,weak,trotting,0.2618,7.25,20.60
141.51,K,-87,3.96,Far,7.25,20.60,E,2.82,weak,trotting,0.2618,7.25,20.60
141.51,M,-94,8.44,Far,7.25,20.60,E,2.82,weak,trotting,0.2618,7.25,20.60
142.51,A,-77,11.33,Far,7.02,20.49,E,3.02,weak,trotting,0.0649,7.02,20.49
142.51,B,-82,15.07,Far,7.02,20.49,E,3.02,weak,trotting,0.0649,7.02,20.49
142.51,C,-83,17.13,Far,7.02,20.49,E,3.02,weak,trotting,0.0649,7.02,20.49
142.51,E,-79,7.46,Far,7.02,20.49,E,3.02,weak,trotting,0.0649,7.02,20.49
142.51,F,-92,7.85,Far,7.02,20.49,E,3.02,weak,trotting,0.0649,7.02,20.49
142.51,H,-75,7.74,Far,7.02,20.49,E,3.02,weak,trotting,0.0649,7.02,20.49
142.51,K,-85,3.20,Near,7.02,20.49,E,3.02,weak,trotting,0.0649,7.02,20.49
142.51,M,-93,7.99,Far,7.02,20.49,E,3.02,weak,trotting,0.0649,7.02,20.49
143.51,A,-77,10.97,Far,7.33,19.34,H,2.75,weak,trotting,0.8061,7.33,19.34
143.51,B,-83,15.72,Far,7.33,19.34,H,2.75,weak,trotting,0.8061,7.33,19.34
143.51,C,-83,17.67,Far,7.33,19.34,H,2.75,weak,trotting,0.8061,7.33,19.34
143.51,E,-80,8.20,Far,7.33,19.34,H,2.75,weak,trotting,0.8061,7.33,19.34
143.51,F,-93,7.84,Far,7.33,19.34,H,2.75,weak,trotting,0.8061,7.33,19.34
143.51,H,-81,8.25,Far,7.33,19.34,H,2.75,weak,trotting,0.8061,7.33,19.34
143.51,K,-84,2.73,Near,7.33,19.34,H,2.75,weak,trotting,0.8061,7.33,19.34
143.51,M,-93,7.65,Far,7.33,19.34,H,2.75,weak,trotting,0.8061,7.33,19.34
144.51,A,-77,10.66,Far,7.62,18.01,H,3.10,weak,trotting,0.4833,7.62,18.01
144.51,B,-83,16.34,Far,7.62,18.01,H,3.10,weak,trotting,0.4833,7.62,18.01
144.51,C,-84,18.48,Far,7.62,18.01,H,3.10,weak,trotting,0.4833,7.62,18.01
144.51,E,-80,8.90,Far,7.62,18.01,H,3.10,weak,trotting,0.4833,7.62,18.01
144.51,F,-93,7.96,Far,7.62,18.01,H,3.10,weak,trotting,0.4833,7.62,18.01
144.51,H,-85,8.51,Far,7.62,18.01,H,3.10,weak,trotting,0.4833,7.62,18.01
144.51,K,-82,2.03,Near,7.62,18.01,H,3.10,weak,trotting,0.4833,7.62,18.01
144.51,M,-92,7.20,Far,7.62,18.01,H,3.10,weak,trotting,0.4833,7.62,18.01
145.51,A,-77,10.58,Far,7.59,16.65,H,3.59,weak,trotting,0.2410,7.59,16.65
145.51,B,-84,17.08,Far,7.59,16.65,H,3.59,weak,trotting,0.2410,7.59,16.65
145.51,C,-85,19.40,Far,7.59,16.65,H,3.59,weak,trotting,0.2410,7.59,16.65
145.51,E,-81,9.76,Far,7.59,16.65,H,3.59,weak,trotting,0.2410,7.59,16.65
145.51,F,-93,8.06,Far,7.59,16.65,H,3.59,weak,trotting,0.2410,7.59,16.65
145.51,H,-87,7.96,Far,7.59,16.65,H,3.59,weak,trotting,0.2410,7.59,16.65
145.51,K,-79,1.16,Near,7.59,16.65,H,3.59,weak,trotting,0.2410,7.59,16.65
145.51,M,-92,7.00,Far,7.59,16.65,H,3.59,weak,trotting,0.2410,7.59,16.65
146.51,A,-76,10.14,Far,7.58,15.49,K,2.84,weak,trotting,0.7588,7.58,15.49
146.51,B,-84,17.79,Far,7.58,15.49,K,2.84,weak,trotting,0.7588,7.58,15.49
146.51,C,-85,19.80,Far,7.58,15.49,K,2.84,weak,trotting,0.7588,7.58,15.49
146.51,E,-81,10.48,Far,7.58,15.49,K,2.84,weak,trotting,0.7588,7.58,15.49
146.51,F,-93,7.70,Far,7.58,15.49,K,2.84,weak,trotting,0.7588,7.58,15.49
146.51,H,-89,7.93,Far,7.58,15.49,K,2.84,weak,trotting,0.7588,7.58,15.49
146.51,K,-78,1.15,Near,7.58,15.49,K,2.84,weak,trotting,0.7588,7.58,15.49
146.51,M,-92,6.98,Far,7.58,15.49,K,2.84,weak,trotting,0.7588,7.58,15.49
147.51,A,-76,9.59,Far,7.68,15.10,K,2.57,weak,trotting,0.6741,7.68,15.10
147.51,B,-86,19.15,Far,7.68,15.10,K,2.57,weak,trotting,0.6741,7.68,15.10
147.51,C,-84,19.72,Far,7.68,15.10,K,2.57,weak,trotting,0.6741,7.68,15.10
147.51,E,-81,10.91,Far,7.68,15.10,K,2.57,weak,trotting,0.6741,7.68,15.10
147.51,F,-92,7.41,Far,7.68,15.10,K,2.57,weak,trotting,0.6741,7.68,15.10
147.51,H,-90,8.05,Far,7.68,15.10,K,2.57,weak,trotting,0.6741,7.68,15.10
147.51,K,-80,1.40,Near,7.68,15.10,K,2.57,weak,trotting,0.6741,7.68,15.10
147.51,M,-92,6.95,Far,7.68,15.10,K,2.57,weak,trotting,0.6741,7.68,15.10
148.51,A,-75,8.94,Far,7.85,15.00,K,2.37,weak,trotting,0.3268,7.85,15.00
148.51,B,-88,20.55,Far,7.85,15.00,K,2.37,weak,trotting,0.3268,7.85,15.00
148.51,C,-83,19.38,Far,7.85,15.00,K,2.37,weak,trotting,0.3268,7.85,15.00
148.51,E,-81,11.44,Far,7.85,15.00,K,2.37,weak,trotting,0.3268,7.85,15.00
148.51,F,-92,7.45,Far,7.85,15.00,K,2.37,weak,trotting,0.3268,7.85,15.00
148.51,H,-90,7.47,Far,7.85,15.00,K,2.37,weak,trotting,0.3268,7.85,15.00
148.51,K,-82,1.71,Near,7.85,15.00,K,2.37,weak,trotting,0.3268,7.85,15.00
148.51,M,-91,6.65,Far,7.85,15.00,K,2.37,weak,trotting,0.3268,7.85,15.00
149.51,A,-74,8.03,Far,8.01,14.75,K,2.12,weak,trotting,0.5892,8.01,14.75
149.51,B,-88,21.85,Far,8.01,14.75,K,2.12,weak,trotting,0.5892,8.01,14.75
149.51,C,-83,19.57,Far,8.01,14.75,K,2.12,weak,trotting,0.5892,8.01,14.75
149.51,E,-81,12.06,Far,8.01,14.75,K,2.12,weak,trotting,0.5892,8.01,14.75
149.51,F,-93,7.61,Far,8.01,14.75,K,2.12,weak,trotting,0.5892,8.01,14.75
149.51,H,-90,6.86,Far,8.01,14.75,K,2.12,weak,trotting,0.5892,8.01,14.75
149.51,K,-83,1.97,Far,8.01,14.75,K,2.12,weak,trotting,0.5892,8.01,14.75
149.51,M,-91,6.26,Far,8.01,14.75,K,2.12,weak,trotting,0.5892,8.01,14.75
150.51,A,-73,7.16,Far,8.29,14.59,K,1.81,weak,trotting,0.1372,8.29,14.59
150.51,B,-88,22.86,Far,8.29,14.59,K,1.81,weak,trotting,0.1372,8.29,14.59
150.51,C,-83,19.74,Far,8.29,14.59,K,1.81,weak,trotting,0.1372,8.29,14.59
150.51,E,-81,12.34,Far,8.29,14.59,K,1.81,weak,trotting,0.1372,8.29,14.59
150.51,F,-93,7.49,Far,8.29,14.59,K,1.81,weak,trotting,0.1372,8.29,14.59
150.51,H,-89,6.23,Far,8.29,14.59,K,1.81,weak,trotting,0.1372,8.29,14.59
150.51,K,-86,2.44,Far,8.29,14.59,K,1.81,weak,trotting,0.1372,8.29,14.59
150.51,M,-90,6.09,Far,8.29,14.59,K,1.81,weak,trotting,0.1372,8.29,14.59
151.51,A,-72,6.51,Far,8.36,14.29,K,1.66,weak,trotting,0.6953,8.36,14.29
151.51,B,-88,23.47,Far,8.36,14.29,K,1.66,weak,trotting,0.6953,8.36,14.29
151.51,C,-83,20.10,Far,8.36,14.29,K,1.66,weak,trotting,0.6953,8.36,14.29
151.51,E,-79,10.92,Far,8.36,14.29,K,1.66,weak,trotting,0.6953,8.36,14.29
151.51,F,-92,7.07,Far,8.36,14.29,K,1.66,weak,trotting,0.6953,8.36,14.29
151.51,H,-89,5.62,Far,8.36,14.29,K,1.66,weak,trotting,0.6953,8.36,14.29
151.51,K,-88,2.92,Far,8.36,14.29,K,1.66,weak,trotting,0.6953,8.36,14.29
151.51,M,-91,6.19,Far,8.36,14.29,K,1.66,weak,trotting,0.6953,8.36,14.29
152.51,A,-72,6.31,Far,8.18,13.95,K,1.82,weak,trotting,0.6235,8.18,13.95
152.51,B,-88,24.42,Far,8.18,13.95,K,1.82,weak,trotting,0.6235,8.18,13.95
152.51,C,-84,20.44,Far,8.18,13.95,K,1.82,weak,trotting,0.6235,8.18,13.95
152.51,E,-77,9.93,Far,8.18,13.95,K,1.82,weak,trotting,0.6235,8.18,13.95
152.51,F,-91,6.58,Far,8.18,13.95,K,1.82,weak,trotting,0.6235,8.18,13.95
152.51,H,-90,5.87,Far,8.18,13.95,K,1.82,weak,trotting,0.6235,8.18,13.95
152.51,K,-87,2.88,Far,8.18,13.95,K,1.82,weak,trotting,0.6235,8.18,13.95
152.51,M,-92,6.38,Far,8.18,13.95,K,1.82,weak,trotting,0.6235,8.18,13.95
153.51,A,-71,5.86,Far,10.44,15.02,K,1.11,weak,trotting,0.4388,10.44,15.02
153.51,B,-61,-1.00,Unknown,10.44,15.02,K,1.11,weak,trotting,0.4388,10.44,15.02
153.51,C,-83,20.53,Far,10.44,15.02,K,1.11,weak,trotting,0.4388,10.44,15.02
153.51,E,-76,9.40,Far,10.44,15.02,K,1.11,weak,trotting,0.4388,10.44,15.02
153.51,F,-90,6.05,Far,10.44,15.02,K,1.11,weak,trotting,0.4388,10.44,15.02
153.51,H,-91,5.99,Far,10.44,15.02,K,1.11,weak,trotting,0.4388,10.44,15.02
153.51,K,-86,2.86,Far,10.44,15.02,K,1.11,weak,trotting,0.4388,10.44,15.02
153.51,M,-92,6.56,Far,10.44,15.02,K,1.11,weak,trotting,0.4388,10.44,15.02
154.51,A,-70,5.21,Far,10.93,15.02,K,1.38,weak,cantering,0.3164,10.93,15.02
154.51,B,-70,27.39,Far,10.93,15.02,K,1.38,weak,cantering,0.3164,10.93,15.02
154.51,C,-82,19.81,Far,10.93,15.02,K,1.38,weak,cantering,0.3164,10.93,15.02
154.51,E,-75,8.98,Far,10.93,15.02,K,1.38,weak,cantering,0.3164,10.93,15.02
154.51,F,-89,5.65,Far,10.93,15.02,K,1.38,weak,cantering,0.3164,10.93,15.02
154.51,H,-90,5.73,Far,10.93,15.02,K,1.38,weak,cantering,0.3164,10.93,15.02
154.51,K,-86,2.84,Far,10.93,15.02,K,1.38,weak,cantering,0.3164,10.93,15.02
154.51,M,-92,6.59,Far,10.93,15.02,K,1.38,weak,cantering,0.3164,10.93,15.02
155.51,A,-68,3.94,Far,11.09,13.27,E,1.31,weak,cantering,0.7454,11.09,13.27
155.51,B,-76,28.74,Far,11.09,13.27,E,1.31,weak,cantering,0.7454,11.09,13.27
155.51,C,-82,19.73,Far,11.09,13.27,E,1.31,weak,cantering,0.7454,11.09,13.27
155.51,E,-75,8.80,Far,11.09,13.27,E,1.31,weak,cantering,0.7454,11.09,13.27
155.51,F,-90,5.59,Far,11.09,13.27,E,1.31,weak,cantering,0.7454,11.09,13.27
155.51,H,-90,5.66,Far,11.09,13.27,E,1.31,weak,cantering,0.7454,11.09,13.27
155.51,K,-87,3.17,Far,11.09,13.27,E,1.31,weak,cantering,0.7454,11.09,13.27
155.51,M,-93,6.95,Far,11.09,13.27,E,1.31,weak,cantering,0.7454,11.09,13.27
156.51,A,-66,3.09,Far,9.87,11.64,E,2.37,weak,cantering,0.7959,9.87,11.64
156.51,B,-80,29.48,Far,9.87,11.64,E,2.37,weak,cantering,0.7959,9.87,11.64
156.51,C,-82,19.14,Far,9.87,11.64,E,2.37,weak,cantering,0.7959,9.87,11.64
156.51,E,-75,8.65,Far,9.87,11.64,E,2.37,weak,cantering,0.7959,9.87,11.64
156.51,F,-89,5.00,Far,9.87,11.64,E,2.37,weak,cantering,0.7959,9.87,11.64
156.51,H,-91,5.81,Far,9.87,11.64,E,2.37,weak,cantering,0.7959,9.87,11.64
156.51,K,-89,3.64,Far,9.87,11.64,E,2.37,weak,cantering,0.7959,9.87,11.64
156.51,M,-93,7.18,Far,9.87,11.64,E,2.37,weak,cantering,0.7959,9.87,11.64
157.51,A,-67,3.10,Far,6.42,9.95,E,5.33,weak,cantering,1.2071,6.42,9.95
157.51,B,-81,29.33,Far,6.42,9.95,E,5.33,weak,cantering,1.2071,6.42,9.95
157.51,C,-81,18.02,Far,6.42,9.95,E,5.33,weak,cantering,1.2071,6.42,9.95
157.51,E,-75,8.67,Far,6.42,9.95,E,5.33,weak,cantering,1.2071,6.42,9.95
157.51,F,-89,5.13,Far,6.42,9.95,E,5.33,weak,cantering,1.2071,6.42,9.95
157.51,H,-92,6.14,Far,6.42,9.95,E,5.33,weak,cantering,1.2071,6.42,9.95
157.51,K,-62,-1.00,Unknown,6.42,9.95,E,5.33,weak,cantering,1.2071,6.42,9.95
157.51,M,-93,6.97,Far,6.42,9.95,E,5.33,weak,cantering,1.2071,6.42,9.95
158.51,A,-69,3.42,Far,5.69,10.61,E,5.48,weak,cantering,0.4076,5.69,10.61
158.51,B,-83,29.20,Far,5.69,10.61,E,5.48,weak,cantering,0.4076,5.69,10.61
158.51,C,-80,17.65,Far,5.69,10.61,E,5.48,weak,cantering,0.4076,5.69,10.61
158.51,E,-76,8.69,Far,5.69,10.61,E,5.48,weak,cantering,0.4076,5.69,10.61
158.51,F,-91,5.50,Far,5.69,10.61,E,5.48,weak,cantering,0.4076,5.69,10.61
158.51,H,-92,6.24,Far,5.69,10.61,E,5.48,weak,cantering,0.4076,5.69,10.61
158.51,K,-70,3.63,Far,5.69,10.61,E,5.48,weak,cantering,0.4076,5.69,10.61
158.51,M,-94,7.56,Far,5.69,10.61,E,5.48,weak,cantering,0.4076,5.69,10.61
159.51,A,-71,3.88,Far,4.83,12.02,K,5.22,weak,cantering,1.5922,4.83,12.02
159.51,B,-83,29.09,Far,4.83,12.02,K,5.22,weak,cantering,1.5922,4.83,12.02
159.51,C,-81,17.95,Far,4.83,12.02,K,5.22,weak,cantering,1.5922,4.83,12.02
159.51,E,-76,8.84,Far,4.83,12.02,K,5.22,weak,cantering,1.5922,4.83,12.02
159.51,F,-90,5.07,Far,4.83,12.02,K,5.22,weak,cantering,1.5922,4.83,12.02
159.51,H,-92,6.32,Far,4.83,12.02,K,5.22,weak,cantering,1.5922,4.83,12.02
159.51,K,-74,3.34,Far,4.83,12.02,K,5.22,weak,cantering,1.5922,4.83,12.02
159.51,M,-95,8.05,Far,4.83,12.02,K,5.22,weak,cantering,1.5922,4.83,12.02
160.51,A,-72,4.24,Far,4.90,14.08,K,4.90,weak,cantering,0.3252,4.90,14.08
160.51,B,-83,28.30,Far,4.90,14.08,K,4.90,weak,cantering,0.3252,4.90,14.08
160.51,C,-82,18.23,Far,4.90,14.08,K,4.90,weak,cantering,0.3252,4.90,14.08
160.51,E,-77,9.10,Far,4.90,14.08,K,4.90,weak,cantering,0.3252,4.90,14.08
160.51,F,-89,4.75,Far,4.90,14.08,K,4.90,weak,cantering,0.3252,4.90,14.08
160.51,H,-93,6.87,Far,4.90,14.08,K,4.90,weak,cantering,0.3252,4.90,14.08
160.51,K,-77,3.06,Far,4.90,14.08,K,4.90,weak,cantering,0.3252,4.90,14.08
160.51,M,-95,8.40,Far,4.90,14.08,K,4.90,weak,cantering,0.3252,4.90,14.08
161.51,A,-72,4.49,Far,6.74,15.81,K,3.72,weak,cantering,3.0497,6.74,15.81
161.51,B,-83,27.95,Far,6.74,15.81,K,3.72,weak,cantering,3.0497,6.74,15.81
161.51,C,-82,18.67,Far,6.74,15.81,K,3.72,weak,cantering,3.0497,6.74,15.81
161.51,E,-77,9.46,Far,6.74,15.81,K,3.72,weak,cantering,3.0497,6.74,15.81
161.51,F,-85,2.55,Far,6.74,15.81,K,3.72,weak,cantering,3.0497,6.74,15.81
161.51,H,-93,6.72,Far,6.74,15.81,K,3.72,weak,cantering,3.0497,6.74,15.81
161.51,K,-80,3.08,Near,6.74,15.81,K,3.72,weak,cantering,3.0497,6.74,15.81
161.51,M,-95,8.45,Far,6.74,15.81,K,3.72,weak,cantering,3.0497,6.74,15.81
162.51,A,-73,4.79,Far,9.08,15.49,K,1.75,weak,cantering,0.3388,9.08,15.49
162.51,B,-85,28.67,Far,9.08,15.49,K,1.75,weak,cantering,0.3388,9.08,15.49
162.51,C,-83,19.26,Far,9.08,15.49,K,1.75,weak,cantering,0.3388,9.08,15.49
162.51,E,-78,9.67,Far,9.08,15.49,K,1.75,weak,cantering,0.3388,9.08,15.49
162.51,F,-83,2.24,Far,9.08,15.49,K,1.75,weak,cantering,0.3388,9.08,15.49
162.51,H,-93,6.97,Far,9.08,15.49,K,1.75,weak,cantering,0.3388,9.08,15.49
162.51,K,-83,3.33,Near,9.08,15.49,K,1.75,weak,cantering,0.3388,9.08,15.49
162.51,M,-95,8.64,Far,9.08,15.49,K,1.75,weak,cantering,0.3388,9.08,15.49
163.51,A,-74,5.23,Far,9.82,14.48,K,0.51,weak,cantering,0.1447,9.82,14.48
163.51,B,-84,27.94,Far,9.82,14.48,K,0.51,weak,cantering,0.1447,9.82,14.48
163.51,C,-84,19.82,Far,9.82,14.48,K,0.51,weak,cantering,0.1447,9.82,14.48
163.51,E,-78,10.00,Far,9.82,14.48,K,0.51,weak,cantering,0.1447,9.82,14.48
163.51,F,-85,2.55,Far,9.82,14.48,K,0.51,weak,cantering,0.1447,9.82,14.48
163.51,H,-93,6.94,Far,9.82,14.48,K,0.51,weak,cantering,0.1447,9.82,14.48
163.51,K,-84,3.39,Far,9.82,14.48,K,0.51,weak,cantering,0.1447,9.82,14.48
163.51,M,-95,8.80,Far,9.82,14.48,K,0.51,weak,cantering,0.1447,9.82,14.48
164.51,A,-74,5.45,Far,12.05,19.61,K,2.09,weak,cantering,0.0515,12.05,19.61
164.51,B,-83,25.62,Far,12.05,19.61,K,2.09,weak,cantering,0.0515,12.05,19.61
164.51,C,-82,18.55,Far,12.05,19.61,K,2.09,weak,cantering,0.0515,12.05,19.61
164.51,E,-78,10.15,Far,12.05,19.61,K,2.09,weak,cantering,0.0515,12.05,19.61
164.51,F,-88,3.05,Far,12.05,19.61,K,2.09,weak,cantering,0.0515,12.05,19.61
164.51,H,-92,6.47,Far,12.05,19.61,K,2.09,weak,cantering,0.0515,12.05,19.61
164.51,K,-84,3.02,Near,12.05,19.61,K,2.09,weak,cantering,0.0515,12.05,19.61
164.51,M,-66,-1.00,Unknown,12.05,19.61,K,2.09,weak,cantering,0.0515,12.05,19.61
165.51,A,-74,5.75,Far,11.40,20.10,K,1.40,weak,cantering,0.5042,11.40,20.10
165.51,B,-80,21.08,Far,11.40,20.10,K,1.40,weak,cantering,0.5042,11.40,20.10
165.51,C,-81,17.54,Far,11.40,20.10,K,1.40,weak,cantering,0.5042,11.40,20.10
165.51,E,-78,10.29,Far,11.40,20.10,K,1.40,weak,cantering,0.5042,11.40,20.10
165.51,F,-91,3.68,Far,11.40,20.10,K,1.40,weak,cantering,0.5042,11.40,20.10
165.51,H,-91,6.11,Far,11.40,20.10,K,1.40,weak,cantering,0.5042,11.40,20.10
165.51,K,-83,2.78,Near,11.40,20.10,K,1.40,weak,cantering,0.5042,11.40,20.10
165.51,M,-75,8.80,Far,11.40,20.10,K,1.40,weak,cantering,0.5042,11.40,20.10
166.51,A,-74,6.01,Far,12.91,19.33,K,2.99,weak,cantering,0.0813,12.91,19.33
166.51,B,-78,17.56,Far,12.91,19.33,K,2.99,weak,cantering,0.0813,12.91,19.33
166.51,C,-80,16.70,Far,12.91,19.33,K,2.99,weak,cantering,0.0813,12.91,19.33
166.51,E,-78,10.56,Far,12.91,19.33,K,2.99,weak,cantering,0.0813,12.91,19.33
166.51,F,-91,4.07,Far,12.91,19.33,K,2.99,weak,cantering,0.0813,12.91,19.33
166.51,H,-90,5.83,Far,12.91,19.33,K,2.99,weak,cantering,0.0813,12.91,19.33
166.51,K,-84,2.86,Far,12.91,19.33,K,2.99,weak,cantering,0.0813,12.91,19.33
166.51,M,-81,8.99,Far,12.91,19.33,K,2.99,weak,cantering,0.0813,12.91,19.33
167.51,A,-75,6.24,Far,14.97,24.51,K,5.19,weak,cantering,0.2815,14.97,24.51
167.51,B,-79,17.67,Far,14.97,24.51,K,5.19,weak,cantering,0.2815,14.97,24.51
167.51,C,-79,16.00,Far,14.97,24.51,K,5.19,weak,cantering,0.2815,14.97,24.51
167.51,E,-79,10.94,Far,14.97,24.51,K,5.19,weak,cantering,0.2815,14.97,24.51
167.51,F,-91,4.26,Far,14.97,24.51,K,5.19,weak,cantering,0.2815,14.97,24.51
167.51,H,-91,6.06,Far,14.97,24.51,K,5.19,weak,cantering,0.2815,14.97,24.51
167.51,K,-84,2.84,Far,14.97,24.51,K,5.19,weak,cantering,0.2815,14.97,24.51
167.51,M,-57,-1.00,Unknown,14.97,24.51,K,5.19,weak,cantering,0.2815,14.97,24.51
168.51,A,-74,6.33,Far,13.91,25.17,K,4.00,weak,cantering,0.8459,13.91,25.17
168.51,B,-80,17.94,Far,13.91,25.17,K,4.00,weak,cantering,0.8459,13.91,25.17
168.51,C,-78,14.85,Far,13.91,25.17,K,4.00,weak,cantering,0.8459,13.91,25.17
168.51,E,-78,10.62,Far,13.91,25.17,K,4.00,weak,cantering,0.8459,13.91,25.17
168.51,F,-91,4.60,Far,13.91,25.17,K,4.00,weak,cantering,0.8459,13.91,25.17
168.51,H,-92,6.36,Far,13.91,25.17,K,4.00,weak,cantering,0.8459,13.91,25.17
168.51,K,-86,3.10,Far,13.91,25.17,K,4.00,weak,cantering,0.8459,13.91,25.17
168.51,M,-67,8.54,Far,13.91,25.17,K,4.00,weak,cantering,0.8459,13.91,25.17
169.51,A,-75,6.81,Far,10.41,26.36,K,0.55,weak,cantering,0.1480,10.41,26.36
169.51,B,-81,18.03,Far,10.41,26.36,K,0.55,weak,cantering,0.1480,10.41,26.36
169.51,C,-79,14.83,Far,10.41,26.36,K,0.55,weak,cantering,0.1480,10.41,26.36
169.51,E,-77,10.36,Far,10.41,26.36,K,0.55,weak,cantering,0.1480,10.41,26.36
169.51,F,-90,4.49,Far,10.41,26.36,K,0.55,weak,cantering,0.1480,10.41,26.36
169.51,H,-92,6.54,Far,10.41,26.36,K,0.55,weak,cantering,0.1480,10.41,26.36
169.51,K,-88,3.60,Far,10.41,26.36,K,0.55,weak,cantering,0.1480,10.41,26.36
169.51,M,-75,8.37,Far,10.41,26.36,K,0.55,weak,cantering,0.1480,10.41,26.36
170.51,A,-76,7.17,Far,6.52,24.66,E,3.73,weak,cantering,1.1266,6.52,24.66
170.51,B,-82,18.73,Far,6.52,24.66,E,3.73,weak,cantering,1.1266,6.52,24.66
170.51,C,-78,14.17,Far,6.52,24.66,E,3.73,weak,cantering,1.1266,6.52,24.66
170.51,E,-77,9.95,Far,6.52,24.66,E,3.73,weak,cantering,1.1266,6.52,24.66
170.51,F,-92,5.00,Far,6.52,24.66,E,3.73,weak,cantering,1.1266,6.52,24.66
170.51,H,-92,6.70,Far,6.52,24.66,E,3.73,weak,cantering,1.1266,6.52,24.66
170.51,K,-91,4.20,Far,6.52,24.66,E,3.73,weak,cantering,1.1266,6.52,24.66
170.51,M,-81,8.62,Far,6.52,24.66,E,3.73,weak,cantering,1.1266,6.52,24.66
171.51,A,-76,7.49,Far,5.29,20.88,E,4.79,weak,cantering,0.4268,5.29,20.88
171.51,B,-83,19.43,Far,5.29,20.88,E,4.79,weak,cantering,0.4268,5.29,20.88
171.51,C,-78,13.61,Far,5.29,20.88,E,4.79,weak,cantering,0.4268,5.29,20.88
171.51,E,-76,9.42,Far,5.29,20.88,E,4.79,weak,cantering,0.4268,5.29,20.88
171.51,F,-92,5.26,Far,5.29,20.88,E,4.79,weak,cantering,0.4268,5.29,20.88
171.51,H,-92,6.44,Far,5.29,20.88,E,4.79,weak,cantering,0.4268,5.29,20.88
171.51,K,-91,4.47,Far,5.29,20.88,E,4.79,weak,cantering,0.4268,5.29,20.88
171.51,M,-85,8.83,Far,5.29,20.88,E,4.79,weak,cantering,0.4268,5.29,20.88
172.51,A,-77,8.08,Far,2.74,25.85,E,2.75,weak,cantering,2.0026,2.74,25.85
172.51,B,-84,20.11,Far,2.74,25.85,E,2.75,weak,cantering,2.0026,2.74,25.85
172.51,C,-80,14.43,Far,2.74,25.85,E,2.75,weak,cantering,2.0026,2.74,25.85
172.51,E,-76,9.17,Far,2.74,25.85,E,2.75,weak,cantering,2.0026,2.74,25.85
172.51,F,-92,5.37,Far,2.74,25.85,E,2.75,weak,cantering,2.0026,2.74,25.85
172.51,H,-92,6.49,Far,2.74,25.85,E,2.75,weak,cantering,2.0026,2.74,25.85
172.51,K,-88,3.70,Far,2.74,25.85,E,2.75,weak,cantering,2.0026,2.74,25.85
172.51,M,-60,-1.00,Unknown,2.74,25.85,E,2.75,weak,cantering,2.0026,2.74,25.85
173.51,A,-78,8.55,Far,5.40,30.80,E,5.60,weak,cantering,0.5815,5.40,30.80
173.51,B,-85,20.78,Far,5.40,30.80,E,5.60,weak,cantering,0.5815,5.40,30.80
173.51,C,-81,15.06,Far,5.40,30.80,E,5.60,weak,cantering,0.5815,5.40,30.80
173.51,E,-77,9.52,Far,5.40,30.80,E,5.60,weak,cantering,0.5815,5.40,30.80
173.51,F,-92,5.67,Far,5.40,30.80,E,5.60,weak,cantering,0.5815,5.40,30.80
173.51,H,-92,6.65,Far,5.40,30.80,E,5.60,weak,cantering,0.5815,5.40,30.80
173.51,K,-86,2.72,Far,5.40,30.80,E,5.60,weak,cantering,0.5815,5.40,30.80
173.51,M,-68,7.73,Far,5.40,30.80,E,5.60,weak,cantering,0.5815,5.40,30.80
174.51,A,-78,8.87,Far,2.54,30.16,E,4.60,weak,cantering,2.4603,2.54,30.16
174.51,B,-85,21.43,Far,2.54,30.16,E,4.60,weak,cantering,2.4603,2.54,30.16
174.51,C,-83,16.00,Far,2.54,30.16,E,4.60,weak,cantering,2.4603,2.54,30.16
174.51,E,-78,10.06,Far,2.54,30.16,E,4.60,weak,cantering,2.4603,2.54,30.16
174.51,F,-92,5.94,Far,2.54,30.16,E,4.60,weak,cantering,2.4603,2.54,30.16
174.51,H,-65,-1.00,Unknown,2.54,30.16,E,4.60,weak,cantering,2.4603,2.54,30.16
174.51,K,-84,2.22,Near,2.54,30.16,E,4.60,weak,cantering,2.4603,2.54,30.16
174.51,M,-75,6.83,Far,2.54,30.16,E,4.60,weak,cantering,2.4603,2.54,30.16
175.51,A,-78,9.01,Far,1.35,31.79,E,2.59,weak,cantering,0.5872,1.35,31.79
175.51,B,-87,22.81,Far,1.35,31.79,E,2.59,weak,cantering,0.5872,1.35,31.79
175.51,C,-85,17.05,Far,1.35,31.79,E,2.59,weak,cantering,0.5872,1.35,31.79
175.51,E,-79,10.69,Far,1.35,31.79,E,2.59,weak,cantering,0.5872,1.35,31.79
175.51,F,-92,6.07,Far,1.35,31.79,E,2.59,weak,cantering,0.5872,1.35,31.79
175.51,H,-45,-1.00,Unknown,1.35,31.79,E,2.59,weak,cantering,0.5872,1.35,31.79
175.51,K,-81,1.48,Near,1.35,31.79,E,2.59,weak,cantering,0.5872,1.35,31.79
175.51,M,-80,6.83,Far,1.35,31.79,E,2.59,weak,cantering,0.5872,1.35,31.79
176.51,A,-76,8.43,Far,-1.42,29.41,H,3.69,weak,cantering,0.6533,-1.42,29.41
176.51,B,-87,23.73,Far,-1.42,29.41,H,3.69,weak,cantering,0.6533,-1.42,29.41
176.51,C,-85,17.74,Far,-1.42,29.41,H,3.69,weak,cantering,0.6533,-1.42,29.41
176.51,E,-81,11.57,Far,-1.42,29.41,H,3.69,weak,cantering,0.6533,-1.42,29.41
176.51,F,-92,6.06,Far,-1.42,29.41,H,3.69,weak,cantering,0.6533,-1.42,29.41
176.51,H,-61,7.18,Far,-1.42,29.41,H,3.69,weak,cantering,0.6533,-1.42,29.41
176.51,K,-82,1.68,Near,-1.42,29.41,H,3.69,weak,cantering,0.6533,-1.42,29.41
176.51,M,-83,6.31,Far,-1.42,29.41,H,3.69,weak,cantering,0.6533,-1.42,29.41
177.51,A,-75,7.79,Far,-2.35,23.90,H,3.15,weak,cantering,1.6263,-2.35,23.90
177.51,B,-88,24.62,Far,-2.35,23.90,H,3.15,weak,cantering,1.6263,-2.35,23.90
177.51,C,-84,18.05,Far,-2.35,23.90,H,3.15,weak,cantering,1.6263,-2.35,23.90
177.51,E,-82,12.36,Far,-2.35,23.90,H,3.15,weak,cantering,1.6263,-2.35,23.90
177.51,F,-91,5.62,Far,-2.35,23.90,H,3.15,weak,cantering,1.6263,-2.35,23.90
177.51,H,-70,7.32,Far,-2.35,23.90,H,3.15,weak,cantering,1.6263,-2.35,23.90
177.51,K,-84,1.99,Far,-2.35,23.90,H,3.15,weak,cantering,1.6263,-2.35,23.90
177.51,M,-85,6.11,Far,-2.35,23.90,H,3.15,weak,cantering,1.6263,-2.35,23.90
178.51,A,-73,6.49,Far,1.63,19.96,H,1.63,weak,cantering,0.6594,1.63,19.96
178.51,B,-88,25.49,Far,1.63,19.96,H,1.63,weak,cantering,0.6594,1.63,19.96
178.51,C,-84,18.14,Far,1.63,19.96,H,1.63,weak,cantering,0.6594,1.63,19.96
178.51,E,-82,12.76,Far,1.63,19.96,H,1.63,weak,cantering,0.6594,1.63,19.96
178.51,F,-90,5.15,Far,1.63,19.96,H,1.63,weak,cantering,0.6594,1.63,19.96
178.51,H,-77,6.97,Far,1.63,19.96,H,1.63,weak,cantering,0.6594,1.63,19.96
178.51,K,-86,2.40,Far,1.63,19.96,H,1.63,weak,cantering,0.6594,1.63,19.96
178.51,M,-87,6.09,Far,1.63,19.96,H,1.63,weak,cantering,0.6594,1.63,19.96
179.51,A,-72,5.83,Far,6.16,16.92,H,4.83,weak,cantering,0.1396,6.16,16.92
179.51,B,-88,26.50,Far,6.16,16.92,H,4.83,weak,cantering,0.1396,6.16,16.92
179.51,C,-83,18.21,Far,6.16,16.92,H,4.83,weak,cantering,0.1396,6.16,16.92
179.51,E,-80,11.85,Far,6.16,16.92,H,4.83,weak,cantering,0.1396,6.16,16.92
179.51,F,-90,5.17,Far,6.16,16.92,H,4.83,weak,cantering,0.1396,6.16,16.92
179.51,H,-81,6.75,Far,6.16,16.92,H,4.83,weak,cantering,0.1396,6.16,16.92
179.51,K,-86,2.62,Far,6.16,16.92,H,4.83,weak,cantering,0.1396,6.16,16.92
179.51,M,-88,6.08,Far,6.16,16.92,H,4.83,weak,cantering,0.1396,6.16,16.92
180.51,A,-70,5.02,Far,7.64,14.48,H,2.41,weak,cantering,0.0808,7.64,14.48
180.51,B,-88,27.30,Far,7.64,14.48,H,2.41,weak,cantering,0.0808,7.64,14.48
180.51,C,-83,18.28,Far,7.64,14.48,H,2.41,weak,cantering,0.0808,7.64,14.48
180.51,E,-78,10.64,Far,7.64,14.48,H,2.41,weak,cantering,0.0808,7.64,14.48
180.51,F,-90,5.19,Far,7.64,14.48,H,2.41,weak,cantering,0.0808,7.64,14.48
180.51,H,-85,7.30,Far,7.64,14.48,H,2.41,weak,cantering,0.0808,7.64,14.48
180.51,K,-86,2.73,Far,7.64,14.48,H,2.41,weak,cantering,0.0808,7.64,14.48
180.51,M,-89,6.29,Far,7.64,14.48,H,2.41,weak,cantering,0.0808,7.64,14.48
181.50,A,-68,4.01,Far,7.78,13.90,H,2.23,weak,walking,0.0401,7.78,13.90
181.50,B,-88,27.86,Far,7.78,13.90,H,2.23,weak,walking,0.0401,7.78,13.90
181.50,C,-83,18.55,Far,7.78,13.90,H,2.23,weak,walking,0.0401,7.78,13.90
181.50,E,-76,9.50,Far,7.78,13.90,H,2.23,weak,walking,0.0401,7.78,13.90
181.50,F,-89,4.97,Far,7.78,13.90,H,2.23,weak,walking,0.0401,7.78,13.90
181.50,H,-88,7.66,Far,7.78,13.90,H,2.23,weak,walking,0.0401,7.78,13.90
181.50,K,-87,2.96,Far,7.78,13.90,H,2.23,weak,walking,0.0401,7.78,13.90
181.50,M,-91,6.77,Far,7.78,13.90,H,2.23,weak,walking,0.0401,7.78,13.90
182.51,A,-65,2.53,Near,7.78,13.89,H,2.22,weak,stationary,0.0383,7.78,13.89
182.51,B,-87,27.85,Far,7.78,13.89,H,2.22,weak,stationary,0.0383,7.78,13.89
182.51,C,-83,18.80,Far,7.78,13.89,H,2.22,weak,stationary,0.0383,7.78,13.89
182.51,E,-74,7.94,Far,7.78,13.89,H,2.22,weak,stationary,0.0383,7.78,13.89
182.51,F,-88,4.53,Far,7.78,13.89,H,2.22,weak,stationary,0.0383,7.78,13.89
182.51,H,-90,7.96,Far,7.78,13.89,H,2.22,weak,stationary,0.0383,7.78,13.89
182.51,K,-86,2.83,Far,7.78,13.89,H,2.22,weak,stationary,0.0383,7.78,13.89
182.51,M,-93,7.22,Far,7.78,13.89,H,2.22,weak,stationary,0.0383,7.78,13.89
183.51,A,-61,1.28,Near,7.79,13.89,E,2.21,weak,stationary,0.0205,7.79,13.89
183.51,B,-89,29.37,Far,7.79,13.89,E,2.21,weak,stationary,0.0205,7.79,13.89
183.51,C,-83,19.22,Far,7.79,13.89,E,2.21,weak,stationary,0.0205,7.79,13.89
183.51,E,-73,7.29,Far,7.79,13.89,E,2.21,weak,stationary,0.0205,7.79,13.89
183.51,F,-90,4.88,Far,7.79,13.89,E,2.21,weak,stationary,0.0205,7.79,13.89
183.51,H,-92,8.23,Far,7.79,13.89,E,2.21,weak,stationary,0.0205,7.79,13.89
183.51,K,-86,2.97,Far,7.79,13.89,E,2.21,weak,stationary,0.0205,7.79,13.89
183.51,M,-65,-1.00,Unknown,7.79,13.89,E,2.21,weak,stationary,0.0205,7.79,13.89
184.51,A,-58,0.78,Near,7.80,13.90,E,2.20,weak,stationary,0.0199,7.80,13.90
184.51,B,-89,30.62,Far,7.80,13.90,E,2.20,weak,stationary,0.0199,7.80,13.90
184.51,C,-87,20.81,Far,7.80,13.90,E,2.20,weak,stationary,0.0199,7.80,13.90
184.51,E,-72,6.79,Far,7.80,13.90,E,2.20,weak,stationary,0.0199,7.80,13.90
184.51,F,-63,-1.00,Unknown,7.80,13.90,E,2.20,weak,stationary,0.0199,7.80,13.90
184.51,H,-91,7.37,Far,7.80,13.90,E,2.20,weak,stationary,0.0199,7.80,13.90
184.51,K,-86,3.09,Far,7.80,13.90,E,2.20,weak,stationary,0.0199,7.80,13.90
184.51,M,-45,-1.00,Unknown,7.80,13.90,E,2.20,weak,stationary,0.0199,7.80,13.90
185.51,A,-56,0.61,Near,7.81,13.91,E,2.19,weak,stationary,0.0072,7.81,13.91
185.51,B,-90,31.85,Far,7.81,13.91,E,2.19,weak,stationary,0.0072,7.81,13.91
185.51,C,-87,21.80,Far,7.81,13.91,E,2.19,weak,stationary,0.0072,7.81,13.91
185.51,E,-72,6.39,Far,7.81,13.91,E,2.19,weak,stationary,0.0072,7.81,13.91
185.51,F,-71,4.84,Far,7.81,13.91,E,2.19,weak,stationary,0.0072,7.81,13.91
185.51,H,-90,6.77,Far,7.81,13.91,E,2.19,weak,stationary,0.0072,7.81,13.91
185.51,K,-88,3.50,Far,7.81,13.91,E,2.19,weak,stationary,0.0072,7.81,13.91
185.51,M,-32,-1.00,Unknown,7.81,13.91,E,2.19,weak,stationary,0.0072,7.81,13.91
186.51,A,-55,0.54,Near,7.82,13.93,E,2.18,weak,stationary,0.0113,7.82,13.93
186.51,B,-63,-1.00,Unknown,7.82,13.93,E,2.18,weak,stationary,0.0113,7.82,13.93
186.51,C,-86,22.02,Far,7.82,13.93,E,2.18,weak,stationary,0.0113,7.82,13.93
186.51,E,-72,6.21,Far,7.82,13.93,E,2.18,weak,stationary,0.0113,7.82,13.93
186.51,F,-76,4.47,Far,7.82,13.93,E,2.18,weak,stationary,0.0113,7.82,13.93
186.51,H,-63,-1.00,Unknown,7.82,13.93,E,2.18,weak,stationary,0.0113,7.82,13.93
186.51,K,-89,3.84,Far,7.82,13.93,E,2.18,weak,stationary,0.0113,7.82,13.93
186.51,M,-22,-1.00,Unknown,7.82,13.93,E,2.18,weak,stationary,0.0113,7.82,13.93
187.51,A,-54,0.48,Near,8.29,14.29,F,1.73,weak,walking,0.0189,8.29,14.29
187.51,B,-71,34.55,Far,8.29,14.29,F,1.73,weak,walking,0.0189,8.29,14.29
187.51,C,-86,22.22,Far,8.29,14.29,F,1.73,weak,walking,0.0189,8.29,14.29
187.51,E,-72,6.06,Far,8.29,14.29,F,1.73,weak,walking,0.0189,8.29,14.29
187.51,F,-53,-1.00,Unknown,8.29,14.29,F,1.73,weak,walking,0.0189,8.29,14.29
187.51,H,-72,7.01,Far,8.29,14.29,F,1.73,weak,walking,0.0189,8.29,14.29
187.51,K,-88,3.56,Far,8.29,14.29,F,1.73,weak,walking,0.0189,8.29,14.29
187.51,M,-45,7.90,Far,8.29,14.29,F,1.73,weak,walking,0.0189,8.29,14.29
188.51,A,-55,0.52,Near,8.86,14.08,F,1.14,weak,walking,0.0776,8.86,14.08
188.51,B,-77,35.69,Far,8.86,14.08,F,1.14,weak,walking,0.0776,8.86,14.08
188.51,C,-84,21.24,Far,8.86,14.08,F,1.14,weak,walking,0.0776,8.86,14.08
188.51,E,-73,6.16,Far,8.86,14.08,F,1.14,weak,walking,0.0776,8.86,14.08
188.51,F,-65,5.00,Far,8.86,14.08,F,1.14,weak,walking,0.0776,8.86,14.08
188.51,H,-79,7.31,Far,8.86,14.08,F,1.14,weak,walking,0.0776,8.86,14.08
188.51,K,-88,3.81,Far,8.86,14.08,F,1.14,weak,walking,0.0776,8.86,14.08
188.51,M,-61,10.10,Far,8.86,14.08,F,1.14,weak,walking,0.0776,8.86,14.08
189.51,A,-59,0.84,Near,8.64,14.64,F,1.50,weak,walking,0.3525,8.64,14.64
189.51,B,-81,36.57,Far,8.64,14.64,F,1.50,weak,walking,0.3525,8.64,14.64
189.51,C,-82,18.86,Far,8.64,14.64,F,1.50,weak,walking,0.3525,8.64,14.64
189.51,E,-73,6.13,Far,8.64,14.64,F,1.50,weak,walking,0.3525,8.64,14.64
189.51,F,-73,5.07,Far,8.64,14.64,F,1.50,weak,walking,0.3525,8.64,14.64
189.51,H,-55,-1.00,Unknown,8.64,14.64,F,1.50,weak,walking,0.3525,8.64,14.64
189.51,K,-91,4.39,Far,8.64,14.64,F,1.50,weak,walking,0.3525,8.64,14.64
189.51,M,-72,10.81,Far,8.64,14.64,F,1.50,weak,walking,0.3525,8.64,14.64
190.51,A,-62,1.20,Near,8.48,14.78,H,1.71,weak,walking,0.0956,8.48,14.78
190.51,B,-83,36.86,Far,8.48,14.78,H,1.71,weak,walking,0.0956,8.48,14.78
190.51,C,-80,17.11,Far,8.48,14.78,H,1.71,weak,walking,0.0956,8.48,14.78
190.51,E,-73,6.23,Far,8.48,14.78,H,1.71,weak,walking,0.0956,8.48,14.78
190.51,F,-78,4.97,Far,8.48,14.78,H,1.71,weak,walking,0.0956,8.48,14.78
190.51,H,-68,7.94,Far,8.48,14.78,H,1.71,weak,walking,0.0956,8.48,14.78
190.51,K,-92,4.86,Far,8.48,14.78,H,1.71,weak,walking,0.0956,8.48,14.78
190.51,M,-80,11.26,Far,8.48,14.78,H,1.71,weak,walking,0.0956,8.48,14.78
191.51,A,-65,1.64,Far,8.78,15.29,H,1.78,weak,walking,0.0343,8.78,15.29
191.51,B,-85,37.41,Far,8.78,15.29,H,1.78,weak,walking,0.0343,8.78,15.29
191.51,C,-78,15.42,Far,8.78,15.29,H,1.78,weak,walking,0.0343,8.78,15.29
191.51,E,-73,6.06,Far,8.78,15.29,H,1.78,weak,walking,0.0343,8.78,15.29
191.51,F,-81,4.75,Far,8.78,15.29,H,1.78,weak,walking,0.0343,8.78,15.29
191.51,H,-75,7.43,Far,8.78,15.29,H,1.78,weak,walking,0.0343,8.78,15.29
191.51,K,-92,5.22,Far,8.78,15.29,H,1.78,weak,walking,0.0343,8.78,15.29
191.51,M,-56,-1.00,Unknown,8.78,15.29,H,1.78,weak,walking,0.0343,8.78,15.29
192.51,A,-68,2.18,Far,9.09,15.81,H,2.02,weak,walking,0.0440,9.09,15.81
192.51,B,-84,34.97,Far,9.09,15.81,H,2.02,weak,walking,0.0440,9.09,15.81
192.51,C,-77,14.12,Far,9.09,15.81,H,2.02,weak,walking,0.0440,9.09,15.81
192.51,E,-73,6.27,Far,9.09,15.81,H,2.02,weak,walking,0.0440,9.09,15.81
192.51,F,-83,4.60,Far,9.09,15.81,H,2.02,weak,walking,0.0440,9.09,15.81
192.51,H,-80,7.30,Far,9.09,15.81,H,2.02,weak,walking,0.0440,9.09,15.81
192.51,K,-93,5.64,Far,9.09,15.81,H,2.02,weak,walking,0.0440,9.09,15.81
192.51,M,-39,-1.00,Unknown,9.09,15.81,H,2.02,weak,walking,0.0440,9.09,15.81
193.51,A,-70,2.73,Far,9.37,16.34,H,2.42,weak,walking,0.0826,9.37,16.34
193.51,B,-84,33.94,Far,9.37,16.34,H,2.42,weak,walking,0.0826,9.37,16.34
193.51,C,-79,14.71,Far,9.37,16.34,H,2.42,weak,walking,0.0826,9.37,16.34
193.51,E,-74,6.56,Far,9.37,16.34,H,2.42,weak,walking,0.0826,9.37,16.34
193.51,F,-82,3.45,Far,9.37,16.34,H,2.42,weak,walking,0.0826,9.37,16.34
193.51,H,-84,7.37,Far,9.37,16.34,H,2.42,weak,walking,0.0826,9.37,16.34
193.51,K,-65,-1.00,Unknown,9.37,16.34,H,2.42,weak,walking,0.0826,9.37,16.34
193.51,M,-56,10.97,Far,9.37,16.34,H,2.42,weak,walking,0.0826,9.37,16.34
194.51,A,-72,3.28,Far,10.65,18.49,H,1.65,weak,trotting,0.7586,10.65,18.49
194.51,B,-85,34.35,Far,10.65,18.49,H,1.65,weak,trotting,0.7586,10.65,18.49
194.51,C,-81,15.30,Far,10.65,18.49,H,1.65,weak,trotting,0.7586,10.65,18.49
194.51,E,-75,6.82,Far,10.65,18.49,H,1.65,weak,trotting,0.7586,10.65,18.49
194.51,F,-83,3.29,Far,10.65,18.49,H,1.65,weak,trotting,0.7586,10.65,18.49
194.51,H,-87,7.43,Far,10.65,18.49,H,1.65,weak,trotting,0.7586,10.65,18.49
194.51,K,-72,5.13,Far,10.65,18.49,H,1.65,weak,trotting,0.7586,10.65,18.49
194.51,M,-39,-1.00,Unknown,10.65,18.49,H,1.65,weak,trotting,0.7586,10.65,18.49
195.51,A,-72,3.74,Far,11.94,20.63,H,2.04,weak,trotting,0.5979,11.94,20.63
195.51,B,-85,33.40,Far,11.94,20.63,H,2.04,weak,trotting,0.5979,11.94,20.63
195.51,C,-80,14.80,Far,11.94,20.63,H,2.04,weak,trotting,0.5979,11.94,20.63
195.51,E,-75,7.06,Far,11.94,20.63,H,2.04,weak,trotting,0.5979,11.94,20.63
195.51,F,-84,3.27,Far,11.94,20.63,H,2.04,weak,trotting,0.5979,11.94,20.63
195.51,H,-88,7.33,Far,11.94,20.63,H,2.04,weak,trotting,0.5979,11.94,20.63
195.51,K,-78,5.45,Far,11.94,20.63,H,2.04,weak,trotting,0.5979,11.94,20.63
195.51,M,-27,-1.00,Unknown,11.94,20.63,H,2.04,weak,trotting,0.5979,11.94,20.63
196.51,A,-73,4.28,Far,13.23,22.76,H,4.25,weak,trotting,0.7821,13.23,22.76
196.51,B,-85,32.56,Far,13.23,22.76,H,4.25,weak,trotting,0.7821,13.23,22.76
196.51,C,-80,14.79,Far,13.23,22.76,H,4.25,weak,trotting,0.7821,13.23,22.76
196.51,E,-76,7.58,Far,13.23,22.76,H,4.25,weak,trotting,0.7821,13.23,22.76
196.51,F,-86,3.54,Far,13.23,22.76,H,4.25,weak,trotting,0.7821,13.23,22.76
196.51,H,-89,7.24,Far,13.23,22.76,H,4.25,weak,trotting,0.7821,13.23,22.76
196.51,K,-81,5.09,Far,13.23,22.76,H,4.25,weak,trotting,0.7821,13.23,22.76
196.51,M,-19,-1.00,Unknown,13.23,22.76,H,4.25,weak,trotting,0.7821,13.23,22.76
197.51,A,-72,4.24,Far,16.11,27.55,H,4.18,weak,cantering,0.2835,16.11,27.55
197.51,B,-84,31.82,Far,16.11,27.55,H,4.18,weak,cantering,0.2835,16.11,27.55
197.51,C,-82,15.71,Far,16.11,27.55,H,4.18,weak,cantering,0.2835,16.11,27.55
197.51,E,-78,8.31,Far,16.11,27.55,H,4.18,weak,cantering,0.2835,16.11,27.55
197.51,F,-85,3.25,Far,16.11,27.55,H,4.18,weak,cantering,0.2835,16.11,27.55
197.51,H,-89,6.67,Far,16.11,27.55,H,4.18,weak,cantering,0.2835,16.11,27.55
197.51,K,-84,5.12,Far,16.11,27.55,H,4.18,weak,cantering,0.2835,16.11,27.55
197.51,M,-13,-1.00,Unknown,16.11,27.55,H,4.18,weak,cantering,0.2835,16.11,27.55
198.51,A,-71,4.09,Far,18.44,31.33,H,3.09,weak,cantering,1.7268,18.44,31.33
198.51,B,-85,31.81,Far,18.44,31.33,H,3.09,weak,cantering,1.7268,18.44,31.33
198.51,C,-82,16.14,Far,18.44,31.33,H,3.09,weak,cantering,1.7268,18.44,31.33
198.51,E,-78,8.76,Far,18.44,31.33,H,3.09,weak,cantering,1.7268,18.44,31.33
198.51,F,-83,2.49,Near,18.44,31.33,H,3.09,weak,cantering,1.7268,18.44,31.33
198.51,H,-89,6.42,Far,18.44,31.33,H,3.09,weak,cantering,1.7268,18.44,31.33
198.51,K,-83,4.07,Far,18.44,31.33,H,3.09,weak,cantering,1.7268,18.44,31.33
198.51,M,-37,9.48,Far,18.44,31.33,H,3.09,weak,cantering,1.7268,18.44,31.33
199.51,A,-72,4.51,Far,23.24,28.42,H,4.04,weak,cantering,0.7940,23.24,28.42
199.51,B,-85,31.15,Far,23.24,28.42,H,4.04,weak,cantering,0.7940,23.24,28.42
199.51,C,-82,16.38,Far,23.24,28.42,H,4.04,weak,cantering,0.7940,23.24,28.42
199.51,E,-79,9.29,Far,23.24,28.42,H,4.04,weak,cantering,0.7940,23.24,28.42
199.51,F,-58,-1.00,Unknown,23.24,28.42,H,4.04,weak,cantering,0.7940,23.24,28.42
199.51,H,-91,6.87,Far,23.24,28.42,H,4.04,weak,cantering,0.7940,23.24,28.42
199.51,K,-84,3.62,Far,23.24,28.42,H,4.04,weak,cantering,0.7940,23.24,28.42
199.51,M,-54,9.18,Far,23.24,28.42,H,4.04,weak,cantering,0.7940,23.24,28.42
200.51,A,-73,4.73,Far,25.74,23.41,H,6.30,weak,cantering,0.5793,25.74,23.41
200.51,B,-87,32.25,Far,25.74,23.41,H,6.30,weak,cantering,0.5793,25.74,23.41
200.51,C,-83,17.08,Far,25.74,23.41,H,6.30,weak,cantering,0.5793,25.74,23.41
200.51,E,-79,9.53,Far,25.74,23.41,H,6.30,weak,cantering,0.5793,25.74,23.41
200.51,F,-64,1.88,Near,25.74,23.41,H,6.30,weak,cantering,0.5793,25.74,23.41
200.51,H,-92,7.10,Far,25.74,23.41,H,6.30,weak,cantering,0.5793,25.74,23.41
200.51,K,-58,-1.00,Unknown,25.74,23.41,H,6.30,weak,cantering,0.5793,25.74,23.41
200.51,M,-67,9.75,Far,25.74,23.41,H,6.30,weak,cantering,0.5793,25.74,23.41
201.51,A,-73,5.01,Far,24.65,17.89,H,5.11,weak,cantering,2.1553,24.65,17.89
201.51,B,-87,32.96,Far,24.65,17.89,H,5.11,weak,cantering,2.1553,24.65,17.89
201.51,C,-82,16.81,Far,24.65,17.89,H,5.11,weak,cantering,2.1553,24.65,17.89
201.51,E,-78,9.74,Far,24.65,17.89,H,5.11,weak,cantering,2.1553,24.65,17.89
201.51,F,-68,1.42,Near,24.65,17.89,H,5.11,weak,cantering,2.1553,24.65,17.89
201.51,H,-92,7.19,Far,24.65,17.89,H,5.11,weak,cantering,2.1553,24.65,17.89
201.51,K,-68,3.92,Far,24.65,17.89,H,5.11,weak,cantering,2.1553,24.65,17.89
201.51,M,-76,10.37,Far,24.65,17.89,H,5.11,weak,cantering,2.1553,24.65,17.89
202.51,A,-74,5.35,Far,20.26,14.42,K,0.50,weak,cantering,0.7663,20.26,14.42
202.51,B,-87,33.42,Far,20.26,14.42,K,0.50,weak,cantering,0.7663,20.26,14.42
202.51,C,-81,16.33,Far,20.26,14.42,K,0.50,weak,cantering,0.7663,20.26,14.42
202.51,E,-79,10.20,Far,20.26,14.42,K,0.50,weak,cantering,0.7663,20.26,14.42
202.51,F,-75,1.90,Near,20.26,14.42,K,0.50,weak,cantering,0.7663,20.26,14.42
202.51,H,-92,6.99,Far,20.26,14.42,K,0.50,weak,cantering,0.7663,20.26,14.42
202.51,K,-76,4.52,Far,20.26,14.42,K,0.50,weak,cantering,0.7663,20.26,14.42
202.51,M,-82,11.04,Far,20.26,14.42,K,0.50,weak,cantering,0.7663,20.26,14.42
203.51,A,-73,5.46,Far,14.70,14.13,K,4.70,weak,cantering,0.7494,14.70,14.13
203.51,B,-87,33.29,Far,14.70,14.13,K,4.70,weak,cantering,0.7494,14.70,14.13
203.51,C,-81,15.91,Far,14.70,14.13,K,4.70,weak,cantering,0.7494,14.70,14.13
203.51,E,-79,10.62,Far,14.70,14.13,K,4.70,weak,cantering,0.7494,14.70,14.13
203.51,F,-80,2.38,Near,14.70,14.13,K,4.70,weak,cantering,0.7494,14.70,14.13
203.51,H,-91,6.67,Far,14.70,14.13,K,4.70,weak,cantering,0.7494,14.70,14.13
203.51,K,-79,4.10,Far,14.70,14.13,K,4.70,weak,cantering,0.7494,14.70,14.13
203.51,M,-87,11.77,Far,14.70,14.13,K,4.70,weak,cantering,0.7494,14.70,14.13
204.51,A,-74,5.84,Far,10.70,14.76,K,1.03,weak,cantering,0.1859,10.70,14.76
204.51,B,-86,32.46,Far,10.70,14.76,K,1.03,weak,cantering,0.1859,10.70,14.76
204.51,C,-80,15.56,Far,10.70,14.76,K,1.03,weak,cantering,0.1859,10.70,14.76
204.51,E,-80,11.14,Far,10.70,14.76,K,1.03,weak,cantering,0.1859,10.70,14.76
204.51,F,-83,2.85,Far,10.70,14.76,K,1.03,weak,cantering,0.1859,10.70,14.76
204.51,H,-90,5.73,Far,10.70,14.76,K,1.03,weak,cantering,0.1859,10.70,14.76
204.51,K,-81,3.72,Far,10.70,14.76,K,1.03,weak,cantering,0.1859,10.70,14.76
204.51,M,-90,11.70,Far,10.70,14.76,K,1.03,weak,cantering,0.1859,10.70,14.76
205.51,A,-78,6.76,Far,8.96,18.80,K,1.59,weak,cantering,1.6284,8.96,18.80
205.51,B,-86,32.40,Far,8.96,18.80,K,1.59,weak,cantering,1.6284,8.96,18.80
205.51,C,-82,16.48,Far,8.96,18.80,K,1.59,weak,cantering,1.6284,8.96,18.80
205.51,E,-82,12.26,Far,8.96,18.80,K,1.59,weak,cantering,1.6284,8.96,18.80
205.51,F,-58,-1.00,Unknown,8.96,18.80,K,1.59,weak,cantering,1.6284,8.96,18.80
205.51,H,-63,-1.00,Unknown,8.96,18.80,K,1.59,weak,cantering,1.6284,8.96,18.80
205.51,K,-86,4.44,Far,8.96,18.80,K,1.59,weak,cantering,1.6284,8.96,18.80
205.51,M,-63,-1.00,Unknown,8.96,18.80,K,1.59,weak,cantering,1.6284,8.96,18.80
206.51,A,-82,7.92,Far,9.70,22.46,K,2.47,weak,cantering,0.5741,9.70,22.46
206.51,B,-86,32.63,Far,9.70,22.46,K,2.47,weak,cantering,0.5741,9.70,22.46
206.51,C,-85,17.75,Far,9.70,22.46,K,2.47,weak,cantering,0.5741,9.70,22.46
206.51,E,-85,13.53,Far,9.70,22.46,K,2.47,weak,cantering,0.5741,9.70,22.46
206.51,F,-41,-1.00,Unknown,9.70,22.46,K,2.47,weak,cantering,0.5741,9.70,22.46
206.51,H,-44,-1.00,Unknown,9.70,22.46,K,2.47,weak,cantering,0.5741,9.70,22.46
206.51,K,-60,-1.00,Unknown,9.70,22.46,K,2.47,weak,cantering,0.5741,9.70,22.46
206.51,M,-44,-1.00,Unknown,9.70,22.46,K,2.47,weak,cantering,0.5741,9.70,22.46
207.51,A,-57,-1.00,Unknown,11.49,24.18,K,2.35,weak,cantering,0.6800,11.49,24.18
207.51,B,-85,31.48,Far,11.49,24.18,K,2.35,weak,cantering,0.6800,11.49,24.18
207.51,C,-85,18.68,Far,11.49,24.18,K,2.35,weak,cantering,0.6800,11.49,24.18
207.51,E,-59,-1.00,Unknown,11.49,24.18,K,2.35,weak,cantering,0.6800,11.49,24.18
207.51,F,-28,-1.00,Unknown,11.49,24.18,K,2.35,weak,cantering,0.6800,11.49,24.18
207.51,H,-31,-1.00,Unknown,11.49,24.18,K,2.35,weak,cantering,0.6800,11.49,24.18
207.51,K,-42,-1.00,Unknown,11.49,24.18,K,2.35,weak,cantering,0.6800,11.49,24.18
207.51,M,-31,-1.00,Unknown,11.49,24.18,K,2.35,weak,cantering,0.6800,11.49,24.18
208.51,A,-40,-1.00,Unknown,9.02,23.51,K,2.68,weak,cantering,0.6216,9.02,23.51
208.51,B,-83,27.98,Far,9.02,23.51,K,2.68,weak,cantering,0.6216,9.02,23.51
208.51,C,-86,19.59,Far,9.02,23.51,K,2.68,weak,cantering,0.6216,9.02,23.51
208.51,E,-69,16.51,Far,9.02,23.51,K,2.68,weak,cantering,0.6216,9.02,23.51
208.51,F,-20,-1.00,Unknown,9.02,23.51,K,2.68,weak,cantering,0.6216,9.02,23.51
208.51,H,-22,-1.00,Unknown,9.02,23.51,K,2.68,weak,cantering,0.6216,9.02,23.51
208.51,K,-30,-1.00,Unknown,9.02,23.51,K,2.68,weak,cantering,0.6216,9.02,23.51
208.51,M,-22,-1.00,Unknown,9.02,23.51,K,2.68,weak,cantering,0.6216,9.02,23.51
209.51,A,-28,-1.00,Unknown,7.15,21.27,A,3.12,weak,cantering,1.0136,7.15,21.27
209.51,B,-81,24.79,Far,7.15,21.27,A,3.12,weak,cantering,1.0136,7.15,21.27
209.51,C,-87,20.74,Far,7.15,21.27,A,3.12,weak,cantering,1.0136,7.15,21.27
209.51,E,-49,-1.00,Unknown,7.15,21.27,A,3.12,weak,cantering,1.0136,7.15,21.27
209.51,F,-14,-1.00,Unknown,7.15,21.27,A,3.12,weak,cantering,1.0136,7.15,21.27
209.51,H,-15,-1.00,Unknown,7.15,21.27,A,3.12,weak,cantering,1.0136,7.15,21.27
209.51,K,-21,-1.00,Unknown,7.15,21.27,A,3.12,weak,cantering,1.0136,7.15,21.27
209.51,M,-15,-1.00,Unknown,7.15,21.27,A,3.12,weak,cantering,1.0136,7.15,21.27
210.51,A,-20,-1.00,Unknown,7.36,17.27,A,3.80,weak,cantering,0.5188,7.36,17.27
210.51,B,-83,25.18,Far,7.36,17.27,A,3.80,weak,cantering,0.5188,7.36,17.27
210.51,C,-87,21.75,Far,7.36,17.27,A,3.80,weak,cantering,0.5188,7.36,17.27
210.51,E,-34,-1.00,Unknown,7.36,17.27,A,3.80,weak,cantering,0.5188,7.36,17.27
210.51,F,-10,-1.00,Unknown,7.36,17.27,A,3.80,weak,cantering,0.5188,7.36,17.27
210.51,H,-11,-1.00,Unknown,7.36,17.27,A,3.80,weak,cantering,0.5188,7.36,17.27
210.51,K,-44,5.16,Far,7.36,17.27,A,3.80,weak,cantering,0.5188,7.36,17.27
210.51,M,-11,-1.00,Unknown,7.36,17.27,A,3.80,weak,cantering,0.5188,7.36,17.27
211.51,A,-14,-1.00,Unknown,11.17,14.76,A,1.40,weak,cantering,0.6530,11.17,14.76
211.51,B,-84,25.92,Far,11.17,14.76,A,1.40,weak,cantering,0.6530,11.17,14.76
211.51,C,-88,22.88,Far,11.17,14.76,A,1.40,weak,cantering,0.6530,11.17,14.76
211.51,E,-24,-1.00,Unknown,11.17,14.76,A,1.40,weak,cantering,0.6530,11.17,14.76
211.51,F,-7,-1.00,Unknown,11.17,14.76,A,1.40,weak,cantering,0.6530,11.17,14.76
211.51,H,-7,-1.00,Unknown,11.17,14.76,A,1.40,weak,cantering,0.6530,11.17,14.76
211.51,K,-60,7.72,Far,11.17,14.76,A,1.40,weak,cantering,0.6530,11.17,14.76
211.51,M,-7,-1.00,Unknown,11.17,14.76,A,1.40,weak,cantering,0.6530,11.17,14.76
212.51,A,-10,-1.00,Unknown,15.24,16.16,A,5.23,weak,cantering,0.4400,15.24,16.16
212.51,B,-59,-1.00,Unknown,15.24,16.16,A,5.23,weak,cantering,0.4400,15.24,16.16
212.51,C,-88,23.99,Far,15.24,16.16,A,5.23,weak,cantering,0.4400,15.24,16.16
212.51,E,-44,23.22,Far,15.24,16.16,A,5.23,weak,cantering,0.4400,15.24,16.16
212.51,F,-5,-1.00,Unknown,15.24,16.16,A,5.23,weak,cantering,0.4400,15.24,16.16
212.51,H,-5,-1.00,Unknown,15.24,16.16,A,5.23,weak,cantering,0.4400,15.24,16.16
212.51,K,-42,-1.00,Unknown,15.24,16.16,A,5.23,weak,cantering,0.4400,15.24,16.16
212.51,M,-5,-1.00,Unknown,15.24,16.16,A,5.23,weak,cantering,0.4400,15.24,16.16
213.51,A,-7,-1.00,Unknown,16.40,18.72,A,3.82,weak,cantering,1.0950,16.40,18.72
213.51,B,-41,-1.00,Unknown,16.40,18.72,A,3.82,weak,cantering,1.0950,16.40,18.72
213.51,C,-88,25.08,Far,16.40,18.72,A,3.82,weak,cantering,1.0950,16.40,18.72
213.51,E,-59,24.83,Far,16.40,18.72,A,3.82,weak,cantering,1.0950,16.40,18.72
213.51,F,-3,-1.00,Unknown,16.40,18.72,A,3.82,weak,cantering,1.0950,16.40,18.72
213.51,H,-4,-1.00,Unknown,16.40,18.72,A,3.82,weak,cantering,1.0950,16.40,18.72
213.51,K,-29,-1.00,Unknown,16.40,18.72,A,3.82,weak,cantering,1.0950,16.40,18.72
213.51,M,-4,-1.00,Unknown,16.40,18.72,A,3.82,weak,cantering,1.0950,16.40,18.72
214.51,A,-5,-1.00,Unknown,17.39,13.20,A,2.73,weak,cantering,1.6644,17.39,13.20
214.51,B,-57,29.75,Far,17.39,13.20,A,2.73,weak,cantering,1.6644,17.39,13.20
214.51,C,-88,25.54,Far,17.39,13.20,A,2.73,weak,cantering,1.6644,17.39,13.20
214.51,E,-68,26.30,Far,17.39,13.20,A,2.73,weak,cantering,1.6644,17.39,13.20
214.51,F,-2,-1.00,Unknown,17.39,13.20,A,2.73,weak,cantering,1.6644,17.39,13.20
214.51,H,-31,6.05,Far,17.39,13.20,A,2.73,weak,cantering,1.6644,17.39,13.20
214.51,K,-49,8.06,Far,17.39,13.20,A,2.73,weak,cantering,1.6644,17.39,13.20
214.51,M,-30,9.87,Far,17.39,13.20,A,2.73,weak,cantering,1.6644,17.39,13.20
215.52,A,-27,18.24,Far,13.52,9.12,A,4.70,weak,cantering,0.8423,13.52,9.12
215.52,B,-65,29.60,Far,13.52,9.12,A,4.70,weak,cantering,0.8423,13.52,9.12
215.52,C,-85,23.05,Far,13.52,9.12,A,4.70,weak,cantering,0.8423,13.52,9.12
215.52,E,-70,21.52,Far,13.52,9.12,A,4.70,weak,cantering,0.8423,13.52,9.12
215.52,H,-49,7.24,Far,13.52,9.12,A,4.70,weak,cantering,0.8423,13.52,9.12
215.52,K,-61,7.19,Far,13.52,9.12,A,4.70,weak,cantering,0.8423,13.52,9.12
215.52,M,-47,5.67,Far,13.52,9.12,A,4.70,weak,cantering,0.8423,13.52,9.12
216.51,A,-43,18.03,Far,11.06,8.43,A,2.65,weak,cantering,0.8659,11.06,8.43
216.51,B,-71,29.74,Far,11.06,8.43,A,2.65,weak,cantering,0.8659,11.06,8.43
216.51,C,-82,20.71,Far,11.06,8.43,A,2.65,weak,cantering,0.8659,11.06,8.43
216.51,E,-72,18.51,Far,11.06,8.43,A,2.65,weak,cantering,0.8659,11.06,8.43
216.51,H,-62,7.45,Far,11.06,8.43,A,2.65,weak,cantering,0.8659,11.06,8.43
216.51,K,-69,5.33,Far,11.06,8.43,A,2.65,weak,cantering,0.8659,11.06,8.43
216.51,M,-59,4.59,Far,11.06,8.43,A,2.65,weak,cantering,0.8659,11.06,8.43
217.51,A,-56,19.16,Far,16.05,5.91,A,3.95,weak,cantering,0.7677,16.05,5.91
217.51,B,-76,30.36,Far,16.05,5.91,A,3.95,weak,cantering,0.7677,16.05,5.91
217.51,C,-81,19.34,Far,16.05,5.91,A,3.95,weak,cantering,0.7677,16.05,5.91
217.51,E,-73,17.17,Far,16.05,5.91,A,3.95,weak,cantering,0.7677,16.05,5.91
217.51,F,-2,-1.00,Unknown,16.05,5.91,A,3.95,weak,cantering,0.7677,16.05,5.91
217.51,H,-70,5.91,Far,16.05,5.91,A,3.95,weak,cantering,0.7677,16.05,5.91
217.51,K,-74,4.79,Far,16.05,5.91,A,3.95,weak,cantering,0.7677,16.05,5.91
217.51,M,-66,3.40,Far,16.05,5.91,A,3.95,weak,cantering,0.7677,16.05,5.91
218.51,A,-66,20.23,Far,18.80,5.99,A,1.20,weak,cantering,0.3518,18.80,5.99
218.51,B,-79,30.45,Far,18.80,5.99,A,1.20,weak,cantering,0.3518,18.80,5.99
218.51,C,-80,18.22,Far,18.80,5.99,A,1.20,weak,cantering,0.3518,18.80,5.99
218.51,E,-75,16.90,Far,18.80,5.99,A,1.20,weak,cantering,0.3518,18.80,5.99
218.51,F,-1,-1.00,Unknown,18.80,5.99,A,1.20,weak,cantering,0.3518,18.80,5.99
218.51,H,-74,4.34,Far,18.80,5.99,A,1.20,weak,cantering,0.3518,18.80,5.99
218.51,K,-79,5.00,Far,18.80,5.99,A,1.20,weak,cantering,0.3518,18.80,5.99
218.51,M,-71,2.81,Near,18.80,5.99,A,1.20,weak,cantering,0.3518,18.80,5.99
219.51,A,-72,21.40,Far,19.40,6.00,M,0.60,weak,trotting,0.5754,19.40,6.00
219.51,B,-83,31.75,Far,19.40,6.00,M,0.60,weak,trotting,0.5754,19.40,6.00
219.51,C,-80,17.59,Far,19.40,6.00,M,0.60,weak,trotting,0.5754,19.40,6.00
219.51,E,-76,15.88,Far,19.40,6.00,M,0.60,weak,trotting,0.5754,19.40,6.00
219.51,F,-1,-1.00,Unknown,19.40,6.00,M,0.60,weak,trotting,0.5754,19.40,6.00
219.51,H,-78,4.00,Near,19.40,6.00,M,0.60,weak,trotting,0.5754,19.40,6.00
219.51,K,-81,4.32,Far,19.40,6.00,M,0.60,weak,trotting,0.5754,19.40,6.00
219.51,M,-73,1.94,Near,19.40,6.00,M,0.60,weak,trotting,0.5754,19.40,6.00
220.51,A,-77,22.34,Far,19.69,6.02,M,0.31,weak,trotting,0.0969,19.69,6.02
220.51,B,-58,-1.00,Unknown,19.69,6.02,M,0.31,weak,trotting,0.0969,19.69,6.02
220.51,C,-79,16.47,Far,19.69,6.02,M,0.31,weak,trotting,0.0969,19.69,6.02
220.51,E,-76,15.04,Far,19.69,6.02,M,0.31,weak,trotting,0.0969,19.69,6.02
220.51,F,-1,-1.00,Unknown,19.69,6.02,M,0.31,weak,trotting,0.0969,19.69,6.02
220.51,H,-81,3.90,Near,19.69,6.02,M,0.31,weak,trotting,0.0969,19.69,6.02
220.51,K,-83,4.03,Far,19.69,6.02,M,0.31,weak,trotting,0.0969,19.69,6.02
220.51,M,-73,1.16,Near,19.69,6.02,M,0.31,weak,trotting,0.0969,19.69,6.02
221.51,A,-79,22.54,Far,19.67,6.62,M,0.70,weak,walking,0.0079,19.67,6.62
221.51,B,-41,-1.00,Unknown,19.67,6.62,M,0.70,weak,walking,0.0079,19.67,6.62
221.51,C,-78,15.55,Far,19.67,6.62,M,0.70,weak,walking,0.0079,19.67,6.62
221.51,E,-77,14.59,Far,19.67,6.62,M,0.70,weak,walking,0.0079,19.67,6.62
221.51,F,0,-1.00,Unknown,19.67,6.62,M,0.70,weak,walking,0.0079,19.67,6.62
221.51,H,-84,4.21,Near,19.67,6.62,M,0.70,weak,walking,0.0079,19.67,6.62
221.51,K,-84,3.94,Far,19.67,6.62,M,0.70,weak,walking,0.0079,19.67,6.62
221.51,M,-72,0.86,Near,19.67,6.62,M,0.70,weak,walking,0.0079,19.67,6.62
222.51,A,-81,22.97,Far,19.68,6.63,M,0.71,weak,stationary,0.1164,19.68,6.63
222.51,B,-56,36.32,Far,19.68,6.63,M,0.71,weak,stationary,0.1164,19.68,6.63
222.51,C,-78,14.79,Far,19.68,6.63,M,0.71,weak,stationary,0.1164,19.68,6.63
222.51,E,-76,13.43,Far,19.68,6.63,M,0.71,weak,stationary,0.1164,19.68,6.63
222.51,F,-29,12.92,Far,19.68,6.63,M,0.71,weak,stationary,0.1164,19.68,6.63
222.51,H,-85,4.29,Far,19.68,6.63,M,0.71,weak,stationary,0.1164,19.68,6.63
222.51,K,-86,4.29,Far,19.68,6.63,M,0.71,weak,stationary,0.1164,19.68,6.63
222.51,M,-72,0.63,Near,19.68,6.63,M,0.71,weak,stationary,0.1164,19.68,6.63
223.51,A,-82,23.11,Far,19.69,6.62,M,0.69,weak,stationary,0.1236,19.69,6.62
223.51,B,-66,37.15,Far,19.69,6.62,M,0.69,weak,stationary,0.1236,19.69,6.62
223.51,C,-76,12.63,Far,19.69,6.62,M,0.69,weak,stationary,0.1236,19.69,6.62
223.51,E,-77,13.20,Far,19.69,6.62,M,0.69,weak,stationary,0.1236,19.69,6.62
223.51,F,-21,-1.00,Unknown,19.69,6.62,M,0.69,weak,stationary,0.1236,19.69,6.62
223.51,H,-88,4.69,Far,19.69,6.62,M,0.69,weak,stationary,0.1236,19.69,6.62
223.51,K,-89,4.74,Far,19.69,6.62,M,0.69,weak,stationary,0.1236,19.69,6.62
223.51,M,-75,0.88,Near,19.69,6.62,M,0.69,weak,stationary,0.1236,19.69,6.62
224.51,A,-82,22.95,Far,19.77,6.46,M,0.51,weak,walking,0.0448,19.77,6.46
224.51,B,-73,37.95,Far,19.77,6.46,M,0.51,weak,walking,0.0448,19.77,6.46
224.51,C,-75,11.12,Far,19.77,6.46,M,0.51,weak,walking,0.0448,19.77,6.46
224.51,E,-77,12.98,Far,19.77,6.46,M,0.51,weak,walking,0.0448,19.77,6.46
224.51,F,-14,-1.00,Unknown,19.77,6.46,M,0.51,weak,walking,0.0448,19.77,6.46
224.51,H,-87,4.44,Far,19.77,6.46,M,0.51,weak,walking,0.0448,19.77,6.46
224.51,K,-90,5.02,Far,19.77,6.46,M,0.51,weak,walking,0.0448,19.77,6.46
224.51,M,-79,1.21,Near,19.77,6.46,M,0.51,weak,walking,0.0448,19.77,6.46
225.51,A,-83,23.08,Far,19.83,6.33,M,0.37,weak,walking,0.1088,19.83,6.33
225.51,B,-78,38.14,Far,19.83,6.33,M,0.37,weak,walking,0.1088,19.83,6.33
225.51,C,-75,10.64,Far,19.83,6.33,M,0.37,weak,walking,0.1088,19.83,6.33
225.51,E,-77,12.80,Far,19.83,6.33,M,0.37,weak,walking,0.1088,19.83,6.33
225.51,F,-10,-1.00,Unknown,19.83,6.33,M,0.37,weak,walking,0.1088,19.83,6.33
225.51,H,-86,3.86,Far,19.83,6.33,M,0.37,weak,walking,0.1088,19.83,6.33
225.51,K,-90,5.17,Far,19.83,6.33,M,0.37,weak,walking,0.1088,19.83,6.33
225.51,M,-83,1.66,Far,19.83,6.33,M,0.37,weak,walking,0.1088,19.83,6.33
226.51,A,-83,23.44,Far,19.74,6.48,M,0.55,weak,walking,0.3653,19.74,6.48
226.51,B,-81,38.31,Far,19.74,6.48,M,0.55,weak,walking,0.3653,19.74,6.48
226.51,C,-74,9.83,Far,19.74,6.48,M,0.55,weak,walking,0.3653,19.74,6.48
226.51,E,-78,12.81,Far,19.74,6.48,M,0.55,weak,walking,0.3653,19.74,6.48
226.51,F,-37,14.33,Far,19.74,6.48,M,0.55,weak,walking,0.3653,19.74,6.48
226.51,H,-86,3.48,Near,19.74,6.48,M,0.55,weak,walking,0.3653,19.74,6.48
226.51,K,-89,4.65,Far,19.74,6.48,M,0.55,weak,walking,0.3653,19.74,6.48
226.51,M,-85,2.13,Far,19.74,6.48,M,0.55,weak,walking,0.3653,19.74,6.48
227.51,A,-84,24.00,Far,19.78,6.41,M,0.47,weak,walking,0.2533,19.78,6.41
227.51,B,-82,37.76,Far,19.78,6.41,M,0.47,weak,walking,0.2533,19.78,6.41
227.51,C,-74,9.19,Far,19.78,6.41,M,0.47,weak,walking,0.2533,19.78,6.41
227.51,E,-78,12.82,Far,19.78,6.41,M,0.47,weak,walking,0.2533,19.78,6.41
227.51,F,-26,-1.00,Unknown,19.78,6.41,M,0.47,weak,walking,0.2533,19.78,6.41
227.51,H,-86,3.42,Near,19.78,6.41,M,0.47,weak,walking,0.2533,19.78,6.41
227.51,K,-89,4.54,Far,19.78,6.41,M,0.47,weak,walking,0.2533,19.78,6.41
227.51,M,-85,2.28,Far,19.78,6.41,M,0.47,weak,walking,0.2533,19.78,6.41
228.51,A,-84,24.29,Far,19.26,7.32,M,1.51,weak,trotting,0.5791,19.26,7.32
228.51,B,-84,37.96,Far,19.26,7.32,M,1.51,weak,trotting,0.5791,19.26,7.32
228.51,C,-73,8.47,Far,19.26,7.32,M,1.51,weak,trotting,0.5791,19.26,7.32
228.51,E,-78,12.65,Far,19.26,7.32,M,1.51,weak,trotting,0.5791,19.26,7.32
228.51,F,-46,10.78,Far,19.26,7.32,M,1.51,weak,trotting,0.5791,19.26,7.32
228.51,H,-87,3.73,Far,19.26,7.32,M,1.51,weak,trotting,0.5791,19.26,7.32
228.51,K,-88,4.45,Far,19.26,7.32,M,1.51,weak,trotting,0.5791,19.26,7.32
228.51,M,-86,2.64,Far,19.26,7.32,M,1.51,weak,trotting,0.5791,19.26,7.32
229.51,A,-85,24.79,Far,18.00,9.48,M,4.01,weak,trotting,0.1764,18.00,9.48
229.51,B,-85,38.14,Far,18.00,9.48,M,4.01,weak,trotting,0.1764,18.00,9.48
229.51,C,-73,7.71,Far,18.00,9.48,M,4.01,weak,trotting,0.1764,18.00,9.48
229.51,E,-77,11.84,Far,18.00,9.48,M,4.01,weak,trotting,0.1764,18.00,9.48
229.51,F,-60,9.61,Far,18.00,9.48,M,4.01,weak,trotting,0.1764,18.00,9.48
229.51,H,-89,4.20,Far,18.00,9.48,M,4.01,weak,trotting,0.1764,18.00,9.48
229.51,K,-89,4.75,Far,18.00,9.48,M,4.01,weak,trotting,0.1764,18.00,9.48
229.51,M,-88,3.11,Far,18.00,9.48,M,4.01,weak,trotting,0.1764,18.00,9.48
230.51,A,-84,24.47,Far,16.77,11.66,E,3.99,weak,trotting,0.5700,16.77,11.66
230.51,B,-86,38.31,Far,16.77,11.66,E,3.99,weak,trotting,0.5700,16.77,11.66
230.51,C,-72,6.75,Far,16.77,11.66,E,3.99,weak,trotting,0.5700,16.77,11.66
230.51,E,-77,11.41,Far,16.77,11.66,E,3.99,weak,trotting,0.5700,16.77,11.66
230.51,F,-71,10.51,Far,16.77,11.66,E,3.99,weak,trotting,0.5700,16.77,11.66
230.51,H,-90,4.37,Far,16.77,11.66,E,3.99,weak,trotting,0.5700,16.77,11.66
230.51,K,-91,5.17,Far,16.77,11.66,E,3.99,weak,trotting,0.5700,16.77,11.66
230.51,M,-90,3.66,Far,16.77,11.66,E,3.99,weak,trotting,0.5700,16.77,11.66
231.51,A,-85,24.73,Far,15.65,13.90,E,4.35,weak,trotting,0.4199,15.65,13.90
231.51,B,-86,37.77,Far,15.65,13.90,E,4.35,weak,trotting,0.4199,15.65,13.90
231.51,C,-70,5.28,Far,15.65,13.90,E,4.35,weak,trotting,0.4199,15.65,13.90
231.51,E,-77,11.05,Far,15.65,13.90,E,4.35,weak,trotting,0.4199,15.65,13.90
231.51,F,-79,10.93,Far,15.65,13.90,E,4.35,weak,trotting,0.4199,15.65,13.90
231.51,H,-90,4.61,Far,15.65,13.90,E,4.35,weak,trotting,0.4199,15.65,13.90
231.51,K,-92,5.57,Far,15.65,13.90,E,4.35,weak,trotting,0.4199,15.65,13.90
231.51,M,-91,4.20,Far,15.65,13.90,E,4.35,weak,trotting,0.4199,15.65,13.90
232.51,A,-85,24.96,Far,14.57,16.14,E,5.05,weak,trotting,0.6455,14.57,16.14
232.51,B,-87,38.51,Far,14.57,16.14,E,5.05,weak,trotting,0.6455,14.57,16.14
232.51,C,-68,4.39,Far,14.57,16.14,E,5.05,weak,trotting,0.6455,14.57,16.14
232.51,E,-76,10.54,Far,14.57,16.14,E,5.05,weak,trotting,0.6455,14.57,16.14
232.51,F,-84,11.01,Far,14.57,16.14,E,5.05,weak,trotting,0.6455,14.57,16.14
232.51,H,-90,4.72,Far,14.57,16.14,E,5.05,weak,trotting,0.6455,14.57,16.14
232.51,K,-91,5.51,Far,14.57,16.14,E,5.05,weak,trotting,0.6455,14.57,16.14
232.51,M,-92,4.77,Far,14.57,16.14,E,5.05,weak,trotting,0.6455,14.57,16.14
233.51,A,-84,24.64,Far,13.48,18.40,E,3.83,weak,trotting,0.6522,13.48,18.40
233.51,B,-87,37.54,Far,13.48,18.40,E,3.83,weak,trotting,0.6522,13.48,18.40
233.51,C,-68,4.14,Far,13.48,18.40,E,3.83,weak,trotting,0.6522,13.48,18.40
233.51,E,-76,10.13,Far,13.48,18.40,E,3.83,weak,trotting,0.6522,13.48,18.40
233.51,F,-87,9.99,Far,13.48,18.40,E,3.83,weak,trotting,0.6522,13.48,18.40
233.51,H,-91,5.00,Far,13.48,18.40,E,3.83,weak,trotting,0.6522,13.48,18.40
233.51,K,-92,5.79,Far,13.48,18.40,E,3.83,weak,trotting,0.6522,13.48,18.40
233.51,M,-93,5.31,Far,13.48,18.40,E,3.83,weak,trotting,0.6522,13.48,18.40
234.51,A,-83,23.69,Far,12.32,20.61,E,2.40,weak,trotting,0.3462,12.32,20.61
234.51,B,-87,37.43,Far,12.32,20.61,E,2.40,weak,trotting,0.3462,12.32,20.61
234.51,C,-69,4.13,Far,12.32,20.61,E,2.40,weak,trotting,0.3462,12.32,20.61
234.51,E,-77,10.39,Far,12.32,20.61,E,2.40,weak,trotting,0.3462,12.32,20.61
234.51,F,-88,9.56,Far,12.32,20.61,E,2.40,weak,trotting,0.3462,12.32,20.61
234.51,H,-92,5.41,Far,12.32,20.61,E,2.40,weak,trotting,0.3462,12.32,20.61
234.51,K,-90,5.26,Far,12.32,20.61,E,2.40,weak,trotting,0.3462,12.32,20.61
234.51,M,-92,5.31,Far,12.32,20.61,E,2.40,weak,trotting,0.3462,12.32,20.61
235.51,A,-83,23.76,Far,11.15,22.83,E,3.05,weak,trotting,0.7105,11.15,22.83
235.51,B,-87,37.33,Far,11.15,22.83,E,3.05,weak,trotting,0.7105,11.15,22.83
235.51,C,-70,4.43,Far,11.15,22.83,E,3.05,weak,trotting,0.7105,11.15,22.83
235.51,E,-78,10.76,Far,11.15,22.83,E,3.05,weak,trotting,0.7105,11.15,22.83
235.51,F,-90,9.44,Far,11.15,22.83,E,3.05,weak,trotting,0.7105,11.15,22.83
235.51,H,-91,5.12,Far,11.15,22.83,E,3.05,weak,trotting,0.7105,11.15,22.83
235.51,K,-91,5.47,Far,11.15,22.83,E,3.05,weak,trotting,0.7105,11.15,22.83
235.51,M,-91,5.17,Far,11.15,22.83,E,3.05,weak,trotting,0.7105,11.15,22.83
236.51,A,-85,24.45,Far,9.78,24.84,E,1.18,weak,trotting,0.6298,9.78,24.84
236.51,B,-87,37.23,Far,9.78,24.84,E,1.18,weak,trotting,0.6298,9.78,24.84
236.51,C,-72,4.85,Far,9.78,24.84,E,1.18,weak,trotting,0.6298,9.78,24.84
236.51,E,-78,10.66,Far,9.78,24.84,E,1.18,weak,trotting,0.6298,9.78,24.84
236.51,F,-92,9.67,Far,9.78,24.84,E,1.18,weak,trotting,0.6298,9.78,24.84
236.51,H,-88,4.14,Far,9.78,24.84,E,1.18,weak,trotting,0.6298,9.78,24.84
236.51,K,-91,5.65,Far,9.78,24.84,E,1.18,weak,trotting,0.6298,9.78,24.84
236.51,M,-91,5.40,Far,9.78,24.84,E,1.18,weak,trotting,0.6298,9.78,24.84
237.51,A,-85,24.91,Far,10.84,22.58,E,2.71,weak,trotting,0.4974,10.84,22.58
237.51,B,-88,38.39,Far,10.84,22.58,E,2.71,weak,trotting,0.4974,10.84,22.58
237.51,C,-74,5.32,Far,10.84,22.58,E,2.71,weak,trotting,0.4974,10.84,22.58
237.51,E,-77,10.40,Far,10.84,22.58,E,2.71,weak,trotting,0.4974,10.84,22.58
237.51,F,-64,-1.00,Unknown,10.84,22.58,E,2.71,weak,trotting,0.4974,10.84,22.58
237.51,H,-88,3.93,Far,10.84,22.58,E,2.71,weak,trotting,0.4974,10.84,22.58
237.51,K,-92,6.09,Far,10.84,22.58,E,2.71,weak,trotting,0.4974,10.84,22.58
237.51,M,-91,5.25,Far,10.84,22.58,E,2.71,weak,trotting,0.4974,10.84,22.58
238.51,A,-86,25.90,Far,11.19,21.12,E,1.63,weak,trotting,0.2997,11.19,21.12
238.51,B,-89,39.33,Far,11.19,21.12,E,1.63,weak,trotting,0.2997,11.19,21.12
238.51,C,-75,5.79,Far,11.19,21.12,E,1.63,weak,trotting,0.2997,11.19,21.12
238.51,E,-77,10.51,Far,11.19,21.12,E,1.63,weak,trotting,0.2997,11.19,21.12
238.51,F,-72,8.91,Far,11.19,21.12,E,1.63,weak,trotting,0.2997,11.19,21.12
238.51,H,-88,4.04,Far,11.19,21.12,E,1.63,weak,trotting,0.2997,11.19,21.12
238.51,K,-92,5.94,Far,11.19,21.12,E,1.63,weak,trotting,0.2997,11.19,21.12
238.51,M,-89,4.56,Far,11.19,21.12,E,1.63,weak,trotting,0.2997,11.19,21.12
239.51,A,-87,27.03,Far,10.64,21.68,E,1.80,weak,trotting,0.6352,10.64,21.68
239.51,B,-89,40.01,Far,10.64,21.68,E,1.80,weak,trotting,0.6352,10.64,21.68
239.51,C,-76,6.44,Far,10.64,21.68,E,1.80,weak,trotting,0.6352,10.64,21.68
239.51,E,-78,10.99,Far,10.64,21.68,E,1.80,weak,trotting,0.6352,10.64,21.68
239.51,F,-78,8.20,Far,10.64,21.68,E,1.80,weak,trotting,0.6352,10.64,21.68
239.51,H,-87,3.61,Far,10.64,21.68,E,1.80,weak,trotting,0.6352,10.64,21.68
239.51,K,-92,6.17,Far,10.64,21.68,E,1.80,weak,trotting,0.6352,10.64,21.68
239.51,M,-88,4.11,Near,10.64,21.68,E,1.80,weak,trotting,0.6352,10.64,21.68
240.51,A,-87,27.35,Far,12.73,20.30,E,2.74,weak,trotting,0.7754,12.73,20.30
240.51,B,-88,38.89,Far,12.73,20.30,E,2.74,weak,trotting,0.7754,12.73,20.30
240.51,C,-77,6.93,Far,12.73,20.30,E,2.74,weak,trotting,0.7754,12.73,20.30
240.51,E,-78,10.86,Far,12.73,20.30,E,2.74,weak,trotting,0.7754,12.73,20.30
240.51,F,-55,-1.00,Unknown,12.73,20.30,E,2.74,weak,trotting,0.7754,12.73,20.30
240.51,H,-86,3.31,Near,12.73,20.30,E,2.74,weak,trotting,0.7754,12.73,20.30
240.51,K,-93,6.57,Far,12.73,20.30,E,2.74,weak,trotting,0.7754,12.73,20.30
240.51,M,-61,-1.00,Unknown,12.73,20.30,E,2.74,weak,trotting,0.7754,12.73,20.30
241.51,A,-86,27.39,Far,10.35,21.07,E,1.12,weak,trotting,0.1182,10.35,21.07
241.51,B,-89,39.57,Far,10.35,21.07,E,1.12,weak,trotting,0.1182,10.35,21.07
241.51,C,-77,7.39,Far,10.35,21.07,E,1.12,weak,trotting,0.1182,10.35,21.07
241.51,E,-77,10.57,Far,10.35,21.07,E,1.12,weak,trotting,0.1182,10.35,21.07
241.51,F,-66,7.93,Far,10.35,21.07,E,1.12,weak,trotting,0.1182,10.35,21.07
241.51,H,-60,-1.00,Unknown,10.35,21.07,E,1.12,weak,trotting,0.1182,10.35,21.07
241.51,K,-65,-1.00,Unknown,10.35,21.07,E,1.12,weak,trotting,0.1182,10.35,21.07
241.51,M,-69,3.90,Near,10.35,21.07,E,1.12,weak,trotting,0.1182,10.35,21.07
242.51,A,-85,26.45,Far,10.39,22.37,H,2.40,weak,trotting,0.1040,10.39,22.37
242.51,B,-62,-1.00,Unknown,10.39,22.37,H,2.40,weak,trotting,0.1040,10.39,22.37
242.51,C,-77,7.81,Far,10.39,22.37,H,2.40,weak,trotting,0.1040,10.39,22.37
242.51,E,-77,10.50,Far,10.39,22.37,H,2.40,weak,trotting,0.1040,10.39,22.37
242.51,F,-75,8.75,Far,10.39,22.37,H,2.40,weak,trotting,0.1040,10.39,22.37
242.51,H,-63,1.39,Near,10.39,22.37,H,2.40,weak,trotting,0.1040,10.39,22.37
242.51,K,-74,7.03,Far,10.39,22.37,H,2.40,weak,trotting,0.1040,10.39,22.37
242.51,M,-75,4.07,Far,10.39,22.37,H,2.40,weak,trotting,0.1040,10.39,22.37
243.51,A,-85,26.55,Far,9.02,24.27,H,1.99,weak,trotting,0.0005,9.02,24.27
243.51,B,-70,41.18,Far,9.02,24.27,H,1.99,weak,trotting,0.0005,9.02,24.27
243.51,C,-77,7.94,Far,9.02,24.27,H,1.99,weak,trotting,0.0005,9.02,24.27
243.51,E,-77,10.26,Far,9.02,24.27,H,1.99,weak,trotting,0.0005,9.02,24.27
243.51,F,-82,9.44,Far,9.02,24.27,H,1.99,weak,trotting,0.0005,9.02,24.27
243.51,H,-64,0.43,Near,9.02,24.27,H,1.99,weak,trotting,0.0005,9.02,24.27
243.51,K,-81,7.75,Far,9.02,24.27,H,1.99,weak,trotting,0.0005,9.02,24.27
243.51,M,-80,4.40,Far,9.02,24.27,H,1.99,weak,trotting,0.0005,9.02,24.27
244.51,A,-85,26.38,Far,9.01,24.28,H,1.99,weak,stationary,0.0180,9.01,24.28
244.51,B,-75,41.16,Far,9.01,24.28,H,1.99,weak,stationary,0.0180,9.01,24.28
244.51,C,-78,8.42,Far,9.01,24.28,H,1.99,weak,stationary,0.0180,9.01,24.28
244.51,E,-76,9.67,Far,9.01,24.28,H,1.99,weak,stationary,0.0180,9.01,24.28
244.51,F,-87,9.89,Far,9.01,24.28,H,1.99,weak,stationary,0.0180,9.01,24.28
244.51,H,-66,0.44,Near,9.01,24.28,H,1.99,weak,stationary,0.0180,9.01,24.28
244.51,K,-85,8.09,Far,9.01,24.28,H,1.99,weak,stationary,0.0180,9.01,24.28
244.51,M,-83,4.67,Far,9.01,24.28,H,1.99,weak,stationary,0.0180,9.01,24.28
245.51,A,-85,26.73,Far,8.99,24.29,H,1.99,weak,stationary,0.0161,8.99,24.29
245.51,B,-79,40.37,Far,8.99,24.29,H,1.99,weak,stationary,0.0161,8.99,24.29
245.51,C,-78,8.97,Far,8.99,24.29,H,1.99,weak,stationary,0.0161,8.99,24.29
245.51,E,-76,9.39,Far,8.99,24.29,H,1.99,weak,stationary,0.0161,8.99,24.29
245.51,F,-89,9.48,Far,8.99,24.29,H,1.99,weak,stationary,0.0161,8.99,24.29
245.51,H,-67,0.40,Near,8.99,24.29,H,1.99,weak,stationary,0.0161,8.99,24.29
245.51,K,-88,8.36,Far,8.99,24.29,H,1.99,weak,stationary,0.0161,8.99,24.29
245.51,M,-86,4.99,Far,8.99,24.29,H,1.99,weak,stationary,0.0161,8.99,24.29
246.51,A,-85,27.06,Far,9.24,23.74,H,2.38,weak,walking,0.2145,9.24,23.74
246.51,B,-81,39.66,Far,9.24,23.74,H,2.38,weak,walking,0.2145,9.24,23.74
246.51,C,-77,8.38,Far,9.24,23.74,H,2.38,weak,walking,0.2145,9.24,23.74
246.51,E,-76,9.31,Far,9.24,23.74,H,2.38,weak,walking,0.2145,9.24,23.74
246.51,F,-62,-1.00,Unknown,9.24,23.74,H,2.38,weak,walking,0.2145,9.24,23.74
246.51,H,-67,0.33,Immediate,9.24,23.74,H,2.38,weak,walking,0.2145,9.24,23.74
246.51,K,-91,8.73,Far,9.24,23.74,H,2.38,weak,walking,0.2145,9.24,23.74
246.51,M,-87,5.15,Far,9.24,23.74,H,2.38,weak,walking,0.2145,9.24,23.74
247.51,A,-84,25.37,Far,10.53,21.59,H,1.68,weak,trotting,0.7880,10.53,21.59
247.51,B,-82,39.02,Far,10.53,21.59,H,1.68,weak,trotting,0.7880,10.53,21.59
247.51,C,-75,7.75,Far,10.53,21.59,H,1.68,weak,trotting,0.7880,10.53,21.59
247.51,E,-77,9.64,Far,10.53,21.59,H,1.68,weak,trotting,0.7880,10.53,21.59
247.51,F,-43,-1.00,Unknown,10.53,21.59,H,1.68,weak,trotting,0.7880,10.53,21.59
247.51,H,-72,0.59,Immediate,10.53,21.59,H,1.68,weak,trotting,0.7880,10.53,21.59
247.51,K,-92,9.19,Far,10.53,21.59,H,1.68,weak,trotting,0.7880,10.53,21.59
247.51,M,-90,5.66,Far,10.53,21.59,H,1.68,weak,trotting,0.7880,10.53,21.59
248.51,A,-84,25.02,Far,11.83,19.46,H,1.90,weak,trotting,0.4866,11.83,19.46
248.51,B,-83,38.03,Far,11.83,19.46,H,1.90,weak,trotting,0.4866,11.83,19.46
248.51,C,-75,7.75,Far,11.83,19.46,H,1.90,weak,trotting,0.4866,11.83,19.46
248.51,E,-76,8.96,Far,11.83,19.46,H,1.90,weak,trotting,0.4866,11.83,19.46
248.51,F,-30,-1.00,Unknown,11.83,19.46,H,1.90,weak,trotting,0.4866,11.83,19.46
248.51,H,-76,0.89,Near,11.83,19.46,H,1.90,weak,trotting,0.4866,11.83,19.46
248.51,K,-94,9.46,Far,11.83,19.46,H,1.90,weak,trotting,0.4866,11.83,19.46
248.51,M,-91,6.13,Far,11.83,19.46,H,1.90,weak,trotting,0.4866,11.83,19.46
249.51,A,-83,24.71,Far,13.08,17.29,H,4.10,weak,trotting,0.2961,13.08,17.29
249.51,B,-85,38.20,Far,13.08,17.29,H,4.10,weak,trotting,0.2961,13.08,17.29
249.51,C,-76,8.11,Far,13.08,17.29,H,4.10,weak,trotting,0.2961,13.08,17.29
249.51,E,-75,8.62,Far,13.08,17.29,H,4.10,weak,trotting,0.2961,13.08,17.29
249.51,F,-50,9.87,Far,13.08,17.29,H,4.10,weak,trotting,0.2961,13.08,17.29
249.51,H,-80,1.30,Near,13.08,17.29,H,4.10,weak,trotting,0.2961,13.08,17.29
249.51,K,-95,9.83,Far,13.08,17.29,H,4.10,weak,trotting,0.2961,13.08,17.29
249.51,M,-92,6.46,Far,13.08,17.29,H,4.10,weak,trotting,0.2961,13.08,17.29
250.52,A,-82,23.44,Far,14.37,15.15,H,4.52,weak,trotting,0.8297,14.37,15.15
250.52,B,-86,38.64,Far,14.37,15.15,H,4.52,weak,trotting,0.8297,14.37,15.15
250.52,C,-78,8.87,Far,14.37,15.15,H,4.52,weak,trotting,0.8297,14.37,15.15
250.52,E,-74,7.98,Far,14.37,15.15,H,4.52,weak,trotting,0.8297,14.37,15.15
250.52,F,-35,-1.00,Unknown,14.37,15.15,H,4.52,weak,trotting,0.8297,14.37,15.15
250.52,H,-82,1.70,Far,14.37,15.15,H,4.52,weak,trotting,0.8297,14.37,15.15
250.52,K,-94,9.48,Far,14.37,15.15,H,4.52,weak,trotting,0.8297,14.37,15.15
250.52,M,-93,6.76,Far,14.37,15.15,H,4.52,weak,trotting,0.8297,14.37,15.15
251.51,A,-82,22.37,Far,15.41,12.89,H,4.72,weak,trotting,0.0085,15.41,12.89
251.51,B,-87,38.78,Far,15.41,12.89,H,4.72,weak,trotting,0.0085,15.41,12.89
251.51,C,-79,9.48,Far,15.41,12.89,H,4.72,weak,trotting,0.0085,15.41,12.89
251.51,E,-73,7.10,Far,15.41,12.89,H,4.72,weak,trotting,0.0085,15.41,12.89
251.51,F,-54,10.95,Far,15.41,12.89,H,4.72,weak,trotting,0.0085,15.41,12.89
251.51,H,-85,2.21,Far,15.41,12.89,H,4.72,weak,trotting,0.0085,15.41,12.89
251.51,K,-94,9.20,Far,15.41,12.89,H,4.72,weak,trotting,0.0085,15.41,12.89
251.51,M,-93,7.02,Far,15.41,12.89,H,4.72,weak,trotting,0.0085,15.41,12.89
252.51,A,-82,22.05,Far,13.89,13.89,H,3.89,weak,trotting,0.7835,13.89,13.89
252.51,B,-86,37.36,Far,13.89,13.89,H,3.89,weak,trotting,0.7835,13.89,13.89
252.51,C,-79,9.69,Far,13.89,13.89,H,3.89,weak,trotting,0.7835,13.89,13.89
252.51,E,-72,6.46,Far,13.89,13.89,H,3.89,weak,trotting,0.7835,13.89,13.89
252.51,F,-66,10.68,Far,13.89,13.89,H,3.89,weak,trotting,0.7835,13.89,13.89
252.51,H,-86,2.59,Far,13.89,13.89,H,3.89,weak,trotting,0.7835,13.89,13.89
252.51,K,-95,9.57,Far,13.89,13.89,H,3.89,weak,trotting,0.7835,13.89,13.89
252.51,M,-92,6.84,Far,13.89,13.89,H,3.89,weak,trotting,0.7835,13.89,13.89
253.51,A,-81,20.85,Far,15.37,11.89,E,5.09,weak,trotting,0.6644,15.37,11.89
253.51,B,-86,36.93,Far,15.37,11.89,E,5.09,weak,trotting,0.6644,15.37,11.89
253.51,C,-79,10.02,Far,15.37,11.89,E,5.09,weak,trotting,0.6644,15.37,11.89
253.51,E,-71,5.98,Far,15.37,11.89,E,5.09,weak,trotting,0.6644,15.37,11.89
253.51,F,-46,-1.00,Unknown,15.37,11.89,E,5.09,weak,trotting,0.6644,15.37,11.89
253.51,H,-87,2.98,Far,15.37,11.89,E,5.09,weak,trotting,0.6644,15.37,11.89
253.51,K,-96,10.03,Far,15.37,11.89,E,5.09,weak,trotting,0.6644,15.37,11.89
253.51,M,-92,6.83,Far,15.37,11.89,E,5.09,weak,trotting,0.6644,15.37,11.89
254.51,A,-82,20.91,Far,14.58,12.38,E,4.86,weak,trotting,0.1128,14.58,12.38
254.51,B,-86,36.16,Far,14.58,12.38,E,4.86,weak,trotting,0.1128,14.58,12.38
254.51,C,-79,10.46,Far,14.58,12.38,E,4.86,weak,trotting,0.1128,14.58,12.38
254.51,E,-71,5.46,Far,14.58,12.38,E,4.86,weak,trotting,0.1128,14.58,12.38
254.51,F,-62,11.36,Far,14.58,12.38,E,4.86,weak,trotting,0.1128,14.58,12.38
254.51,H,-89,3.50,Far,14.58,12.38,E,4.86,weak,trotting,0.1128,14.58,12.38
254.51,K,-94,8.71,Far,14.58,12.38,E,4.86,weak,trotting,0.1128,14.58,12.38
254.51,M,-93,7.27,Far,14.58,12.38,E,4.86,weak,trotting,0.1128,14.58,12.38
255.51,A,-81,20.19,Far,12.78,14.11,E,2.78,weak,trotting,0.3842,12.78,14.11
255.51,B,-84,33.00,Far,12.78,14.11,E,2.78,weak,trotting,0.3842,12.78,14.11
255.51,C,-79,10.86,Far,12.78,14.11,E,2.78,weak,trotting,0.3842,12.78,14.11
255.51,E,-70,4.92,Far,12.78,14.11,E,2.78,weak,trotting,0.3842,12.78,14.11
255.51,F,-72,11.36,Far,12.78,14.11,E,2.78,weak,trotting,0.3842,12.78,14.11
255.51,H,-90,3.93,Far,12.78,14.11,E,2.78,weak,trotting,0.3842,12.78,14.11
255.51,K,-93,8.57,Far,12.78,14.11,E,2.78,weak,trotting,0.3842,12.78,14.11
255.51,M,-93,7.34,Far,12.78,14.11,E,2.78,weak,trotting,0.3842,12.78,14.11
256.51,A,-80,19.28,Far,12.74,14.71,E,2.83,weak,walking,0.1634,12.74,14.71
256.51,B,-83,30.48,Far,12.74,14.71,E,2.83,weak,walking,0.1634,12.74,14.71
256.51,C,-80,11.22,Far,12.74,14.71,E,2.83,weak,walking,0.1634,12.74,14.71
256.51,E,-68,3.60,Far,12.74,14.71,E,2.83,weak,walking,0.1634,12.74,14.71
256.51,F,-78,10.43,Far,12.74,14.71,E,2.83,weak,walking,0.1634,12.74,14.71
256.51,H,-91,4.45,Far,12.74,14.71,E,2.83,weak,walking,0.1634,12.74,14.71
256.51,K,-91,7.00,Far,12.74,14.71,E,2.83,weak,walking,0.1634,12.74,14.71
256.51,M,-65,-1.00,Unknown,12.74,14.71,E,2.83,weak,walking,0.1634,12.74,14.71
257.51,A,-80,18.78,Far,12.45,15.24,E,2.74,weak,walking,0.1528,12.45,15.24
257.51,B,-81,27.39,Far,12.45,15.24,E,2.74,weak,walking,0.1528,12.45,15.24
257.51,C,-79,11.24,Far,12.45,15.24,E,2.74,weak,walking,0.1528,12.45,15.24
257.51,E,-67,3.33,Far,12.45,15.24,E,2.74,weak,walking,0.1528,12.45,15.24
257.51,F,-82,9.56,Far,12.45,15.24,E,2.74,weak,walking,0.1528,12.45,15.24
257.51,H,-90,4.12,Far,12.45,15.24,E,2.74,weak,walking,0.1528,12.45,15.24
257.51,K,-92,7.09,Far,12.45,15.24,E,2.74,weak,walking,0.1528,12.45,15.24
257.51,M,-74,7.52,Far,12.45,15.24,E,2.74,weak,walking,0.1528,12.45,15.24
258.51,A,-80,18.07,Far,12.86,14.80,E,2.97,weak,walking,0.4228,12.86,14.80
258.51,B,-81,26.24,Far,12.86,14.80,E,2.97,weak,walking,0.4228,12.86,14.80
258.51,C,-79,11.26,Far,12.86,14.80,E,2.97,weak,walking,0.4228,12.86,14.80
258.51,E,-69,3.57,Far,12.86,14.80,E,2.97,weak,walking,0.4228,12.86,14.80
258.51,F,-58,-1.00,Unknown,12.86,14.80,E,2.97,weak,walking,0.4228,12.86,14.80
258.51,H,-88,3.76,Far,12.86,14.80,E,2.97,weak,walking,0.4228,12.86,14.80
258.51,K,-92,7.29,Far,12.86,14.80,E,2.97,weak,walking,0.4228,12.86,14.80
258.51,M,-79,7.38,Far,12.86,14.80,E,2.97,weak,walking,0.4228,12.86,14.80
259.51,A,-80,17.46,Far,14.44,12.85,E,4.59,weak,trotting,0.3839,14.44,12.85
259.51,B,-81,25.23,Far,14.44,12.85,E,4.59,weak,trotting,0.3839,14.44,12.85
259.51,C,-79,11.27,Far,14.44,12.85,E,4.59,weak,trotting,0.3839,14.44,12.85
259.51,E,-71,4.02,Far,14.44,12.85,E,4.59,weak,trotting,0.3839,14.44,12.85
259.51,F,-40,-1.00,Unknown,14.44,12.85,E,4.59,weak,trotting,0.3839,14.44,12.85
259.51,H,-89,3.99,Far,14.44,12.85,E,4.59,weak,trotting,0.3839,14.44,12.85
259.51,K,-93,7.47,Far,14.44,12.85,E,4.59,weak,trotting,0.3839,14.44,12.85
259.51,M,-84,7.87,Far,14.44,12.85,E,4.59,weak,trotting,0.3839,14.44,12.85
260.51,A,-79,16.37,Far,16.01,10.92,E,5.04,weak,trotting,0.4873,16.01,10.92
260.51,B,-81,24.65,Far,16.01,10.92,E,5.04,weak,trotting,0.4873,16.01,10.92
260.51,C,-78,11.28,Far,16.01,10.92,E,5.04,weak,trotting,0.4873,16.01,10.92
260.51,E,-72,4.42,Far,16.01,10.92,E,5.04,weak,trotting,0.4873,16.01,10.92
260.51,F,-28,-1.00,Unknown,16.01,10.92,E,5.04,weak,trotting,0.4873,16.01,10.92
260.51,H,-89,4.18,Far,16.01,10.92,E,5.04,weak,trotting,0.4873,16.01,10.92
260.51,K,-93,7.63,Far,16.01,10.92,E,5.04,weak,trotting,0.4873,16.01,10.92
260.51,M,-86,7.27,Far,16.01,10.92,E,5.04,weak,trotting,0.4873,16.01,10.92
261.51,A,-78,15.48,Far,17.25,9.42,E,4.39,weak,trotting,0.5681,17.25,9.42
261.51,B,-79,21.27,Far,17.25,9.42,E,4.39,weak,trotting,0.5681,17.25,9.42
261.51,C,-78,11.11,Far,17.25,9.42,E,4.39,weak,trotting,0.5681,17.25,9.42
261.51,E,-74,4.98,Far,17.25,9.42,E,4.39,weak,trotting,0.5681,17.25,9.42
261.51,F,-47,8.46,Far,17.25,9.42,E,4.39,weak,trotting,0.5681,17.25,9.42
261.51,H,-89,4.16,Far,17.25,9.42,E,4.39,weak,trotting,0.5681,17.25,9.42
261.51,K,-92,7.00,Far,17.25,9.42,E,4.39,weak,trotting,0.5681,17.25,9.42
261.51,M,-89,7.72,Far,17.25,9.42,E,4.39,weak,trotting,0.5681,17.25,9.42
262.51,A,-77,14.17,Far,16.32,10.71,E,4.93,weak,trotting,0.4552,16.32,10.71
262.51,B,-78,18.36,Far,16.32,10.71,E,4.93,weak,trotting,0.4552,16.32,10.71
262.51,C,-78,11.14,Far,16.32,10.71,E,4.93,weak,trotting,0.4552,16.32,10.71
262.51,E,-76,5.66,Far,16.32,10.71,E,4.93,weak,trotting,0.4552,16.32,10.71
262.51,F,-61,8.21,Far,16.32,10.71,E,4.93,weak,trotting,0.4552,16.32,10.71
262.51,H,-89,4.34,Far,16.32,10.71,E,4.93,weak,trotting,0.4552,16.32,10.71
262.51,K,-92,6.84,Far,16.32,10.71,E,4.93,weak,trotting,0.4552,16.32,10.71
262.51,M,-91,7.87,Far,16.32,10.71,E,4.93,weak,trotting,0.4552,16.32,10.71
263.51,A,-77,13.63,Far,14.88,12.77,E,5.03,weak,trotting,0.2949,14.88,12.77
263.51,B,-78,17.77,Far,14.88,12.77,E,5.03,weak,trotting,0.2949,14.88,12.77
263.51,C,-78,10.99,Far,14.88,12.77,E,5.03,weak,trotting,0.2949,14.88,12.77
263.51,E,-78,6.45,Far,14.88,12.77,E,5.03,weak,trotting,0.2949,14.88,12.77
263.51,F,-71,8.36,Far,14.88,12.77,E,5.03,weak,trotting,0.2949,14.88,12.77
263.51,H,-89,4.48,Far,14.88,12.77,E,5.03,weak,trotting,0.2949,14.88,12.77
263.51,K,-91,6.70,Far,14.88,12.77,E,5.03,weak,trotting,0.2949,14.88,12.77
263.51,M,-91,7.85,Far,14.88,12.77,E,5.03,weak,trotting,0.2949,14.88,12.77
264.51,A,-77,12.94,Far,13.33,14.73,E,3.41,weak,trotting,0.5788,13.33,14.73
264.51,B,-79,17.68,Far,13.33,14.73,E,3.41,weak,trotting,0.5788,13.33,14.73
264.51,C,-78,11.03,Far,13.33,14.73,E,3.41,weak,trotting,0.5788,13.33,14.73
264.51,E,-78,7.12,Far,13.33,14.73,E,3.41,weak,trotting,0.5788,13.33,14.73
264.51,F,-78,8.45,Far,13.33,14.73,E,3.41,weak,trotting,0.5788,13.33,14.73
264.51,H,-90,4.61,Far,13.33,14.73,E,3.41,weak,trotting,0.5788,13.33,14.73
264.51,K,-91,6.59,Far,13.33,14.73,E,3.41,weak,trotting,0.5788,13.33,14.73
264.51,M,-93,8.33,Far,13.33,14.73,E,3.41,weak,trotting,0.5788,13.33,14.73
265.51,A,-76,12.13,Far,11.89,16.75,E,3.34,weak,trotting,0.2284,11.89,16.75
265.51,B,-80,17.59,Far,11.89,16.75,E,3.34,weak,trotting,0.2284,11.89,16.75
265.51,C,-76,10.03,Far,11.89,16.75,E,3.34,weak,trotting,0.2284,11.89,16.75
265.51,E,-79,7.92,Far,11.89,16.75,E,3.34,weak,trotting,0.2284,11.89,16.75
265.51,F,-82,8.30,Far,11.89,16.75,E,3.34,weak,trotting,0.2284,11.89,16.75
265.51,H,-91,5.11,Far,11.89,16.75,E,3.34,weak,trotting,0.2284,11.89,16.75
265.51,K,-91,6.21,Far,11.89,16.75,E,3.34,weak,trotting,0.2284,11.89,16.75
265.51,M,-94,8.88,Far,11.89,16.75,E,3.34,weak,trotting,0.2284,11.89,16.75
266.51,A,-75,10.98,Far,10.93,17.95,E,2.25,weak,trotting,0.1235,10.93,17.95
266.51,B,-81,17.87,Far,10.93,17.95,E,2.25,weak,trotting,0.1235,10.93,17.95
266.51,C,-75,9.28,Far,10.93,17.95,E,2.25,weak,trotting,0.1235,10.93,17.95
266.51,E,-80,8.78,Far,10.93,17.95,E,2.25,weak,trotting,0.1235,10.93,17.95
266.51,F,-86,8.39,Far,10.93,17.95,E,2.25,weak,trotting,0.1235,10.93,17.95
266.51,H,-92,5.44,Far,10.93,17.95,E,2.25,weak,trotting,0.1235,10.93,17.95
266.51,K,-90,6.05,Far,10.93,17.95,E,2.25,weak,trotting,0.1235,10.93,17.95
266.51,M,-96,9.51,Far,10.93,17.95,E,2.25,weak,trotting,0.1235,10.93,17.95
267.51,A,-75,10.09,Far,10.63,18.39,E,1.73,weak,trotting,0.4206,10.63,18.39
267.51,B,-80,17.03,Far,10.63,18.39,E,1.73,weak,trotting,0.4206,10.63,18.39
267.51,C,-76,9.61,Far,10.63,18.39,E,1.73,weak,trotting,0.4206,10.63,18.39
267.51,E,-81,9.54,Far,10.63,18.39,E,1.73,weak,trotting,0.4206,10.63,18.39
267.51,F,-88,8.45,Far,10.63,18.39,E,1.73,weak,trotting,0.4206,10.63,18.39
267.51,H,-93,5.91,Far,10.63,18.39,E,1.73,weak,trotting,0.4206,10.63,18.39
267.51,K,-92,6.58,Far,10.63,18.39,E,1.73,weak,trotting,0.4206,10.63,18.39
267.51,M,-95,9.02,Far,10.63,18.39,E,1.73,weak,trotting,0.4206,10.63,18.39
268.51,A,-74,8.94,Far,10.44,18.04,E,2.01,weak,trotting,0.2825,10.44,18.04
268.51,B,-81,17.50,Far,10.44,18.04,E,2.01,weak,trotting,0.2825,10.44,18.04
268.51,C,-77,9.80,Far,10.44,18.04,E,2.01,weak,trotting,0.2825,10.44,18.04
268.51,E,-81,10.16,Far,10.44,18.04,E,2.01,weak,trotting,0.2825,10.44,18.04
268.51,F,-88,6.70,Far,10.44,18.04,E,2.01,weak,trotting,0.2825,10.44,18.04
268.51,H,-93,6.25,Far,10.44,18.04,E,2.01,weak,trotting,0.2825,10.44,18.04
268.51,K,-93,6.84,Far,10.44,18.04,E,2.01,weak,trotting,0.2825,10.44,18.04
268.51,M,-94,8.82,Far,10.44,18.04,E,2.01,weak,trotting,0.2825,10.44,18.04
269.51,A,-73,8.08,Far,10.36,17.54,E,2.49,weak,walking,0.3517,10.36,17.54
269.51,B,-81,17.42,Far,10.36,17.54,E,2.49,weak,walking,0.3517,10.36,17.54
269.51,C,-78,10.22,Far,10.36,17.54,E,2.49,weak,walking,0.3517,10.36,17.54
269.51,E,-81,10.74,Far,10.36,17.54,E,2.49,weak,walking,0.3517,10.36,17.54
269.51,F,-87,5.50,Far,10.36,17.54,E,2.49,weak,walking,0.3517,10.36,17.54
269.51,H,-92,6.07,Far,10.36,17.54,E,2.49,weak,walking,0.3517,10.36,17.54
269.51,K,-91,6.21,Far,10.36,17.54,E,2.49,weak,walking,0.3517,10.36,17.54
269.51,M,-94,8.66,Far,10.36,17.54,E,2.49,weak,walking,0.3517,10.36,17.54
270.51,A,-73,7.76,Far,10.09,16.77,E,2.77,weak,trotting,0.6676,10.09,16.77
270.51,B,-82,17.89,Far,10.09,16.77,E,2.77,weak,trotting,0.6676,10.09,16.77
270.51,C,-79,10.83,Far,10.09,16.77,E,2.77,weak,trotting,0.6676,10.09,16.77
270.51,E,-81,11.41,Far,10.09,16.77,E,2.77,weak,trotting,0.6676,10.09,16.77
270.51,F,-90,5.99,Far,10.09,16.77,E,2.77,weak,trotting,0.6676,10.09,16.77
270.51,H,-92,5.92,Far,10.09,16.77,E,2.77,weak,trotting,0.6676,10.09,16.77
270.51,K,-91,6.05,Far,10.09,16.77,E,2.77,weak,trotting,0.6676,10.09,16.77
270.51,M,-94,8.68,Far,10.09,16.77,E,2.77,weak,trotting,0.6676,10.09,16.77
271.51,A,-73,7.76,Far,9.95,16.14,E,2.14,weak,trotting,0.3606,9.95,16.14
271.51,B,-82,17.77,Far,9.95,16.14,E,2.14,weak,trotting,0.3606,9.95,16.14
271.51,C,-80,11.32,Far,9.95,16.14,E,2.14,weak,trotting,0.3606,9.95,16.14
271.51,E,-82,12.15,Far,9.95,16.14,E,2.14,weak,trotting,0.3606,9.95,16.14
271.51,F,-91,6.21,Far,9.95,16.14,E,2.14,weak,trotting,0.3606,9.95,16.14
271.51,H,-91,5.94,Far,9.95,16.14,E,2.14,weak,trotting,0.3606,9.95,16.14
271.51,K,-91,6.04,Far,9.95,16.14,E,2.14,weak,trotting,0.3606,9.95,16.14
271.51,M,-95,9.08,Far,9.95,16.14,E,2.14,weak,trotting,0.3606,9.95,16.14
272.51,A,-74,7.88,Far,10.00,16.42,E,2.42,weak,trotting,0.5705,10.00,16.42
272.51,B,-81,17.18,Far,10.00,16.42,E,2.42,weak,trotting,0.5705,10.00,16.42
272.51,C,-79,11.49,Far,10.00,16.42,E,2.42,weak,trotting,0.5705,10.00,16.42
272.51,E,-82,12.72,Far,10.00,16.42,E,2.42,weak,trotting,0.5705,10.00,16.42
272.51,F,-90,5.74,Far,10.00,16.42,E,2.42,weak,trotting,0.5705,10.00,16.42
272.51,H,-91,5.94,Far,10.00,16.42,E,2.42,weak,trotting,0.5705,10.00,16.42
272.51,K,-91,6.03,Far,10.00,16.42,E,2.42,weak,trotting,0.5705,10.00,16.42
272.51,M,-95,9.19,Far,10.00,16.42,E,2.42,weak,trotting,0.5705,10.00,16.42
273.51,A,-74,7.86,Far,9.97,16.30,E,2.30,weak,trotting,0.2263,9.97,16.30
273.51,B,-81,17.13,Far,9.97,16.30,E,2.30,weak,trotting,0.2263,9.97,16.30
273.51,C,-80,11.94,Far,9.97,16.30,E,2.30,weak,trotting,0.2263,9.97,16.30
273.51,E,-81,12.94,Far,9.97,16.30,E,2.30,weak,trotting,0.2263,9.97,16.30
273.51,F,-89,5.09,Far,9.97,16.30,E,2.30,weak,trotting,0.2263,9.97,16.30
273.51,H,-91,5.83,Far,9.97,16.30,E,2.30,weak,trotting,0.2263,9.97,16.30
273.51,K,-91,6.14,Far,9.97,16.30,E,2.30,weak,trotting,0.2263,9.97,16.30
273.51,M,-95,9.43,Far,9.97,16.30,E,2.30,weak,trotting,0.2263,9.97,16.30
274.51,A,-75,7.97,Far,10.03,16.56,E,2.57,weak,trotting,0.2386,10.03,16.56
274.51,B,-80,16.36,Far,10.03,16.56,E,2.57,weak,trotting,0.2386,10.03,16.56
274.51,C,-80,12.21,Far,10.03,16.56,E,2.57,weak,trotting,0.2386,10.03,16.56
274.51,E,-81,12.93,Far,10.03,16.56,E,2.57,weak,trotting,0.2386,10.03,16.56
274.51,F,-88,4.49,Far,10.03,16.56,E,2.57,weak,trotting,0.2386,10.03,16.56
274.51,H,-90,5.46,Far,10.03,16.56,E,2.57,weak,trotting,0.2386,10.03,16.56
274.51,K,-90,5.36,Far,10.03,16.56,E,2.57,weak,trotting,0.2386,10.03,16.56
274.51,M,-95,9.64,Far,10.03,16.56,E,2.57,weak,trotting,0.2386,10.03,16.56
275.51,A,-75,8.07,Far,10.09,16.59,E,2.59,weak,walking,0.0971,10.09,16.59
275.51,B,-79,15.44,Far,10.09,16.59,E,2.59,weak,walking,0.0971,10.09,16.59
275.51,C,-80,12.45,Far,10.09,16.59,E,2.59,weak,walking,0.0971,10.09,16.59
275.51,E,-80,13.12,Far,10.09,16.59,E,2.59,weak,walking,0.0971,10.09,16.59
275.51,F,-85,3.34,Far,10.09,16.59,E,2.59,weak,walking,0.0971,10.09,16.59
275.51,H,-89,5.18,Far,10.09,16.59,E,2.59,weak,walking,0.0971,10.09,16.59
275.51,K,-89,4.83,Far,10.09,16.59,E,2.59,weak,walking,0.0971,10.09,16.59
275.51,M,-96,10.09,Far,10.09,16.59,E,2.59,weak,walking,0.0971,10.09,16.59
276.51,A,-75,8.16,Far,10.19,16.54,E,2.55,weak,walking,0.0859,10.19,16.54
276.51,B,-79,15.15,Far,10.19,16.54,E,2.55,weak,walking,0.0859,10.19,16.54
276.51,C,-80,12.83,Far,10.19,16.54,E,2.55,weak,walking,0.0859,10.19,16.54
276.51,E,-81,13.74,Far,10.19,16.54,E,2.55,weak,walking,0.0859,10.19,16.54
276.51,F,-85,3.04,Near,10.19,16.54,E,2.55,weak,walking,0.0859,10.19,16.54
276.51,H,-90,5.39,Far,10.19,16.54,E,2.55,weak,walking,0.0859,10.19,16.54
276.51,K,-89,4.80,Far,10.19,16.54,E,2.55,weak,walking,0.0859,10.19,16.54
276.51,M,-97,10.63,Far,10.19,16.54,E,2.55,weak,walking,0.0859,10.19,16.54
277.51,A,-75,7.95,Far,10.51,17.05,E,2.99,weak,walking,0.0868,10.51,17.05
277.51,B,-79,15.11,Far,10.51,17.05,E,2.99,weak,walking,0.0868,10.51,17.05
277.51,C,-81,13.45,Far,10.51,17.05,E,2.99,weak,walking,0.0868,10.51,17.05
277.51,E,-81,14.02,Far,10.51,17.05,E,2.99,weak,walking,0.0868,10.51,17.05
277.51,F,-84,2.63,Near,10.51,17.05,E,2.99,weak,walking,0.0868,10.51,17.05
277.51,H,-90,5.25,Far,10.51,17.05,E,2.99,weak,walking,0.0868,10.51,17.05
277.51,K,-89,4.87,Far,10.51,17.05,E,2.99,weak,walking,0.0868,10.51,17.05
277.51,M,-68,-1.00,Unknown,10.51,17.05,E,2.99,weak,walking,0.0868,10.51,17.05
278.51,A,-75,8.06,Far,10.52,17.06,E,2.98,weak,stationary,0.0504,10.52,17.06
278.51,B,-80,15.25,Far,10.52,17.06,E,2.98,weak,stationary,0.0504,10.52,17.06
278.51,C,-82,14.18,Far,10.52,17.06,E,2.98,weak,stationary,0.0504,10.52,17.06
278.51,E,-81,14.09,Far,10.52,17.06,E,2.98,weak,stationary,0.0504,10.52,17.06
278.51,F,-81,1.87,Near,10.52,17.06,E,2.98,weak,stationary,0.0504,10.52,17.06
278.51,H,-88,4.58,Far,10.52,17.06,E,2.98,weak,stationary,0.0504,10.52,17.06
278.51,K,-89,4.83,Far,10.52,17.06,E,2.98,weak,stationary,0.0504,10.52,17.06
278.51,M,-48,-1.00,Unknown,10.52,17.06,E,2.98,weak,stationary,0.0504,10.52,17.06
279.51,A,-75,7.70,Far,10.52,17.08,E,2.97,weak,stationary,0.0228,10.52,17.08
279.51,B,-81,15.83,Far,10.52,17.08,E,2.97,weak,stationary,0.0228,10.52,17.08
279.51,C,-83,15.11,Far,10.52,17.08,E,2.97,weak,stationary,0.0228,10.52,17.08
279.51,E,-80,13.95,Far,10.52,17.08,E,2.97,weak,stationary,0.0228,10.52,17.08
279.51,F,-76,0.56,Immediate,10.52,17.08,E,2.97,weak,stationary,0.0228,10.52,17.08
279.51,H,-91,5.09,Far,10.52,17.08,E,2.97,weak,stationary,0.0228,10.52,17.08
279.51,K,-88,4.30,Far,10.52,17.08,E,2.97,weak,stationary,0.0228,10.52,17.08
279.51,M,-33,-1.00,Unknown,10.52,17.08,E,2.97,weak,stationary,0.0228,10.52,17.08
280.52,A,-75,7.83,Far,10.53,17.09,F,2.96,weak,stationary,0.0216,10.53,17.09
280.52,B,-57,-1.00,Unknown,10.53,17.09,F,2.96,weak,stationary,0.0216,10.53,17.09
280.52,C,-85,16.23,Far,10.53,17.09,F,2.96,weak,stationary,0.0216,10.53,17.09
280.52,E,-79,13.37,Far,10.53,17.09,F,2.96,weak,stationary,0.0216,10.53,17.09
280.52,F,-72,0.31,Immediate,10.53,17.09,F,2.96,weak,stationary,0.0216,10.53,17.09
280.52,H,-92,5.48,Far,10.53,17.09,F,2.96,weak,stationary,0.0216,10.53,17.09
280.52,K,-88,4.15,Far,10.53,17.09,F,2.96,weak,stationary,0.0216,10.53,17.09
280.52,M,-23,-1.00,Unknown,10.53,17.09,F,2.96,weak,stationary,0.0216,10.53,17.09
281.51,A,-75,7.67,Far,10.54,17.10,F,2.95,weak,stationary,0.0306,10.54,17.10
281.51,B,-40,-1.00,Unknown,10.54,17.10,F,2.95,weak,stationary,0.0306,10.54,17.10
281.51,C,-85,17.13,Far,10.54,17.10,F,2.95,weak,stationary,0.0306,10.54,17.10
281.51,E,-79,13.12,Far,10.54,17.10,F,2.95,weak,stationary,0.0306,10.54,17.10
281.51,F,-70,0.25,Immediate,10.54,17.10,F,2.95,weak,stationary,0.0306,10.54,17.10
281.51,H,-92,5.76,Far,10.54,17.10,F,2.95,weak,stationary,0.0306,10.54,17.10
281.51,K,-87,3.82,Far,10.54,17.10,F,2.95,weak,stationary,0.0306,10.54,17.10
281.51,M,-16,-1.00,Unknown,10.54,17.10,F,2.95,weak,stationary,0.0306,10.54,17.10
282.51,A,-75,7.81,Far,10.55,17.11,F,2.94,weak,stationary,0.0151,10.55,17.11
282.51,B,-28,-1.00,Unknown,10.55,17.11,F,2.94,weak,stationary,0.0151,10.55,17.11
282.51,C,-86,18.13,Far,10.55,17.11,F,2.94,weak,stationary,0.0151,10.55,17.11
282.51,E,-79,13.10,Far,10.55,17.11,F,2.94,weak,stationary,0.0151,10.55,17.11
282.51,F,-68,0.20,Immediate,10.55,17.11,F,2.94,weak,stationary,0.0151,10.55,17.11
282.51,H,-93,6.27,Far,10.55,17.11,F,2.94,weak,stationary,0.0151,10.55,17.11
282.51,K,-87,3.87,Far,10.55,17.11,F,2.94,weak,stationary,0.0151,10.55,17.11
282.51,M,-41,11.14,Far,10.55,17.11,F,2.94,weak,stationary,0.0151,10.55,17.11
283.51,A,-76,8.05,Far,10.56,17.12,F,2.94,weak,stationary,0.0252,10.56,17.12
283.51,B,-19,-1.00,Unknown,10.56,17.12,F,2.94,weak,stationary,0.0252,10.56,17.12
283.51,C,-86,18.96,Far,10.56,17.12,F,2.94,weak,stationary,0.0252,10.56,17.12
283.51,E,-80,13.41,Far,10.56,17.12,F,2.94,weak,stationary,0.0252,10.56,17.12
283.51,F,-66,0.18,Immediate,10.56,17.12,F,2.94,weak,stationary,0.0252,10.56,17.12
283.51,H,-94,6.68,Far,10.56,17.12,F,2.94,weak,stationary,0.0252,10.56,17.12
283.51,K,-86,3.49,Far,10.56,17.12,F,2.94,weak,stationary,0.0252,10.56,17.12
283.51,M,-29,-1.00,Unknown,10.56,17.12,F,2.94,weak,stationary,0.0252,10.56,17.12
284.51,A,-75,7.51,Far,10.57,17.13,F,2.93,weak,stationary,0.0996,10.57,17.13
284.51,B,-41,22.62,Far,10.57,17.13,F,2.93,weak,stationary,0.0996,10.57,17.13
284.51,C,-85,19.20,Far,10.57,17.13,F,2.93,weak,stationary,0.0996,10.57,17.13
284.51,E,-80,13.70,Far,10.57,17.13,F,2.93,weak,stationary,0.0996,10.57,17.13
284.51,F,-67,0.24,Immediate,10.57,17.13,F,2.93,weak,stationary,0.0996,10.57,17.13
284.51,H,-94,6.94,Far,10.57,17.13,F,2.93,weak,stationary,0.0996,10.57,17.13
284.51,K,-87,3.73,Far,10.57,17.13,F,2.93,weak,stationary,0.0996,10.57,17.13
284.51,M,-20,-1.00,Unknown,10.57,17.13,F,2.93,weak,stationary,0.0996,10.57,17.13
285.51,A,-74,6.92,Far,10.87,17.65,F,2.50,weak,walking,0.2361,10.87,17.65
285.51,B,-55,23.59,Far,10.87,17.65,F,2.50,weak,walking,0.2361,10.87,17.65
285.51,C,-84,19.17,Far,10.87,17.65,F,2.50,weak,walking,0.2361,10.87,17.65
285.51,E,-81,14.13,Far,10.87,17.65,F,2.50,weak,walking,0.2361,10.87,17.65
285.51,F,-71,0.48,Near,10.87,17.65,F,2.50,weak,walking,0.2361,10.87,17.65
285.51,H,-94,7.18,Far,10.87,17.65,F,2.50,weak,walking,0.2361,10.87,17.65
285.51,K,-88,3.95,Far,10.87,17.65,F,2.50,weak,walking,0.2361,10.87,17.65
285.51,M,-14,-1.00,Unknown,10.87,17.65,F,2.50,weak,walking,0.2361,10.87,17.65
286.51,A,-72,6.30,Far,11.17,18.17,F,2.18,weak,walking,0.0101,11.17,18.17
286.51,B,-64,23.67,Far,11.17,18.17,F,2.18,weak,walking,0.0101,11.17,18.17
286.51,C,-84,19.38,Far,11.17,18.17,F,2.18,weak,walking,0.0101,11.17,18.17
286.51,E,-81,14.53,Far,11.17,18.17,F,2.18,weak,walking,0.0101,11.17,18.17
286.51,F,-75,0.81,Near,11.17,18.17,F,2.18,weak,walking,0.0101,11.17,18.17
286.51,H,-94,7.38,Far,11.17,18.17,F,2.18,weak,walking,0.0101,11.17,18.17
286.51,K,-88,3.98,Far,11.17,18.17,F,2.18,weak,walking,0.0101,11.17,18.17
286.51,M,-38,10.64,Far,11.17,18.17,F,2.18,weak,walking,0.0101,11.17,18.17
287.51,A,-72,5.84,Far,11.54,18.65,F,2.05,weak,walking,0.3341,11.54,18.65
287.51,B,-69,23.47,Far,11.54,18.65,F,2.05,weak,walking,0.3341,11.54,18.65
287.51,C,-84,19.78,Far,11.54,18.65,F,2.05,weak,walking,0.3341,11.54,18.65
287.51,E,-81,14.90,Far,11.54,18.65,F,2.05,weak,walking,0.3341,11.54,18.65
287.51,F,-79,1.18,Near,11.54,18.65,F,2.05,weak,walking,0.3341,11.54,18.65
287.51,H,-94,7.43,Far,11.54,18.65,F,2.05,weak,walking,0.3341,11.54,18.65
287.51,K,-89,4.32,Far,11.54,18.65,F,2.05,weak,walking,0.3341,11.54,18.65
287.51,M,-56,10.92,Far,11.54,18.65,F,2.05,weak,walking,0.3341,11.54,18.65
288.51,A,-71,5.19,Far,12.09,18.87,F,2.38,weak,walking,0.2027,12.09,18.87
288.51,B,-74,23.55,Far,12.09,18.87,F,2.38,weak,walking,0.2027,12.09,18.87
288.51,C,-84,19.93,Far,12.09,18.87,F,2.38,weak,walking,0.2027,12.09,18.87
288.51,E,-82,15.55,Far,12.09,18.87,F,2.38,weak,walking,0.2027,12.09,18.87
288.51,F,-82,1.61,Near,12.09,18.87,F,2.38,weak,walking,0.2027,12.09,18.87
288.51,H,-95,8.02,Far,12.09,18.87,F,2.38,weak,walking,0.2027,12.09,18.87
288.51,K,-91,4.84,Far,12.09,18.87,F,2.38,weak,walking,0.2027,12.09,18.87
288.51,M,-68,11.05,Far,12.09,18.87,F,2.38,weak,walking,0.2027,12.09,18.87
289.51,A,-70,4.58,Far,12.19,18.28,F,2.79,weak,walking,0.3056,12.19,18.28
289.51,B,-77,24.09,Far,12.19,18.28,F,2.79,weak,walking,0.3056,12.19,18.28
289.51,C,-84,20.29,Far,12.19,18.28,F,2.79,weak,walking,0.3056,12.19,18.28
289.51,E,-82,16.02,Far,12.19,18.28,F,2.79,weak,walking,0.3056,12.19,18.28
289.51,F,-85,2.10,Far,12.19,18.28,F,2.79,weak,walking,0.3056,12.19,18.28
289.51,H,-96,8.48,Far,12.19,18.28,F,2.79,weak,walking,0.3056,12.19,18.28
289.51,K,-90,4.80,Far,12.19,18.28,F,2.79,weak,walking,0.3056,12.19,18.28
289.51,M,-76,11.12,Far,12.19,18.28,F,2.79,weak,walking,0.3056,12.19,18.28
290.51,A,-70,4.49,Far,12.08,17.69,F,3.11,weak,walking,0.2328,12.08,17.69
290.51,B,-80,24.37,Far,12.08,17.69,F,3.11,weak,walking,0.2328,12.08,17.69
290.51,C,-84,20.99,Far,12.08,17.69,F,3.11,weak,walking,0.2328,12.08,17.69
290.51,E,-82,16.08,Far,12.08,17.69,F,3.11,weak,walking,0.2328,12.08,17.69
290.51,F,-87,2.59,Far,12.08,17.69,F,3.11,weak,walking,0.2328,12.08,17.69
290.51,H,-96,8.80,Far,12.08,17.69,F,3.11,weak,walking,0.2328,12.08,17.69
290.51,K,-89,4.25,Far,12.08,17.69,F,3.11,weak,walking,0.2328,12.08,17.69
290.51,M,-83,11.69,Far,12.08,17.69,F,3.11,weak,walking,0.2328,12.08,17.69
291.51,A,-69,4.31,Far,11.92,17.11,F,3.47,weak,walking,0.0182,11.92,17.11
291.51,B,-81,24.63,Far,11.92,17.11,F,3.47,weak,walking,0.0182,11.92,17.11
291.51,C,-84,21.04,Far,11.92,17.11,F,3.47,weak,walking,0.0182,11.92,17.11
291.51,E,-82,16.14,Far,11.92,17.11,F,3.47,weak,walking,0.0182,11.92,17.11
291.51,F,-88,3.09,Far,11.92,17.11,F,3.47,weak,walking,0.0182,11.92,17.11
291.51,H,-93,7.32,Far,11.92,17.11,F,3.47,weak,walking,0.0182,11.92,17.11
291.51,K,-89,4.40,Far,11.92,17.11,F,3.47,weak,walking,0.0182,11.92,17.11
291.51,M,-87,11.89,Far,11.92,17.11,F,3.47,weak,walking,0.0182,11.92,17.11
292.51,A,-69,4.06,Far,11.72,16.55,F,3.07,weak,walking,0.0812,11.72,16.55
292.51,B,-83,25.11,Far,11.72,16.55,F,3.07,weak,walking,0.0812,11.72,16.55
292.51,C,-84,21.09,Far,11.72,16.55,F,3.07,weak,walking,0.0812,11.72,16.55
292.51,E,-81,16.20,Far,11.72,16.55,F,3.07,weak,walking,0.0812,11.72,16.55
292.51,F,-89,3.56,Far,11.72,16.55,F,3.07,weak,walking,0.0812,11.72,16.55
292.51,H,-93,7.25,Far,11.72,16.55,F,3.07,weak,walking,0.0812,11.72,16.55
292.51,K,-89,4.54,Far,11.72,16.55,F,3.07,weak,walking,0.0812,11.72,16.55
292.51,M,-90,11.81,Far,11.72,16.55,F,3.07,weak,walking,0.0812,11.72,16.55
293.51,A,-67,2.94,Far,11.57,15.96,K,2.51,weak,walking,0.0277,11.57,15.96
293.51,B,-84,25.76,Far,11.57,15.96,K,2.51,weak,walking,0.0277,11.57,15.96
293.51,C,-84,21.35,Far,11.57,15.96,K,2.51,weak,walking,0.0277,11.57,15.96
293.51,E,-83,16.91,Far,11.57,15.96,K,2.51,weak,walking,0.0277,11.57,15.96
293.51,F,-90,3.91,Far,11.57,15.96,K,2.51,weak,walking,0.0277,11.57,15.96
293.51,H,-93,7.18,Far,11.57,15.96,K,2.51,weak,walking,0.0277,11.57,15.96
293.51,K,-88,3.93,Far,11.57,15.96,K,2.51,weak,walking,0.0277,11.57,15.96
293.51,M,-90,10.64,Far,11.57,15.96,K,2.51,weak,walking,0.0277,11.57,15.96
294.51,A,-65,2.47,Near,11.42,15.38,K,1.98,weak,walking,0.0939,11.42,15.38
294.51,B,-85,26.38,Far,11.42,15.38,K,1.98,weak,walking,0.0939,11.42,15.38
294.51,C,-84,21.60,Far,11.42,15.38,K,1.98,weak,walking,0.0939,11.42,15.38
294.51,E,-82,17.10,Far,11.42,15.38,K,1.98,weak,walking,0.0939,11.42,15.38
294.51,F,-90,4.23,Far,11.42,15.38,K,1.98,weak,walking,0.0939,11.42,15.38
294.51,H,-94,7.58,Far,11.42,15.38,K,1.98,weak,walking,0.0939,11.42,15.38
294.51,K,-86,3.29,Far,11.42,15.38,K,1.98,weak,walking,0.0939,11.42,15.38
294.51,M,-91,10.10,Far,11.42,15.38,K,1.98,weak,walking,0.0939,11.42,15.38
295.51,A,-65,2.40,Near,11.26,14.80,K,1.49,weak,walking,0.0043,11.26,14.80
295.51,B,-86,27.18,Far,11.26,14.80,K,1.49,weak,walking,0.0043,11.26,14.80
295.51,C,-84,21.60,Far,11.26,14.80,K,1.49,weak,walking,0.0043,11.26,14.80
295.51,E,-81,15.97,Far,11.26,14.80,K,1.49,weak,walking,0.0043,11.26,14.80
295.51,F,-90,4.40,Far,11.26,14.80,K,1.49,weak,walking,0.0043,11.26,14.80
295.51,H,-94,7.95,Far,11.26,14.80,K,1.49,weak,walking,0.0043,11.26,14.80
295.51,K,-87,3.48,Far,11.26,14.80,K,1.49,weak,walking,0.0043,11.26,14.80
295.51,M,-92,9.69,Far,11.26,14.80,K,1.49,weak,walking,0.0043,11.26,14.80
296.51,A,-65,2.27,Near,10.59,12.41,K,1.70,weak,trotting,1.4806,10.59,12.41
296.51,B,-86,27.94,Far,10.59,12.41,K,1.70,weak,trotting,1.4806,10.59,12.41
296.51,C,-84,21.83,Far,10.59,12.41,K,1.70,weak,trotting,1.4806,10.59,12.41
296.51,E,-80,15.35,Far,10.59,12.41,K,1.70,weak,trotting,1.4806,10.59,12.41
296.51,F,-89,4.34,Far,10.59,12.41,K,1.70,weak,trotting,1.4806,10.59,12.41
296.51,H,-94,8.06,Far,10.59,12.41,K,1.70,weak,trotting,1.4806,10.59,12.41
296.51,K,-88,3.66,Far,10.59,12.41,K,1.70,weak,trotting,1.4806,10.59,12.41
296.51,M,-92,9.17,Far,10.59,12.41,K,1.70,weak,trotting,1.4806,10.59,12.41
297.51,A,-66,2.42,Near,9.60,10.51,K,3.52,weak,cantering,0.7489,9.60,10.51
297.51,B,-87,28.45,Far,9.60,10.51,K,3.52,weak,cantering,0.7489,9.60,10.51
297.51,C,-82,20.57,Far,9.60,10.51,K,3.52,weak,cantering,0.7489,9.60,10.51
297.51,E,-79,14.83,Far,9.60,10.51,K,3.52,weak,cantering,0.7489,9.60,10.51
297.51,F,-90,4.58,Far,9.60,10.51,K,3.52,weak,cantering,0.7489,9.60,10.51
297.51,H,-94,8.29,Far,9.60,10.51,K,3.52,weak,cantering,0.7489,9.60,10.51
297.51,K,-88,3.73,Far,9.60,10.51,K,3.52,weak,cantering,0.7489,9.60,10.51
297.51,M,-92,8.95,Far,9.60,10.51,K,3.52,weak,cantering,0.7489,9.60,10.51
298.51,A,-68,2.85,Near,11.34,12.30,K,2.16,weak,trotting,0.3762,11.34,12.30
298.51,B,-61,-1.00,Unknown,11.34,12.30,K,2.16,weak,trotting,0.3762,11.34,12.30
298.51,C,-81,19.55,Far,11.34,12.30,K,2.16,weak,trotting,0.3762,11.34,12.30
298.51,E,-79,14.14,Far,11.34,12.30,K,2.16,weak,trotting,0.3762,11.34,12.30
298.51,F,-90,4.59,Far,11.34,12.30,K,2.16,weak,trotting,0.3762,11.34,12.30
298.51,H,-94,8.35,Far,11.34,12.30,K,2.16,weak,trotting,0.3762,11.34,12.30
298.51,K,-87,3.61,Far,11.34,12.30,K,2.16,weak,trotting,0.3762,11.34,12.30
298.51,M,-94,9.44,Far,11.34,12.30,K,2.16,weak,trotting,0.3762,11.34,12.30
299.51,A,-70,3.32,Far,12.91,13.17,K,3.03,weak,cantering,1.4808,12.91,13.17
299.51,B,-69,30.71,Far,12.91,13.17,K,3.03,weak,cantering,1.4808,12.91,13.17
299.51,C,-82,19.71,Far,12.91,13.17,K,3.03,weak,cantering,1.4808,12.91,13.17
299.51,E,-78,13.80,Far,12.91,13.17,K,3.03,weak,cantering,1.4808,12.91,13.17
299.51,F,-89,4.24,Far,12.91,13.17,K,3.03,weak,cantering,1.4808,12.91,13.17
299.51,H,-92,7.30,Far,12.91,13.17,K,3.03,weak,cantering,1.4808,12.91,13.17
299.51,K,-87,3.69,Far,12.91,13.17,K,3.03,weak,cantering,1.4808,12.91,13.17
299.51,M,-95,9.90,Far,12.91,13.17,K,3.03,weak,cantering,1.4808,12.91,13.17
300.51,A,-71,3.74,Far,11.88,13.77,E,1.89,weak,trotting,0.0544,11.88,13.77
300.51,B,-74,30.46,Far,11.88,13.77,E,1.89,weak,trotting,0.0544,11.88,13.77
300.51,C,-82,19.64,Far,11.88,13.77,E,1.89,weak,trotting,0.0544,11.88,13.77
300.51,E,-79,13.70,Far,11.88,13.77,E,1.89,weak,trotting,0.0544,11.88,13.77
300.51,F,-90,4.56,Far,11.88,13.77,E,1.89,weak,trotting,0.0544,11.88,13.77
300.51,H,-91,6.39,Far,11.88,13.77,E,1.89,weak,trotting,0.0544,11.88,13.77
300.51,K,-88,3.76,Far,11.88,13.77,E,1.89,weak,trotting,0.0544,11.88,13.77
300.51,M,-96,10.21,Far,11.88,13.77,E,1.89,weak,trotting,0.0544,11.88,13.77
301.51,A,-72,4.19,Far,10.87,14.32,E,0.92,weak,trotting,0.9056,10.87,14.32
301.51,B,-78,30.83,Far,10.87,14.32,E,0.92,weak,trotting,0.9056,10.87,14.32
301.51,C,-81,18.77,Far,10.87,14.32,E,0.92,weak,trotting,0.9056,10.87,14.32
301.51,E,-79,13.96,Far,10.87,14.32,E,0.92,weak,trotting,0.9056,10.87,14.32
301.51,F,-90,4.85,Far,10.87,14.32,E,0.92,weak,trotting,0.9056,10.87,14.32
301.51,H,-90,5.91,Far,10.87,14.32,E,0.92,weak,trotting,0.9056,10.87,14.32
301.51,K,-88,3.82,Far,10.87,14.32,E,0.92,weak,trotting,0.9056,10.87,14.32
301.51,M,-96,10.35,Far,10.87,14.32,E,0.92,weak,trotting,0.9056,10.87,14.32
302.51,A,-74,4.75,Far,10.10,14.99,E,1.00,weak,trotting,0.4068,10.10,14.99
302.51,B,-81,31.42,Far,10.10,14.99,E,1.00,weak,trotting,0.4068,10.10,14.99
302.51,C,-81,18.79,Far,10.10,14.99,E,1.00,weak,trotting,0.4068,10.10,14.99
302.51,E,-80,14.49,Far,10.10,14.99,E,1.00,weak,trotting,0.4068,10.10,14.99
302.51,F,-90,4.81,Far,10.10,14.99,E,1.00,weak,trotting,0.4068,10.10,14.99
302.51,H,-90,5.68,Far,10.10,14.99,E,1.00,weak,trotting,0.4068,10.10,14.99
302.51,K,-87,3.45,Far,10.10,14.99,E,1.00,weak,trotting,0.4068,10.10,14.99
302.51,M,-96,10.61,Far,10.10,14.99,E,1.00,weak,trotting,0.4068,10.10,14.99
303.51,A,-74,5.21,Far,9.29,15.26,E,1.45,weak,cantering,1.4905,9.29,15.26
303.51,B,-83,31.72,Far,9.29,15.26,E,1.45,weak,cantering,1.4905,9.29,15.26
303.51,C,-81,18.33,Far,9.29,15.26,E,1.45,weak,cantering,1.4905,9.29,15.26
303.51,E,-81,15.00,Far,9.29,15.26,E,1.45,weak,cantering,1.4905,9.29,15.26
303.51,F,-90,4.98,Far,9.29,15.26,E,1.45,weak,cantering,1.4905,9.29,15.26
303.51,H,-89,5.50,Far,9.29,15.26,E,1.45,weak,cantering,1.4905,9.29,15.26
303.51,K,-85,2.97,Far,9.29,15.26,E,1.45,weak,cantering,1.4905,9.29,15.26
303.51,M,-96,10.53,Far,9.29,15.26,E,1.45,weak,cantering,1.4905,9.29,15.26
304.51,A,-76,5.79,Far,8.50,15.77,K,2.32,weak,cantering,0.5637,8.50,15.77
304.51,B,-84,32.00,Far,8.50,15.77,K,2.32,weak,cantering,0.5637,8.50,15.77
304.51,C,-81,17.92,Far,8.50,15.77,K,2.32,weak,cantering,0.5637,8.50,15.77
304.51,E,-81,15.16,Far,8.50,15.77,K,2.32,weak,cantering,0.5637,8.50,15.77
304.51,F,-91,5.23,Far,8.50,15.77,K,2.32,weak,cantering,0.5637,8.50,15.77
304.51,H,-89,5.22,Far,8.50,15.77,K,2.32,weak,cantering,0.5637,8.50,15.77
304.51,K,-81,1.53,Near,8.50,15.77,K,2.32,weak,cantering,0.5637,8.50,15.77
304.51,M,-95,10.28,Far,8.50,15.77,K,2.32,weak,cantering,0.5637,8.50,15.77
305.51,A,-76,6.33,Far,7.97,15.48,K,2.51,weak,trotting,0.0083,7.97,15.48
305.51,B,-84,31.65,Far,7.97,15.48,K,2.51,weak,trotting,0.0083,7.97,15.48
305.51,C,-81,17.80,Far,7.97,15.48,K,2.51,weak,trotting,0.0083,7.97,15.48
305.51,E,-80,14.65,Far,7.97,15.48,K,2.51,weak,trotting,0.0083,7.97,15.48
305.51,F,-91,5.24,Far,7.97,15.48,K,2.51,weak,trotting,0.0083,7.97,15.48
305.51,H,-90,5.42,Far,7.97,15.48,K,2.51,weak,trotting,0.0083,7.97,15.48
305.51,K,-77,0.73,Near,7.97,15.48,K,2.51,weak,trotting,0.0083,7.97,15.48
305.51,M,-94,9.67,Far,7.97,15.48,K,2.51,weak,trotting,0.0083,7.97,15.48
306.51,A,-77,6.85,Far,7.25,14.99,K,2.92,weak,trotting,0.7770,7.25,14.99
306.51,B,-84,30.58,Far,7.25,14.99,K,2.92,weak,trotting,0.7770,7.25,14.99
306.51,C,-81,17.90,Far,7.25,14.99,K,2.92,weak,trotting,0.7770,7.25,14.99
306.51,E,-79,13.98,Far,7.25,14.99,K,2.92,weak,trotting,0.7770,7.25,14.99
306.51,F,-90,5.24,Far,7.25,14.99,K,2.92,weak,trotting,0.7770,7.25,14.99
306.51,H,-91,5.69,Far,7.25,14.99,K,2.92,weak,trotting,0.7770,7.25,14.99
306.51,K,-73,0.41,Near,7.25,14.99,K,2.92,weak,trotting,0.7770,7.25,14.99
306.51,M,-93,8.99,Far,7.25,14.99,K,2.92,weak,trotting,0.7770,7.25,14.99
307.51,A,-77,7.11,Far,6.96,14.82,K,3.15,weak,trotting,0.8932,6.96,14.82
307.51,B,-85,30.92,Far,6.96,14.82,K,3.15,weak,trotting,0.8932,6.96,14.82
307.51,C,-82,18.51,Far,6.96,14.82,K,3.15,weak,trotting,0.8932,6.96,14.82
307.51,E,-79,13.66,Far,6.96,14.82,K,3.15,weak,trotting,0.8932,6.96,14.82
307.51,F,-91,5.63,Far,6.96,14.82,K,3.15,weak,trotting,0.8932,6.96,14.82
307.51,H,-91,5.62,Far,6.96,14.82,K,3.15,weak,trotting,0.8932,6.96,14.82
307.51,K,-75,0.58,Near,6.96,14.82,K,3.15,weak,trotting,0.8932,6.96,14.82
307.51,M,-94,8.96,Far,6.96,14.82,K,3.15,weak,trotting,0.8932,6.96,14.82
308.51,A,-77,7.65,Far,7.01,14.88,K,3.12,weak,trotting,0.5181,7.01,14.88
308.51,B,-84,29.55,Far,7.01,14.88,K,3.12,weak,trotting,0.5181,7.01,14.88
308.51,C,-83,18.75,Far,7.01,14.88,K,3.12,weak,trotting,0.5181,7.01,14.88
308.51,E,-79,13.76,Far,7.01,14.88,K,3.12,weak,trotting,0.5181,7.01,14.88
308.51,F,-93,6.07,Far,7.01,14.88,K,3.12,weak,trotting,0.5181,7.01,14.88
308.51,H,-91,5.88,Far,7.01,14.88,K,3.12,weak,trotting,0.5181,7.01,14.88
308.51,K,-77,0.80,Near,7.01,14.88,K,3.12,weak,trotting,0.5181,7.01,14.88
308.51,M,-94,9.21,Far,7.01,14.88,K,3.12,weak,trotting,0.5181,7.01,14.88
309.51,A,-78,8.05,Far,7.11,15.11,K,3.10,weak,trotting,0.8629,7.11,15.11
309.51,B,-85,29.94,Far,7.11,15.11,K,3.10,weak,trotting,0.8629,7.11,15.11
309.51,C,-83,18.98,Far,7.11,15.11,K,3.10,weak,trotting,0.8629,7.11,15.11
309.51,E,-80,14.16,Far,7.11,15.11,K,3.10,weak,trotting,0.8629,7.11,15.11
309.51,F,-93,6.40,Far,7.11,15.11,K,3.10,weak,trotting,0.8629,7.11,15.11
309.51,H,-92,6.11,Far,7.11,15.11,K,3.10,weak,trotting,0.8629,7.11,15.11
309.51,K,-78,1.01,Near,7.11,15.11,K,3.10,weak,trotting,0.8629,7.11,15.11
309.51,M,-94,8.82,Far,7.11,15.11,K,3.10,weak,trotting,0.8629,7.11,15.11
310.51,A,-78,8.42,Far,5.57,13.13,K,4.51,weak,trotting,0.0856,5.57,13.13
310.51,B,-84,29.10,Far,5.57,13.13,K,4.51,weak,trotting,0.0856,5.57,13.13
310.51,C,-83,19.38,Far,5.57,13.13,K,4.51,weak,trotting,0.0856,5.57,13.13
310.51,E,-80,14.22,Far,5.57,13.13,K,4.51,weak,trotting,0.0856,5.57,13.13
310.51,F,-93,6.58,Far,5.57,13.13,K,4.51,weak,trotting,0.0856,5.57,13.13
310.51,H,-92,6.43,Far,5.57,13.13,K,4.51,weak,trotting,0.0856,5.57,13.13
310.51,K,-55,-1.00,Unknown,5.57,13.13,K,4.51,weak,trotting,0.0856,5.57,13.13
310.51,M,-95,9.19,Far,5.57,13.13,K,4.51,weak,trotting,0.0856,5.57,13.13
311.51,A,-78,8.75,Far,4.99,12.48,K,5.21,weak,trotting,0.6520,4.99,12.48
311.51,B,-84,28.36,Far,4.99,12.48,K,5.21,weak,trotting,0.6520,4.99,12.48
311.51,C,-82,19.10,Far,4.99,12.48,K,5.21,weak,trotting,0.6520,4.99,12.48
311.51,E,-79,13.61,Far,4.99,12.48,K,5.21,weak,trotting,0.6520,4.99,12.48
311.51,F,-92,6.17,Far,4.99,12.48,K,5.21,weak,trotting,0.6520,4.99,12.48
311.51,H,-93,6.81,Far,4.99,12.48,K,5.21,weak,trotting,0.6520,4.99,12.48
311.51,K,-66,1.44,Near,4.99,12.48,K,5.21,weak,trotting,0.6520,4.99,12.48
311.51,M,-95,9.42,Far,4.99,12.48,K,5.21,weak,trotting,0.6520,4.99,12.48
312.51,A,-78,9.28,Far,5.50,13.39,K,4.54,weak,trotting,0.4769,5.50,13.39
312.51,B,-84,28.03,Far,5.50,13.39,K,4.54,weak,trotting,0.4769,5.50,13.39
312.51,C,-81,17.63,Far,5.50,13.39,K,4.54,weak,trotting,0.4769,5.50,13.39
312.51,E,-78,12.61,Far,5.50,13.39,K,4.54,weak,trotting,0.4769,5.50,13.39
312.51,F,-91,6.01,Far,5.50,13.39,K,4.54,weak,trotting,0.4769,5.50,13.39
312.51,H,-94,7.16,Far,5.50,13.39,K,4.54,weak,trotting,0.4769,5.50,13.39
312.51,K,-72,1.92,Near,5.50,13.39,K,4.54,weak,trotting,0.4769,5.50,13.39
312.51,M,-95,9.63,Far,5.50,13.39,K,4.54,weak,trotting,0.4769,5.50,13.39
313.51,A,-79,9.78,Far,4.19,15.77,K,4.55,weak,cantering,0.5284,4.19,15.77
313.51,B,-84,28.02,Far,4.19,15.77,K,4.55,weak,cantering,0.5284,4.19,15.77
313.51,C,-80,17.05,Far,4.19,15.77,K,4.55,weak,cantering,0.5284,4.19,15.77
313.51,E,-76,10.66,Far,4.19,15.77,K,4.55,weak,cantering,0.5284,4.19,15.77
313.51,F,-93,6.49,Far,4.19,15.77,K,4.55,weak,cantering,0.5284,4.19,15.77
313.51,H,-95,7.68,Far,4.19,15.77,K,4.55,weak,cantering,0.5284,4.19,15.77
313.51,K,-78,2.62,Far,4.19,15.77,K,4.55,weak,cantering,0.5284,4.19,15.77
313.51,M,-95,9.52,Far,4.19,15.77,K,4.55,weak,cantering,0.5284,4.19,15.77
314.51,A,-80,10.36,Far,5.84,17.85,K,4.68,weak,cantering,1.5160,5.84,17.85
314.51,B,-84,27.72,Far,5.84,17.85,K,4.68,weak,cantering,1.5160,5.84,17.85
314.51,C,-80,16.56,Far,5.84,17.85,K,4.68,weak,cantering,1.5160,5.84,17.85
314.51,E,-73,8.14,Far,5.84,17.85,K,4.68,weak,cantering,1.5160,5.84,17.85
314.51,F,-94,6.96,Far,5.84,17.85,K,4.68,weak,cantering,1.5160,5.84,17.85
314.51,H,-95,7.83,Far,5.84,17.85,K,4.68,weak,cantering,1.5160,5.84,17.85
314.51,K,-83,3.35,Far,5.84,17.85,K,4.68,weak,cantering,1.5160,5.84,17.85
314.51,M,-95,9.42,Far,5.84,17.85,K,4.68,weak,cantering,1.5160,5.84,17.85
315.51,A,-81,11.36,Far,6.06,18.76,K,4.13,weak,trotting,0.1334,6.06,18.76
315.51,B,-84,27.73,Far,6.06,18.76,K,4.13,weak,trotting,0.1334,6.06,18.76
315.51,C,-80,16.36,Far,6.06,18.76,K,4.13,weak,trotting,0.1334,6.06,18.76
315.51,E,-72,6.88,Far,6.06,18.76,K,4.13,weak,trotting,0.1334,6.06,18.76
315.51,F,-95,7.48,Far,6.06,18.76,K,4.13,weak,trotting,0.1334,6.06,18.76
315.51,H,-93,7.31,Far,6.06,18.76,K,4.13,weak,trotting,0.1334,6.06,18.76
315.51,K,-86,3.86,Far,6.06,18.76,K,4.13,weak,trotting,0.1334,6.06,18.76
315.51,M,-96,9.87,Far,6.06,18.76,K,4.13,weak,trotting,0.1334,6.06,18.76
316.51,A,-83,12.38,Far,6.03,19.66,E,3.98,weak,trotting,0.7396,6.03,19.66
316.51,B,-84,27.46,Far,6.03,19.66,E,3.98,weak,trotting,0.7396,6.03,19.66
316.51,C,-80,16.39,Far,6.03,19.66,E,3.98,weak,trotting,0.7396,6.03,19.66
316.51,E,-71,6.01,Far,6.03,19.66,E,3.98,weak,trotting,0.7396,6.03,19.66
316.51,F,-95,7.89,Far,6.03,19.66,E,3.98,weak,trotting,0.7396,6.03,19.66
316.51,H,-93,7.37,Far,6.03,19.66,E,3.98,weak,trotting,0.7396,6.03,19.66
316.51,K,-88,4.37,Far,6.03,19.66,E,3.98,weak,trotting,0.7396,6.03,19.66
316.51,M,-95,9.89,Far,6.03,19.66,E,3.98,weak,trotting,0.7396,6.03,19.66
317.51,A,-83,13.20,Far,5.37,20.11,E,4.63,weak,trotting,0.3908,5.37,20.11
317.51,B,-84,26.90,Far,5.37,20.11,E,4.63,weak,trotting,0.3908,5.37,20.11
317.51,C,-80,16.42,Far,5.37,20.11,E,4.63,weak,trotting,0.3908,5.37,20.11
317.51,E,-67,3.83,Far,5.37,20.11,E,4.63,weak,trotting,0.3908,5.37,20.11
317.51,F,-96,8.36,Far,5.37,20.11,E,4.63,weak,trotting,0.3908,5.37,20.11
317.51,H,-93,7.42,Far,5.37,20.11,E,4.63,weak,trotting,0.3908,5.37,20.11
317.51,K,-89,4.82,Far,5.37,20.11,E,4.63,weak,trotting,0.3908,5.37,20.11
317.51,M,-95,9.55,Far,5.37,20.11,E,4.63,weak,trotting,0.3908,5.37,20.11
318.51,A,-82,13.16,Far,5.09,20.24,E,4.92,weak,trotting,0.7000,5.09,20.24
318.51,B,-84,26.40,Far,5.09,20.24,E,4.92,weak,trotting,0.7000,5.09,20.24
318.51,C,-81,16.63,Far,5.09,20.24,E,4.92,weak,trotting,0.7000,5.09,20.24
318.51,E,-67,3.43,Far,5.09,20.24,E,4.92,weak,trotting,0.7000,5.09,20.24
318.51,F,-96,8.81,Far,5.09,20.24,E,4.92,weak,trotting,0.7000,5.09,20.24
318.51,H,-91,6.44,Far,5.09,20.24,E,4.92,weak,trotting,0.7000,5.09,20.24
318.51,K,-91,5.30,Far,5.09,20.24,E,4.92,weak,trotting,0.7000,5.09,20.24
318.51,M,-93,8.67,Far,5.09,20.24,E,4.92,weak,trotting,0.7000,5.09,20.24
319.51,A,-81,12.92,Far,5.19,20.23,E,4.82,weak,trotting,0.6741,5.19,20.23
319.51,B,-83,25.96,Far,5.19,20.23,E,4.82,weak,trotting,0.6741,5.19,20.23
319.51,C,-81,16.83,Far,5.19,20.23,E,4.82,weak,trotting,0.6741,5.19,20.23
319.51,E,-68,3.64,Far,5.19,20.23,E,4.82,weak,trotting,0.6741,5.19,20.23
319.51,F,-97,9.33,Far,5.19,20.23,E,4.82,weak,trotting,0.6741,5.19,20.23
319.51,H,-90,5.77,Far,5.19,20.23,E,4.82,weak,trotting,0.6741,5.19,20.23
319.51,K,-91,5.64,Far,5.19,20.23,E,4.82,weak,trotting,0.6741,5.19,20.23
319.51,M,-93,8.54,Far,5.19,20.23,E,4.82,weak,trotting,0.6741,5.19,20.23
320.51,A,-81,13.27,Far,5.54,20.36,E,4.47,weak,trotting,0.7540,5.54,20.36
320.51,B,-83,25.24,Far,5.54,20.36,E,4.47,weak,trotting,0.7540,5.54,20.36
320.51,C,-81,16.60,Far,5.54,20.36,E,4.47,weak,trotting,0.7540,5.54,20.36
320.51,E,-70,3.97,Far,5.54,20.36,E,4.47,weak,trotting,0.7540,5.54,20.36
320.51,F,-97,9.83,Far,5.54,20.36,E,4.47,weak,trotting,0.7540,5.54,20.36
320.51,H,-88,4.97,Far,5.54,20.36,E,4.47,weak,trotting,0.7540,5.54,20.36
320.51,K,-92,5.82,Far,5.54,20.36,E,4.47,weak,trotting,0.7540,5.54,20.36
320.51,M,-93,8.57,Far,5.54,20.36,E,4.47,weak,trotting,0.7540,5.54,20.36
321.51,A,-81,13.74,Far,7.49,18.79,E,2.79,weak,trotting,0.4397,7.49,18.79
321.51,B,-82,23.92,Far,7.49,18.79,E,2.79,weak,trotting,0.4397,7.49,18.79
321.51,C,-80,15.60,Far,7.49,18.79,E,2.79,weak,trotting,0.4397,7.49,18.79
321.51,E,-72,4.46,Far,7.49,18.79,E,2.79,weak,trotting,0.4397,7.49,18.79
321.51,F,-68,-1.00,Unknown,7.49,18.79,E,2.79,weak,trotting,0.4397,7.49,18.79
321.51,H,-87,4.28,Far,7.49,18.79,E,2.79,weak,trotting,0.4397,7.49,18.79
321.51,K,-92,6.18,Far,7.49,18.79,E,2.79,weak,trotting,0.4397,7.49,18.79
321.51,M,-92,7.92,Far,7.49,18.79,E,2.79,weak,trotting,0.4397,7.49,18.79
322.51,A,-81,14.19,Far,9.26,17.03,E,3.06,weak,trotting,1.2226,9.26,17.03
322.51,B,-83,24.18,Far,9.26,17.03,E,3.06,weak,trotting,1.2226,9.26,17.03
322.51,C,-79,14.80,Far,9.26,17.03,E,3.06,weak,trotting,1.2226,9.26,17.03
322.51,E,-73,4.83,Far,9.26,17.03,E,3.06,weak,trotting,1.2226,9.26,17.03
322.51,F,-48,-1.00,Unknown,9.26,17.03,E,3.06,weak,trotting,1.2226,9.26,17.03
322.51,H,-86,3.93,Near,9.26,17.03,E,3.06,weak,trotting,1.2226,9.26,17.03
322.51,K,-91,5.85,Far,9.26,17.03,E,3.06,weak,trotting,1.2226,9.26,17.03
322.51,M,-91,7.25,Far,9.26,17.03,E,3.06,weak,trotting,1.2226,9.26,17.03
323.51,A,-82,14.59,Far,11.01,15.24,E,1.60,weak,trotting,0.2540,11.01,15.24
323.51,B,-84,24.82,Far,11.01,15.24,E,1.60,weak,trotting,0.2540,11.01,15.24
323.51,C,-78,13.87,Far,11.01,15.24,E,1.60,weak,trotting,0.2540,11.01,15.24
323.51,E,-74,5.18,Far,11.01,15.24,E,1.60,weak,trotting,0.2540,11.01,15.24
323.51,F,-33,-1.00,Unknown,11.01,15.24,E,1.60,weak,trotting,0.2540,11.01,15.24
323.51,H,-87,3.96,Near,11.01,15.24,E,1.60,weak,trotting,0.2540,11.01,15.24
323.51,K,-91,5.61,Far,11.01,15.24,E,1.60,weak,trotting,0.2540,11.01,15.24
323.51,M,-91,6.74,Far,11.01,15.24,E,1.60,weak,trotting,0.2540,11.01,15.24
324.51,A,-82,15.13,Far,12.85,13.55,E,2.89,weak,trotting,0.8190,12.85,13.55
324.51,B,-85,25.44,Far,12.85,13.55,E,2.89,weak,trotting,0.8190,12.85,13.55
324.51,C,-77,13.11,Far,12.85,13.55,E,2.89,weak,trotting,0.8190,12.85,13.55
324.51,E,-74,5.58,Far,12.85,13.55,E,2.89,weak,trotting,0.8190,12.85,13.55
324.51,F,-52,9.85,Far,12.85,13.55,E,2.89,weak,trotting,0.8190,12.85,13.55
324.51,H,-85,3.04,Far,12.85,13.55,E,2.89,weak,trotting,0.8190,12.85,13.55
324.51,K,-90,5.43,Far,12.85,13.55,E,2.89,weak,trotting,0.8190,12.85,13.55
324.51,M,-90,6.34,Far,12.85,13.55,E,2.89,weak,trotting,0.8190,12.85,13.55
325.51,A,-82,15.29,Far,13.05,14.34,E,3.07,weak,trotting,0.4333,13.05,14.34
325.51,B,-85,25.36,Far,13.05,14.34,E,3.07,weak,trotting,0.4333,13.05,14.34
325.51,C,-77,12.71,Far,13.05,14.34,E,3.07,weak,trotting,0.4333,13.05,14.34
325.51,E,-75,5.86,Far,13.05,14.34,E,3.07,weak,trotting,0.4333,13.05,14.34
325.51,F,-65,10.25,Far,13.05,14.34,E,3.07,weak,trotting,0.4333,13.05,14.34
325.51,H,-83,2.52,Near,13.05,14.34,E,3.07,weak,trotting,0.4333,13.05,14.34
325.51,K,-91,5.61,Far,13.05,14.34,E,3.07,weak,trotting,0.4333,13.05,14.34
325.51,M,-90,6.03,Far,13.05,14.34,E,3.07,weak,trotting,0.4333,13.05,14.34
326.51,A,-81,15.42,Far,11.83,16.52,E,3.11,weak,trotting,1.0686,11.83,16.52
326.51,B,-84,24.70,Far,11.83,16.52,E,3.11,weak,trotting,1.0686,11.83,16.52
326.51,C,-77,12.15,Far,11.83,16.52,E,3.11,weak,trotting,1.0686,11.83,16.52
326.51,E,-75,6.21,Far,11.83,16.52,E,3.11,weak,trotting,1.0686,11.83,16.52
326.51,F,-74,10.50,Far,11.83,16.52,E,3.11,weak,trotting,1.0686,11.83,16.52
326.51,H,-83,2.36,Near,11.83,16.52,E,3.11,weak,trotting,1.0686,11.83,16.52
326.51,K,-92,6.05,Far,11.83,16.52,E,3.11,weak,trotting,1.0686,11.83,16.52
326.51,M,-89,5.32,Far,11.83,16.52,E,3.11,weak,trotting,1.0686,11.83,16.52
327.51,A,-82,15.73,Far,10.84,18.81,H,1.45,weak,trotting,0.7914,10.84,18.81
327.51,B,-83,23.43,Far,10.84,18.81,H,1.45,weak,trotting,0.7914,10.84,18.81
327.51,C,-76,10.96,Far,10.84,18.81,H,1.45,weak,trotting,0.7914,10.84,18.81
327.51,E,-76,6.78,Far,10.84,18.81,H,1.45,weak,trotting,0.7914,10.84,18.81
327.51,F,-80,9.79,Far,10.84,18.81,H,1.45,weak,trotting,0.7914,10.84,18.81
327.51,H,-84,2.55,Near,10.84,18.81,H,1.45,weak,trotting,0.7914,10.84,18.81
327.51,K,-93,6.54,Far,10.84,18.81,H,1.45,weak,trotting,0.7914,10.84,18.81
327.51,M,-88,5.09,Far,10.84,18.81,H,1.45,weak,trotting,0.7914,10.84,18.81
328.51,A,-82,16.02,Far,10.28,21.09,H,1.13,weak,trotting,0.6614,10.28,21.09
328.51,B,-83,23.00,Far,10.28,21.09,H,1.13,weak,trotting,0.6614,10.28,21.09
328.51,C,-75,9.82,Far,10.28,21.09,H,1.13,weak,trotting,0.6614,10.28,21.09
328.51,E,-78,7.55,Far,10.28,21.09,H,1.13,weak,trotting,0.6614,10.28,21.09
328.51,F,-84,9.07,Far,10.28,21.09,H,1.13,weak,trotting,0.6614,10.28,21.09
328.51,H,-86,2.93,Far,10.28,21.09,H,1.13,weak,trotting,0.6614,10.28,21.09
328.51,K,-94,6.92,Far,10.28,21.09,H,1.13,weak,trotting,0.6614,10.28,21.09
328.51,M,-87,4.35,Far,10.28,21.09,H,1.13,weak,trotting,0.6614,10.28,21.09
329.51,A,-82,16.09,Far,10.06,22.78,H,2.78,weak,trotting,0.6969,10.06,22.78
329.51,B,-84,23.52,Far,10.06,22.78,H,2.78,weak,trotting,0.6969,10.06,22.78
329.51,C,-74,9.36,Far,10.06,22.78,H,2.78,weak,trotting,0.6969,10.06,22.78
329.51,E,-79,8.25,Far,10.06,22.78,H,2.78,weak,trotting,0.6969,10.06,22.78
329.51,F,-86,8.36,Far,10.06,22.78,H,2.78,weak,trotting,0.6969,10.06,22.78
329.51,H,-87,3.19,Far,10.06,22.78,H,2.78,weak,trotting,0.6969,10.06,22.78
329.51,K,-93,6.76,Far,10.06,22.78,H,2.78,weak,trotting,0.6969,10.06,22.78
329.51,M,-85,3.13,Near,10.06,22.78,H,2.78,weak,trotting,0.6969,10.06,22.78
330.51,A,-81,16.14,Far,10.09,23.36,H,2.64,weak,trotting,0.2317,10.09,23.36
330.51,B,-83,23.34,Far,10.09,23.36,H,2.64,weak,trotting,0.2317,10.09,23.36
330.51,C,-75,9.29,Far,10.09,23.36,H,2.64,weak,trotting,0.2317,10.09,23.36
330.51,E,-79,8.72,Far,10.09,23.36,H,2.64,weak,trotting,0.2317,10.09,23.36
330.51,F,-88,8.07,Far,10.09,23.36,H,2.64,weak,trotting,0.2317,10.09,23.36
330.51,H,-88,3.55,Far,10.09,23.36,H,2.64,weak,trotting,0.2317,10.09,23.36
330.51,K,-93,7.01,Far,10.09,23.36,H,2.64,weak,trotting,0.2317,10.09,23.36
330.51,M,-83,2.38,Near,10.09,23.36,H,2.64,weak,trotting,0.2317,10.09,23.36
331.51,A,-81,16.20,Far,10.00,23.34,H,2.66,weak,trotting,1.4074,10.00,23.34
331.51,B,-83,22.61,Far,10.00,23.34,H,2.66,weak,trotting,1.4074,10.00,23.34
331.51,C,-76,9.61,Far,10.00,23.34,H,2.66,weak,trotting,1.4074,10.00,23.34
331.51,E,-79,9.27,Far,10.00,23.34,H,2.66,weak,trotting,1.4074,10.00,23.34
331.51,F,-90,8.44,Far,10.00,23.34,H,2.66,weak,trotting,1.4074,10.00,23.34
331.51,H,-90,4.00,Far,10.00,23.34,H,2.66,weak,trotting,1.4074,10.00,23.34
331.51,K,-94,7.53,Far,10.00,23.34,H,2.66,weak,trotting,1.4074,10.00,23.34
331.51,M,-85,2.67,Far,10.00,23.34,H,2.66,weak,trotting,1.4074,10.00,23.34
332.51,A,-80,15.24,Far,8.81,21.14,H,1.65,weak,trotting,0.1372,8.81,21.14
332.51,B,-82,21.97,Far,8.81,21.14,H,1.65,weak,trotting,0.1372,8.81,21.14
332.51,C,-77,9.91,Far,8.81,21.14,H,1.65,weak,trotting,0.1372,8.81,21.14
332.51,E,-80,9.88,Far,8.81,21.14,H,1.65,weak,trotting,0.1372,8.81,21.14
332.51,F,-92,8.77,Far,8.81,21.14,H,1.65,weak,trotting,0.1372,8.81,21.14
332.51,H,-89,4.12,Far,8.81,21.14,H,1.65,weak,trotting,0.1372,8.81,21.14
332.51,K,-66,-1.00,Unknown,8.81,21.14,H,1.65,weak,trotting,0.1372,8.81,21.14
332.51,M,-84,2.46,Near,8.81,21.14,H,1.65,weak,trotting,0.1372,8.81,21.14
333.51,A,-78,13.88,Far,9.84,18.87,H,1.14,weak,trotting,0.7449,9.84,18.87
333.51,B,-82,21.94,Far,9.84,18.87,H,1.14,weak,trotting,0.7449,9.84,18.87
333.51,C,-77,10.07,Far,9.84,18.87,H,1.14,weak,trotting,0.7449,9.84,18.87
333.51,E,-80,10.35,Far,9.84,18.87,H,1.14,weak,trotting,0.7449,9.84,18.87
333.51,F,-64,-1.00,Unknown,9.84,18.87,H,1.14,weak,trotting,0.7449,9.84,18.87
333.51,H,-89,4.21,Far,9.84,18.87,H,1.14,weak,trotting,0.7449,9.84,18.87
333.51,K,-72,6.01,Far,9.84,18.87,H,1.14,weak,trotting,0.7449,9.84,18.87
333.51,M,-84,2.46,Near,9.84,18.87,H,1.14,weak,trotting,0.7449,9.84,18.87
334.51,A,-79,13.77,Far,10.39,17.92,H,2.12,weak,trotting,0.6720,10.39,17.92
334.51,B,-82,21.66,Far,10.39,17.92,H,2.12,weak,trotting,0.6720,10.39,17.92
334.51,C,-77,9.90,Far,10.39,17.92,H,2.12,weak,trotting,0.6720,10.39,17.92
334.51,E,-80,11.01,Far,10.39,17.92,H,2.12,weak,trotting,0.6720,10.39,17.92
334.51,F,-74,9.31,Far,10.39,17.92,H,2.12,weak,trotting,0.6720,10.39,17.92
334.51,H,-89,4.08,Far,10.39,17.92,H,2.12,weak,trotting,0.6720,10.39,17.92
334.51,K,-78,6.43,Far,10.39,17.92,H,2.12,weak,trotting,0.6720,10.39,17.92
334.51,M,-84,2.52,Near,10.39,17.92,H,2.12,weak,trotting,0.6720,10.39,17.92
335.51,A,-78,13.48,Far,10.31,18.63,K,1.41,weak,trotting,1.0648,10.31,18.63
335.51,B,-82,20.83,Far,10.31,18.63,K,1.41,weak,trotting,1.0648,10.31,18.63
335.51,C,-77,9.91,Far,10.31,18.63,K,1.41,weak,trotting,1.0648,10.31,18.63
335.51,E,-81,11.52,Far,10.31,18.63,K,1.41,weak,trotting,1.0648,10.31,18.63
335.51,F,-82,9.96,Far,10.31,18.63,K,1.41,weak,trotting,1.0648,10.31,18.63
335.51,H,-88,3.74,Far,10.31,18.63,K,1.41,weak,trotting,1.0648,10.31,18.63
335.51,K,-83,6.65,Far,10.31,18.63,K,1.41,weak,trotting,1.0648,10.31,18.63
335.51,M,-85,2.58,Near,10.31,18.63,K,1.41,weak,trotting,1.0648,10.31,18.63
336.51,A,-78,13.01,Far,9.97,19.19,K,0.81,weak,trotting,1.0628,9.97,19.19
336.51,B,-81,20.12,Far,9.97,19.19,K,0.81,weak,trotting,1.0628,9.97,19.19
336.51,C,-77,9.92,Far,9.97,19.19,K,0.81,weak,trotting,1.0628,9.97,19.19
336.51,E,-80,11.84,Far,9.97,19.19,K,0.81,weak,trotting,1.0628,9.97,19.19
336.51,F,-86,9.97,Far,9.97,19.19,K,0.81,weak,trotting,1.0628,9.97,19.19
336.51,H,-88,3.89,Far,9.97,19.19,K,0.81,weak,trotting,1.0628,9.97,19.19
336.51,K,-84,5.77,Far,9.97,19.19,K,0.81,weak,trotting,1.0628,9.97,19.19
336.51,M,-88,3.13,Far,9.97,19.19,K,0.81,weak,trotting,1.0628,9.97,19.19
337.51,A,-78,12.61,Far,11.34,21.28,K,1.85,weak,trotting,0.4990,11.34,21.28
337.51,B,-79,17.26,Far,11.34,21.28,K,1.85,weak,trotting,0.4990,11.34,21.28
337.51,C,-77,10.08,Far,11.34,21.28,K,1.85,weak,trotting,0.4990,11.34,21.28
337.51,E,-80,11.97,Far,11.34,21.28,K,1.85,weak,trotting,0.4990,11.34,21.28
337.51,F,-88,9.98,Far,11.34,21.28,K,1.85,weak,trotting,0.4990,11.34,21.28
337.51,H,-90,4.35,Far,11.34,21.28,K,1.85,weak,trotting,0.4990,11.34,21.28
337.51,K,-87,6.14,Far,11.34,21.28,K,1.85,weak,trotting,0.4990,11.34,21.28
337.51,M,-62,-1.00,Unknown,11.34,21.28,K,1.85,weak,trotting,0.4990,11.34,21.28
338.51,A,-77,12.27,Far,12.05,22.04,K,2.89,weak,trotting,0.8268,12.05,22.04
338.51,B,-77,14.85,Far,12.05,22.04,K,2.89,weak,trotting,0.8268,12.05,22.04
338.51,C,-78,10.59,Far,12.05,22.04,K,2.89,weak,trotting,0.8268,12.05,22.04
338.51,E,-80,12.39,Far,12.05,22.04,K,2.89,weak,trotting,0.8268,12.05,22.04
338.51,F,-90,9.98,Far,12.05,22.04,K,2.89,weak,trotting,0.8268,12.05,22.04
338.51,H,-90,4.59,Far,12.05,22.04,K,2.89,weak,trotting,0.8268,12.05,22.04
338.51,K,-89,6.24,Far,12.05,22.04,K,2.89,weak,trotting,0.8268,12.05,22.04
338.51,M,-73,3.79,Far,12.05,22.04,K,2.89,weak,trotting,0.8268,12.05,22.04
339.51,A,-77,11.77,Far,13.07,19.75,E,3.07,weak,trotting,0.0227,13.07,19.75
339.51,B,-75,11.59,Far,13.07,19.75,E,3.07,weak,trotting,0.0227,13.07,19.75
339.51,C,-79,11.20,Far,13.07,19.75,E,3.07,weak,trotting,0.0227,13.07,19.75
339.51,E,-81,12.93,Far,13.07,19.75,E,3.07,weak,trotting,0.0227,13.07,19.75
339.51,F,-63,-1.00,Unknown,13.07,19.75,E,3.07,weak,trotting,0.0227,13.07,19.75
339.51,H,-89,4.24,Far,13.07,19.75,E,3.07,weak,trotting,0.0227,13.07,19.75
339.51,K,-88,5.74,Far,13.07,19.75,E,3.07,weak,trotting,0.0227,13.07,19.75
339.51,M,-80,4.83,Far,13.07,19.75,E,3.07,weak,trotting,0.0227,13.07,19.75
340.51,A,-77,11.35,Far,14.40,21.87,E,4.78,weak,trotting,1.1121,14.40,21.87
340.51,B,-70,5.38,Far,14.40,21.87,E,4.78,weak,trotting,1.1121,14.40,21.87
340.51,C,-80,11.79,Far,14.40,21.87,E,4.78,weak,trotting,1.1121,14.40,21.87
340.51,E,-81,13.43,Far,14.40,21.87,E,4.78,weak,trotting,1.1121,14.40,21.87
340.51,F,-73,10.31,Far,14.40,21.87,E,4.78,weak,trotting,1.1121,14.40,21.87
340.51,H,-89,4.21,Far,14.40,21.87,E,4.78,weak,trotting,1.1121,14.40,21.87
340.51,K,-87,4.90,Far,14.40,21.87,E,4.78,weak,trotting,1.1121,14.40,21.87
340.51,M,-56,-1.00,Unknown,14.40,21.87,E,4.78,weak,trotting,1.1121,14.40,21.87
341.51,A,-77,11.18,Far,15.10,21.88,E,5.25,weak,trotting,0.4553,15.10,21.88
341.51,B,-66,3.41,Near,15.10,21.88,E,5.25,weak,trotting,0.4553,15.10,21.88
341.51,C,-80,12.07,Far,15.10,21.88,E,5.25,weak,trotting,0.4553,15.10,21.88
341.51,E,-81,13.90,Far,15.10,21.88,E,5.25,weak,trotting,0.4553,15.10,21.88
341.51,F,-80,10.48,Far,15.10,21.88,E,5.25,weak,trotting,0.4553,15.10,21.88
341.51,H,-90,4.53,Far,15.10,21.88,E,5.25,weak,trotting,0.4553,15.10,21.88
341.51,K,-87,4.49,Far,15.10,21.88,E,5.25,weak,trotting,0.4553,15.10,21.88
341.51,M,-69,5.78,Far,15.10,21.88,E,5.25,weak,trotting,0.4553,15.10,21.88
342.51,A,-77,11.04,Far,14.72,21.00,E,4.83,weak,trotting,0.8189,14.72,21.00
342.51,B,-68,3.59,Near,14.72,21.00,E,4.83,weak,trotting,0.8189,14.72,21.00
342.51,C,-80,12.17,Far,14.72,21.00,E,4.83,weak,trotting,0.8189,14.72,21.00
342.51,E,-81,13.78,Far,14.72,21.00,E,4.83,weak,trotting,0.8189,14.72,21.00
342.51,F,-85,10.40,Far,14.72,21.00,E,4.83,weak,trotting,0.8189,14.72,21.00
342.51,H,-91,4.97,Far,14.72,21.00,E,4.83,weak,trotting,0.8189,14.72,21.00
342.51,K,-87,4.31,Far,14.72,21.00,E,4.83,weak,trotting,0.8189,14.72,21.00
342.51,M,-77,6.90,Far,14.72,21.00,E,4.83,weak,trotting,0.8189,14.72,21.00
343.51,A,-76,10.53,Far,14.54,18.68,E,4.73,weak,cantering,0.0943,14.54,18.68
343.51,B,-72,4.08,Far,14.54,18.68,E,4.73,weak,cantering,0.0943,14.54,18.68
343.51,C,-79,12.07,Far,14.54,18.68,E,4.73,weak,cantering,0.0943,14.54,18.68
343.51,E,-80,13.68,Far,14.54,18.68,E,4.73,weak,cantering,0.0943,14.54,18.68
343.51,F,-87,9.37,Far,14.54,18.68,E,4.73,weak,cantering,0.0943,14.54,18.68
343.51,H,-91,5.02,Far,14.54,18.68,E,4.73,weak,cantering,0.0943,14.54,18.68
343.51,K,-86,3.93,Far,14.54,18.68,E,4.73,weak,cantering,0.0943,14.54,18.68
343.51,M,-84,7.96,Far,14.54,18.68,E,4.73,weak,cantering,0.0943,14.54,18.68
344.51,A,-75,9.44,Far,15.06,21.13,E,5.07,weak,trotting,1.1750,15.06,21.13
344.51,B,-74,4.68,Far,15.06,21.13,E,5.07,weak,trotting,1.1750,15.06,21.13
344.51,C,-79,12.32,Far,15.06,21.13,E,5.07,weak,trotting,1.1750,15.06,21.13
344.51,E,-79,12.88,Far,15.06,21.13,E,5.07,weak,trotting,1.1750,15.06,21.13
344.51,F,-87,7.90,Far,15.06,21.13,E,5.07,weak,trotting,1.1750,15.06,21.13
344.51,H,-92,5.43,Far,15.06,21.13,E,5.07,weak,trotting,1.1750,15.06,21.13
344.51,K,-85,3.30,Far,15.06,21.13,E,5.07,weak,trotting,1.1750,15.06,21.13
344.51,M,-59,-1.00,Unknown,15.06,21.13,E,5.07,weak,trotting,1.1750,15.06,21.13
345.51,A,-74,8.64,Far,14.04,21.00,E,4.16,weak,trotting,0.5943,14.04,21.00
345.51,B,-76,5.33,Far,14.04,21.00,E,4.16,weak,trotting,0.5943,14.04,21.00
345.51,C,-80,12.70,Far,14.04,21.00,E,4.16,weak,trotting,0.5943,14.04,21.00
345.51,E,-79,12.89,Far,14.04,21.00,E,4.16,weak,trotting,0.5943,14.04,21.00
345.51,F,-87,6.51,Far,14.04,21.00,E,4.16,weak,trotting,0.5943,14.04,21.00
345.51,H,-93,5.97,Far,14.04,21.00,E,4.16,weak,trotting,0.5943,14.04,21.00
345.51,K,-85,3.27,Far,14.04,21.00,E,4.16,weak,trotting,0.5943,14.04,21.00
345.51,M,-71,8.76,Far,14.04,21.00,E,4.16,weak,trotting,0.5943,14.04,21.00
346.52,A,-73,8.02,Far,12.66,19.14,E,2.80,weak,trotting,0.8163,12.66,19.14
346.52,B,-77,5.97,Far,12.66,19.14,E,2.80,weak,trotting,0.8163,12.66,19.14
346.52,C,-81,13.45,Far,12.66,19.14,E,2.80,weak,trotting,0.8163,12.66,19.14
346.52,E,-78,12.00,Far,12.66,19.14,E,2.80,weak,trotting,0.8163,12.66,19.14
346.52,F,-86,5.45,Far,12.66,19.14,E,2.80,weak,trotting,0.8163,12.66,19.14
346.52,H,-93,6.31,Far,12.66,19.14,E,2.80,weak,trotting,0.8163,12.66,19.14
346.52,K,-86,3.47,Far,12.66,19.14,E,2.80,weak,trotting,0.8163,12.66,19.14
346.52,M,-79,9.60,Far,12.66,19.14,E,2.80,weak,trotting,0.8163,12.66,19.14
347.51,A,-72,6.95,Far,11.59,17.01,E,3.39,weak,trotting,0.4872,11.59,17.01
347.51,B,-78,6.62,Far,11.59,17.01,E,3.39,weak,trotting,0.4872,11.59,17.01
347.51,C,-83,14.38,Far,11.59,17.01,E,3.39,weak,trotting,0.4872,11.59,17.01
347.51,E,-78,11.74,Far,11.59,17.01,E,3.39,weak,trotting,0.4872,11.59,17.01
347.51,F,-86,4.76,Near,11.59,17.01,E,3.39,weak,trotting,0.4872,11.59,17.01
347.51,H,-93,6.50,Far,11.59,17.01,E,3.39,weak,trotting,0.4872,11.59,17.01
347.51,K,-87,3.65,Far,11.59,17.01,E,3.39,weak,trotting,0.4872,11.59,17.01
347.51,M,-85,10.45,Far,11.59,17.01,E,3.39,weak,trotting,0.4872,11.59,17.01
348.51,A,-71,6.19,Far,6.99,20.19,E,3.02,weak,cantering,0.6962,6.99,20.19
348.51,B,-79,7.40,Far,6.99,20.19,E,3.02,weak,cantering,0.6962,6.99,20.19
348.51,C,-83,15.20,Far,6.99,20.19,E,3.02,weak,cantering,0.6962,6.99,20.19
348.51,E,-77,11.52,Far,6.99,20.19,E,3.02,weak,cantering,0.6962,6.99,20.19
348.51,F,-84,3.52,Near,6.99,20.19,E,3.02,weak,cantering,0.6962,6.99,20.19
348.51,H,-93,6.42,Far,6.99,20.19,E,3.02,weak,cantering,0.6962,6.99,20.19
348.51,K,-88,3.81,Far,6.99,20.19,E,3.02,weak,cantering,0.6962,6.99,20.19
348.51,M,-59,-1.00,Unknown,6.99,20.19,E,3.02,weak,cantering,0.6962,6.99,20.19
349.51,A,-71,5.78,Far,9.40,19.51,E,0.78,weak,trotting,1.0343,9.40,19.51
349.51,B,-81,8.30,Far,9.40,19.51,E,0.78,weak,trotting,1.0343,9.40,19.51
349.51,C,-83,15.70,Far,9.40,19.51,E,0.78,weak,trotting,1.0343,9.40,19.51
349.51,E,-78,11.50,Far,9.40,19.51,E,0.78,weak,trotting,1.0343,9.40,19.51
349.51,F,-83,3.07,Near,9.40,19.51,E,0.78,weak,trotting,1.0343,9.40,19.51
349.51,H,-91,6.05,Far,9.40,19.51,E,0.78,weak,trotting,1.0343,9.40,19.51
349.51,K,-89,4.23,Far,9.40,19.51,E,0.78,weak,trotting,1.0343,9.40,19.51
349.51,M,-71,11.00,Far,9.40,19.51,E,0.78,weak,trotting,1.0343,9.40,19.51
350.51,A,-71,5.70,Far,9.88,17.51,E,2.49,weak,trotting,0.4168,9.88,17.51
350.51,B,-83,9.47,Far,9.88,17.51,E,2.49,weak,trotting,0.4168,9.88,17.51
350.51,C,-84,16.60,Far,9.88,17.51,E,2.49,weak,trotting,0.4168,9.88,17.51
350.51,E,-77,11.31,Far,9.88,17.51,E,2.49,weak,trotting,0.4168,9.88,17.51
350.51,F,-86,3.46,Near,9.88,17.51,E,2.49,weak,trotting,0.4168,9.88,17.51
350.51,H,-90,5.63,Far,9.88,17.51,E,2.49,weak,trotting,0.4168,9.88,17.51
350.51,K,-90,4.63,Far,9.88,17.51,E,2.49,weak,trotting,0.4168,9.88,17.51
350.51,M,-79,11.55,Far,9.88,17.51,E,2.49,weak,trotting,0.4168,9.88,17.51
351.51,A,-72,5.84,Far,9.69,16.39,E,2.41,weak,trotting,0.7702,9.69,16.39
351.51,B,-86,10.78,Far,9.69,16.39,E,2.41,weak,trotting,0.7702,9.69,16.39
351.51,C,-83,16.82,Far,9.69,16.39,E,2.41,weak,trotting,0.7702,9.69,16.39
351.51,E,-78,11.47,Far,9.69,16.39,E,2.41,weak,trotting,0.7702,9.69,16.39
351.51,F,-88,3.87,Near,9.69,16.39,E,2.41,weak,trotting,0.7702,9.69,16.39
351.51,H,-89,5.16,Far,9.69,16.39,E,2.41,weak,trotting,0.7702,9.69,16.39
351.51,K,-92,5.26,Far,9.69,16.39,E,2.41,weak,trotting,0.7702,9.69,16.39
351.51,M,-84,11.76,Far,9.69,16.39,E,2.41,weak,trotting,0.7702,9.69,16.39
352.51,A,-72,5.87,Far,9.21,15.50,E,1.69,weak,trotting,0.0193,9.21,15.50
352.51,B,-88,12.24,Far,9.21,15.50,E,1.69,weak,trotting,0.0193,9.21,15.50
352.51,C,-83,17.02,Far,9.21,15.50,E,1.69,weak,trotting,0.0193,9.21,15.50
352.51,E,-78,11.62,Far,9.21,15.50,E,1.69,weak,trotting,0.0193,9.21,15.50
352.51,F,-90,4.38,Far,9.21,15.50,E,1.69,weak,trotting,0.0193,9.21,15.50
352.51,H,-89,4.95,Far,9.21,15.50,E,1.69,weak,trotting,0.0193,9.21,15.50
352.51,K,-89,3.79,Far,9.21,15.50,E,1.69,weak,trotting,0.0193,9.21,15.50
352.51,M,-87,10.88,Far,9.21,15.50,E,1.69,weak,trotting,0.0193,9.21,15.50
353.51,A,-73,5.99,Far,8.83,15.70,E,2.07,weak,trotting,0.8788,8.83,15.70
353.51,B,-87,13.22,Far,8.83,15.70,E,2.07,weak,trotting,0.8788,8.83,15.70
353.51,C,-80,14.32,Far,8.83,15.70,E,2.07,weak,trotting,0.8788,8.83,15.70
353.51,E,-78,11.76,Far,8.83,15.70,E,2.07,weak,trotting,0.8788,8.83,15.70
353.51,F,-91,4.84,Far,8.83,15.70,E,2.07,weak,trotting,0.8788,8.83,15.70
353.51,H,-90,5.26,Far,8.83,15.70,E,2.07,weak,trotting,0.8788,8.83,15.70
353.51,K,-85,2.50,Near,8.83,15.70,E,2.07,weak,trotting,0.8788,8.83,15.70
353.51,M,-88,9.71,Far,8.83,15.70,E,2.07,weak,trotting,0.8788,8.83,15.70
354.51,A,-74,6.39,Far,8.55,16.24,E,2.67,weak,trotting,0.4251,8.55,16.24
354.51,B,-86,14.04,Far,8.55,16.24,E,2.67,weak,trotting,0.4251,8.55,16.24
354.51,C,-79,13.95,Far,8.55,16.24,E,2.67,weak,trotting,0.4251,8.55,16.24
354.51,E,-79,12.17,Far,8.55,16.24,E,2.67,weak,trotting,0.4251,8.55,16.24
354.51,F,-93,5.46,Far,8.55,16.24,E,2.67,weak,trotting,0.4251,8.55,16.24
354.51,H,-89,4.74,Far,8.55,16.24,E,2.67,weak,trotting,0.4251,8.55,16.24
354.51,K,-83,1.82,Near,8.55,16.24,E,2.67,weak,trotting,0.4251,8.55,16.24
354.51,M,-89,9.16,Far,8.55,16.24,E,2.67,weak,trotting,0.4251,8.55,16.24
355.51,A,-76,7.06,Far,9.86,18.37,E,1.64,weak,trotting,0.7261,9.86,18.37
355.51,B,-85,14.67,Far,9.86,18.37,E,1.64,weak,trotting,0.7261,9.86,18.37
355.51,C,-80,14.34,Far,9.86,18.37,E,1.64,weak,trotting,0.7261,9.86,18.37
355.51,E,-81,12.91,Far,9.86,18.37,E,1.64,weak,trotting,0.7261,9.86,18.37
355.51,F,-91,5.00,Far,9.86,18.37,E,1.64,weak,trotting,0.7261,9.86,18.37
355.51,H,-89,4.62,Far,9.86,18.37,E,1.64,weak,trotting,0.7261,9.86,18.37
355.51,K,-82,1.84,Near,9.86,18.37,E,1.64,weak,trotting,0.7261,9.86,18.37
355.51,M,-63,-1.00,Unknown,9.86,18.37,E,1.64,weak,trotting,0.7261,9.86,18.37
356.51,A,-77,7.58,Far,10.72,20.01,K,0.72,weak,trotting,0.3796,10.72,20.01
356.51,B,-84,14.67,Far,10.72,20.01,K,0.72,weak,trotting,0.3796,10.72,20.01
356.51,C,-80,13.96,Far,10.72,20.01,K,0.72,weak,trotting,0.3796,10.72,20.01
356.51,E,-80,13.09,Far,10.72,20.01,K,0.72,weak,trotting,0.3796,10.72,20.01
356.51,F,-89,4.23,Far,10.72,20.01,K,0.72,weak,trotting,0.3796,10.72,20.01
356.51,H,-90,4.96,Far,10.72,20.01,K,0.72,weak,trotting,0.3796,10.72,20.01
356.51,K,-83,2.00,Near,10.72,20.01,K,0.72,weak,trotting,0.3796,10.72,20.01
356.51,M,-73,9.66,Far,10.72,20.01,K,0.72,weak,trotting,0.3796,10.72,20.01
357.52,A,-78,8.17,Far,10.40,19.91,K,0.41,weak,trotting,0.6997,10.40,19.91
357.52,B,-82,14.44,Far,10.40,19.91,K,0.41,weak,trotting,0.6997,10.40,19.91
357.52,C,-79,13.85,Far,10.40,19.91,K,0.41,weak,trotting,0.6997,10.40,19.91
357.52,E,-80,13.25,Far,10.40,19.91,K,0.41,weak,trotting,0.6997,10.40,19.91
357.52,F,-89,4.30,Far,10.40,19.91,K,0.41,weak,trotting,0.6997,10.40,19.91
357.52,H,-91,5.43,Far,10.40,19.91,K,0.41,weak,trotting,0.6997,10.40,19.91
357.52,K,-83,2.04,Near,10.40,19.91,K,0.41,weak,trotting,0.6997,10.40,19.91
357.52,M,-81,10.27,Far,10.40,19.91,K,0.41,weak,trotting,0.6997,10.40,19.91
358.51,A,-79,8.73,Far,10.10,19.80,K,0.23,weak,trotting,0.7511,10.10,19.80
358.51,B,-81,14.25,Far,10.10,19.80,K,0.23,weak,trotting,0.7511,10.10,19.80
358.51,C,-79,13.31,Far,10.10,19.80,K,0.23,weak,trotting,0.7511,10.10,19.80
358.51,E,-80,13.01,Far,10.10,19.80,K,0.23,weak,trotting,0.7511,10.10,19.80
358.51,F,-90,4.53,Far,10.10,19.80,K,0.23,weak,trotting,0.7511,10.10,19.80
358.51,H,-92,5.80,Far,10.10,19.80,K,0.23,weak,trotting,0.7511,10.10,19.80
358.51,K,-84,2.19,Near,10.10,19.80,K,0.23,weak,trotting,0.7511,10.10,19.80
358.51,M,-85,10.01,Far,10.10,19.80,K,0.23,weak,trotting,0.7511,10.10,19.80
359.51,A,-80,9.45,Far,9.62,19.74,K,0.46,weak,trotting,0.5449,9.62,19.74
359.51,B,-81,14.49,Far,9.62,19.74,K,0.46,weak,trotting,0.5449,9.62,19.74
359.51,C,-79,13.44,Far,9.62,19.74,K,0.46,weak,trotting,0.5449,9.62,19.74
359.51,E,-79,12.59,Far,9.62,19.74,K,0.46,weak,trotting,0.5449,9.62,19.74
359.51,F,-92,5.07,Far,9.62,19.74,K,0.46,weak,trotting,0.5449,9.62,19.74
359.51,H,-93,6.15,Far,9.62,19.74,K,0.46,weak,trotting,0.5449,9.62,19.74
359.51,K,-84,2.25,Near,9.62,19.74,K,0.46,weak,trotting,0.5449,9.62,19.74
359.51,M,-89,10.51,Far,9.62,19.74,K,0.46,weak,trotting,0.5449,9.62,19.74
360.52,A,-80,10.16,Far,9.08,19.65,K,0.99,weak,trotting,0.5700,9.08,19.65
360.52,B,-82,15.17,Far,9.08,19.65,K,0.99,weak,trotting,0.5700,9.08,19.65
360.52,C,-79,13.56,Far,9.08,19.65,K,0.99,weak,trotting,0.5700,9.08,19.65
360.52,E,-78,11.77,Far,9.08,19.65,K,0.99,weak,trotting,0.5700,9.08,19.65
360.52,F,-93,5.62,Far,9.08,19.65,K,0.99,weak,trotting,0.5700,9.08,19.65
360.52,H,-93,6.47,Far,9.08,19.65,K,0.99,weak,trotting,0.5700,9.08,19.65
360.52,K,-84,2.36,Near,9.08,19.65,K,0.99,weak,trotting,0.5700,9.08,19.65
360.52,M,-91,10.63,Far,9.08,19.65,K,0.99,weak,trotting,0.5700,9.08,19.65
361.51,A,-81,11.03,Far,10.47,21.71,K,1.78,weak,trotting,0.1219,10.47,21.71
361.51,B,-83,15.82,Far,10.47,21.71,K,1.78,weak,trotting,0.1219,10.47,21.71
361.51,C,-80,13.67,Far,10.47,21.71,K,1.78,weak,trotting,0.1219,10.47,21.71
361.51,E,-75,9.72,Far,10.47,21.71,K,1.78,weak,trotting,0.1219,10.47,21.71
361.51,F,-92,5.56,Far,10.47,21.71,K,1.78,weak,trotting,0.1219,10.47,21.71
361.51,H,-94,6.85,Far,10.47,21.71,K,1.78,weak,trotting,0.1219,10.47,21.71
361.51,K,-86,2.72,Far,10.47,21.71,K,1.78,weak,trotting,0.1219,10.47,21.71
361.51,M,-64,-1.00,Unknown,10.47,21.71,K,1.78,weak,trotting,0.1219,10.47,21.71
362.51,A,-82,11.78,Far,10.62,23.01,K,3.05,weak,trotting,0.8589,10.62,23.01
362.51,B,-83,16.28,Far,10.62,23.01,K,3.05,weak,trotting,0.8589,10.62,23.01
362.51,C,-79,13.16,Far,10.62,23.01,K,3.05,weak,trotting,0.8589,10.62,23.01
362.51,E,-73,7.85,Far,10.62,23.01,K,3.05,weak,trotting,0.8589,10.62,23.01
362.51,F,-92,5.63,Far,10.62,23.01,K,3.05,weak,trotting,0.8589,10.62,23.01
362.51,H,-94,7.10,Far,10.62,23.01,K,3.05,weak,trotting,0.8589,10.62,23.01
362.51,K,-88,3.17,Far,10.62,23.01,K,3.05,weak,trotting,0.8589,10.62,23.01
362.51,M,-72,9.86,Far,10.62,23.01,K,3.05,weak,trotting,0.8589,10.62,23.01
363.51,A,-82,12.24,Far,11.52,20.67,E,1.66,weak,trotting,0.5018,11.52,20.67
363.51,B,-83,16.53,Far,11.52,20.67,E,1.66,weak,trotting,0.5018,11.52,20.67
363.51,C,-79,13.46,Far,11.52,20.67,E,1.66,weak,trotting,0.5018,11.52,20.67
363.51,E,-71,6.44,Far,11.52,20.67,E,1.66,weak,trotting,0.5018,11.52,20.67
363.51,F,-64,-1.00,Unknown,11.52,20.67,E,1.66,weak,trotting,0.5018,11.52,20.67
363.51,H,-94,7.31,Far,11.52,20.67,E,1.66,weak,trotting,0.5018,11.52,20.67
363.51,K,-90,3.78,Far,11.52,20.67,E,1.66,weak,trotting,0.5018,11.52,20.67
363.51,M,-78,9.16,Far,11.52,20.67,E,1.66,weak,trotting,0.5018,11.52,20.67
364.51,A,-81,12.65,Far,10.81,19.20,E,1.14,weak,trotting,0.7890,10.81,19.20
364.51,B,-82,16.75,Far,10.81,19.20,E,1.14,weak,trotting,0.7890,10.81,19.20
364.51,C,-80,13.75,Far,10.81,19.20,E,1.14,weak,trotting,0.7890,10.81,19.20
364.51,E,-69,4.92,Far,10.81,19.20,E,1.14,weak,trotting,0.7890,10.81,19.20
364.51,F,-72,5.69,Far,10.81,19.20,E,1.14,weak,trotting,0.7890,10.81,19.20
364.51,H,-94,7.38,Far,10.81,19.20,E,1.14,weak,trotting,0.7890,10.81,19.20
364.51,K,-92,4.46,Far,10.81,19.20,E,1.14,weak,trotting,0.7890,10.81,19.20
364.51,M,-82,8.44,Far,10.81,19.20,E,1.14,weak,trotting,0.7890,10.81,19.20
365.51,A,-82,13.44,Far,8.88,17.62,E,2.63,weak,trotting,0.8862,8.88,17.62
365.51,B,-83,17.31,Far,8.88,17.62,E,2.63,weak,trotting,0.8862,8.88,17.62
365.51,C,-81,14.16,Far,8.88,17.62,E,2.63,weak,trotting,0.8862,8.88,17.62
365.51,E,-68,4.01,Far,8.88,17.62,E,2.63,weak,trotting,0.8862,8.88,17.62
365.51,F,-79,6.40,Far,8.88,17.62,E,2.63,weak,trotting,0.8862,8.88,17.62
365.51,H,-92,6.78,Far,8.88,17.62,E,2.63,weak,trotting,0.8862,8.88,17.62
365.51,K,-65,-1.00,Unknown,8.88,17.62,E,2.63,weak,trotting,0.8862,8.88,17.62
365.51,M,-86,8.49,Far,8.88,17.62,E,2.63,weak,trotting,0.8862,8.88,17.62
366.51,A,-83,14.42,Far,6.90,17.76,E,3.82,weak,trotting,0.6562,6.90,17.76
366.51,B,-83,17.84,Far,6.90,17.76,E,3.82,weak,trotting,0.6562,6.90,17.76
366.51,C,-80,14.22,Far,6.90,17.76,E,3.82,weak,trotting,0.6562,6.90,17.76
366.51,E,-67,3.65,Far,6.90,17.76,E,3.82,weak,trotting,0.6562,6.90,17.76
366.51,F,-85,7.22,Far,6.90,17.76,E,3.82,weak,trotting,0.6562,6.90,17.76
366.51,H,-91,6.18,Far,6.90,17.76,E,3.82,weak,trotting,0.6562,6.90,17.76
366.51,K,-74,5.02,Far,6.90,17.76,E,3.82,weak,trotting,0.6562,6.90,17.76
366.51,M,-89,9.06,Far,6.90,17.76,E,3.82,weak,trotting,0.6562,6.90,17.76
367.51,A,-83,14.99,Far,9.29,17.03,E,3.05,weak,trotting,0.8224,9.29,17.03
367.51,B,-58,-1.00,Unknown,9.29,17.03,E,3.05,weak,trotting,0.8224,9.29,17.03
367.51,C,-80,14.07,Far,9.29,17.03,E,3.05,weak,trotting,0.8224,9.29,17.03
367.51,E,-68,3.79,Far,9.29,17.03,E,3.05,weak,trotting,0.8224,9.29,17.03
367.51,F,-59,-1.00,Unknown,9.29,17.03,E,3.05,weak,trotting,0.8224,9.29,17.03
367.51,H,-91,6.02,Far,9.29,17.03,E,3.05,weak,trotting,0.8224,9.29,17.03
367.51,K,-80,5.85,Far,9.29,17.03,E,3.05,weak,trotting,0.8224,9.29,17.03
367.51,M,-90,8.84,Far,9.29,17.03,E,3.05,weak,trotting,0.8224,9.29,17.03
368.51,A,-83,15.68,Far,11.09,15.30,E,1.69,weak,trotting,0.1926,11.09,15.30
368.51,B,-67,20.31,Far,11.09,15.30,E,1.69,weak,trotting,0.1926,11.09,15.30
368.51,C,-79,13.48,Far,11.09,15.30,E,1.69,weak,trotting,0.1926,11.09,15.30
368.51,E,-70,4.05,Far,11.09,15.30,E,1.69,weak,trotting,0.1926,11.09,15.30
368.51,F,-42,-1.00,Unknown,11.09,15.30,E,1.69,weak,trotting,0.1926,11.09,15.30
368.51,H,-89,5.12,Far,11.09,15.30,E,1.69,weak,trotting,0.1926,11.09,15.30
368.51,K,-85,6.55,Far,11.09,15.30,E,1.69,weak,trotting,0.1926,11.09,15.30
368.51,M,-90,7.85,Far,11.09,15.30,E,1.69,weak,trotting,0.1926,11.09,15.30
369.51,A,-84,16.60,Far,12.93,13.60,E,2.96,weak,trotting,0.9975,12.93,13.60
369.51,B,-47,-1.00,Unknown,12.93,13.60,E,2.96,weak,trotting,0.9975,12.93,13.60
369.51,C,-78,12.76,Far,12.93,13.60,E,2.96,weak,trotting,0.9975,12.93,13.60
369.51,E,-71,4.43,Far,12.93,13.60,E,2.96,weak,trotting,0.9975,12.93,13.60
369.51,F,-29,-1.00,Unknown,12.93,13.60,E,2.96,weak,trotting,0.9975,12.93,13.60
369.51,H,-87,3.86,Far,12.93,13.60,E,2.96,weak,trotting,0.9975,12.93,13.60
369.51,K,-60,-1.00,Unknown,12.93,13.60,E,2.96,weak,trotting,0.9975,12.93,13.60
369.51,M,-91,7.68,Far,12.93,13.60,E,2.96,weak,trotting,0.9975,12.93,13.60
370.51,A,-85,17.49,Far,15.07,12.31,E,5.21,weak,trotting,0.3353,15.07,12.31
370.51,B,-58,21.68,Far,15.07,12.31,E,5.21,weak,trotting,0.3353,15.07,12.31
370.51,C,-78,12.60,Far,15.07,12.31,E,5.21,weak,trotting,0.3353,15.07,12.31
370.51,E,-73,4.93,Far,15.07,12.31,E,5.21,weak,trotting,0.3353,15.07,12.31
370.51,F,-49,7.86,Far,15.07,12.31,E,5.21,weak,trotting,0.3353,15.07,12.31
370.51,H,-86,3.41,Far,15.07,12.31,E,5.21,weak,trotting,0.3353,15.07,12.31
370.51,K,-70,6.90,Far,15.07,12.31,E,5.21,weak,trotting,0.3353,15.07,12.31
370.51,M,-91,7.69,Far,15.07,12.31,E,5.21,weak,trotting,0.3353,15.07,12.31
371.51,A,-85,18.36,Far,14.97,13.75,E,4.98,weak,trotting,0.7354,14.97,13.75
371.51,B,-65,21.40,Far,14.97,13.75,E,4.98,weak,trotting,0.7354,14.97,13.75
371.51,C,-78,12.25,Far,14.97,13.75,E,4.98,weak,trotting,0.7354,14.97,13.75
371.51,E,-74,5.35,Far,14.97,13.75,E,4.98,weak,trotting,0.7354,14.97,13.75
371.51,F,-63,8.81,Far,14.97,13.75,E,4.98,weak,trotting,0.7354,14.97,13.75
371.51,H,-84,2.98,Far,14.97,13.75,E,4.98,weak,trotting,0.7354,14.97,13.75
371.51,K,-78,7.73,Far,14.97,13.75,E,4.98,weak,trotting,0.7354,14.97,13.75
371.51,M,-91,7.40,Far,14.97,13.75,E,4.98,weak,trotting,0.7354,14.97,13.75
372.51,A,-86,19.33,Far,13.78,15.96,E,4.26,weak,trotting,0.0400,13.78,15.96
372.51,B,-71,22.05,Far,13.78,15.96,E,4.26,weak,trotting,0.0400,13.78,15.96
372.51,C,-78,12.15,Far,13.78,15.96,E,4.26,weak,trotting,0.0400,13.78,15.96
372.51,E,-76,6.01,Far,13.78,15.96,E,4.26,weak,trotting,0.0400,13.78,15.96
372.51,F,-73,9.11,Far,13.78,15.96,E,4.26,weak,trotting,0.0400,13.78,15.96
372.51,H,-83,2.38,Far,13.78,15.96,E,4.26,weak,trotting,0.0400,13.78,15.96
372.51,K,-83,8.27,Far,13.78,15.96,E,4.26,weak,trotting,0.0400,13.78,15.96
372.51,M,-92,7.44,Far,13.78,15.96,E,4.26,weak,trotting,0.0400,13.78,15.96
373.51,A,-86,20.42,Far,12.44,18.06,E,3.11,weak,trotting,1.1799,12.44,18.06
373.51,B,-76,22.68,Far,12.44,18.06,E,3.11,weak,trotting,1.1799,12.44,18.06
373.51,C,-78,12.23,Far,12.44,18.06,E,3.11,weak,trotting,1.1799,12.44,18.06
373.51,E,-78,6.79,Far,12.44,18.06,E,3.11,weak,trotting,1.1799,12.44,18.06
373.51,F,-79,8.76,Far,12.44,18.06,E,3.11,weak,trotting,1.1799,12.44,18.06
373.51,H,-80,1.37,Near,12.44,18.06,E,3.11,weak,trotting,1.1799,12.44,18.06
373.51,K,-87,8.54,Far,12.44,18.06,E,3.11,weak,trotting,1.1799,12.44,18.06
373.51,M,-93,7.72,Far,12.44,18.06,E,3.11,weak,trotting,1.1799,12.44,18.06
374.51,A,-87,21.32,Far,11.10,20.17,E,1.11,weak,trotting,0.1510,11.10,20.17
374.51,B,-79,23.06,Far,11.10,20.17,E,1.11,weak,trotting,0.1510,11.10,20.17
374.51,C,-78,12.30,Far,11.10,20.17,E,1.11,weak,trotting,0.1510,11.10,20.17
374.51,E,-79,7.52,Far,11.10,20.17,E,1.11,weak,trotting,0.1510,11.10,20.17
374.51,F,-84,9.35,Far,11.10,20.17,E,1.11,weak,trotting,0.1510,11.10,20.17
374.51,H,-77,0.92,Near,11.10,20.17,E,1.11,weak,trotting,0.1510,11.10,20.17
374.51,K,-89,8.75,Far,11.10,20.17,E,1.11,weak,trotting,0.1510,11.10,20.17
374.51,M,-91,6.86,Far,11.10,20.17,E,1.11,weak,trotting,0.1510,11.10,20.17
375.51,A,-86,21.59,Far,12.02,19.03,E,2.24,weak,trotting,0.8293,12.02,19.03
375.51,B,-55,-1.00,Unknown,12.02,19.03,E,2.24,weak,trotting,0.8293,12.02,19.03
375.51,C,-77,11.29,Far,12.02,19.03,E,2.24,weak,trotting,0.8293,12.02,19.03
375.51,E,-79,8.14,Far,12.02,19.03,E,2.24,weak,trotting,0.8293,12.02,19.03
375.51,F,-88,9.46,Far,12.02,19.03,E,2.24,weak,trotting,0.8293,12.02,19.03
375.51,H,-77,0.91,Near,12.02,19.03,E,2.24,weak,trotting,0.8293,12.02,19.03
375.51,K,-63,-1.00,Unknown,12.02,19.03,E,2.24,weak,trotting,0.8293,12.02,19.03
375.51,M,-92,7.09,Far,12.02,19.03,E,2.24,weak,trotting,0.8293,12.02,19.03
376.51,A,-86,22.60,Far,10.30,17.21,E,2.81,weak,trotting,0.0357,10.30,17.21
376.51,B,-65,25.92,Far,10.30,17.21,E,2.81,weak,trotting,0.0357,10.30,17.21
376.51,C,-76,10.52,Far,10.30,17.21,E,2.81,weak,trotting,0.0357,10.30,17.21
376.51,E,-79,8.62,Far,10.30,17.21,E,2.81,weak,trotting,0.0357,10.30,17.21
376.51,F,-89,8.89,Far,10.30,17.21,E,2.81,weak,trotting,0.0357,10.30,17.21
376.51,H,-81,1.26,Near,10.30,17.21,E,2.81,weak,trotting,0.0357,10.30,17.21
376.51,K,-44,-1.00,Unknown,10.30,17.21,E,2.81,weak,trotting,0.0357,10.30,17.21
376.51,M,-92,6.91,Far,10.30,17.21,E,2.81,weak,trotting,0.0357,10.30,17.21
377.51,A,-86,22.76,Far,8.26,15.76,K,2.47,weak,trotting,0.9688,8.26,15.76
377.51,B,-72,26.95,Far,8.26,15.76,K,2.47,weak,trotting,0.9688,8.26,15.76
377.51,C,-76,10.29,Far,8.26,15.76,K,2.47,weak,trotting,0.9688,8.26,15.76
377.51,E,-79,8.94,Far,8.26,15.76,K,2.47,weak,trotting,0.9688,8.26,15.76
377.51,F,-90,8.27,Far,8.26,15.76,K,2.47,weak,trotting,0.9688,8.26,15.76
377.51,H,-83,1.62,Near,8.26,15.76,K,2.47,weak,trotting,0.9688,8.26,15.76
377.51,K,-59,8.76,Far,8.26,15.76,K,2.47,weak,trotting,0.9688,8.26,15.76
377.51,M,-90,5.69,Far,8.26,15.76,K,2.47,weak,trotting,0.9688,8.26,15.76
378.51,A,-86,23.15,Far,7.66,17.37,K,3.52,weak,trotting,0.3721,7.66,17.37
378.51,B,-77,27.75,Far,7.66,17.37,K,3.52,weak,trotting,0.3721,7.66,17.37
378.51,C,-76,10.09,Far,7.66,17.37,K,3.52,weak,trotting,0.3721,7.66,17.37
378.51,E,-78,9.08,Far,7.66,17.37,K,3.52,weak,trotting,0.3721,7.66,17.37
378.51,F,-91,8.35,Far,7.66,17.37,K,3.52,weak,trotting,0.3721,7.66,17.37
378.51,H,-85,2.02,Far,7.66,17.37,K,3.52,weak,trotting,0.3721,7.66,17.37
378.51,K,-71,9.96,Far,7.66,17.37,K,3.52,weak,trotting,0.3721,7.66,17.37
378.51,M,-89,5.08,Far,7.66,17.37,K,3.52,weak,trotting,0.3721,7.66,17.37
379.51,A,-85,23.50,Far,6.18,15.35,K,4.05,weak,trotting,0.7500,6.18,15.35
379.51,B,-79,27.75,Far,6.18,15.35,K,4.05,weak,trotting,0.7500,6.18,15.35
379.51,C,-75,9.55,Far,6.18,15.35,K,4.05,weak,trotting,0.7500,6.18,15.35
379.51,E,-79,9.59,Far,6.18,15.35,K,4.05,weak,trotting,0.7500,6.18,15.35
379.51,F,-92,8.25,Far,6.18,15.35,K,4.05,weak,trotting,0.7500,6.18,15.35
379.51,H,-86,2.30,Far,6.18,15.35,K,4.05,weak,trotting,0.7500,6.18,15.35
379.51,K,-50,-1.00,Unknown,6.18,15.35,K,4.05,weak,trotting,0.7500,6.18,15.35
379.51,M,-88,4.65,Far,6.18,15.35,K,4.05,weak,trotting,0.7500,6.18,15.35
380.51,A,-85,23.83,Far,5.14,14.99,K,4.96,weak,trotting,0.0769,5.14,14.99
380.51,B,-81,28.04,Far,5.14,14.99,K,4.96,weak,trotting,0.0769,5.14,14.99
380.51,C,-74,7.97,Far,5.14,14.99,K,4.96,weak,trotting,0.0769,5.14,14.99
380.51,E,-79,10.06,Far,5.14,14.99,K,4.96,weak,trotting,0.0769,5.14,14.99
380.51,F,-93,8.47,Far,5.14,14.99,K,4.96,weak,trotting,0.0769,5.14,14.99
380.51,H,-86,2.48,Far,5.14,14.99,K,4.96,weak,trotting,0.0769,5.14,14.99
380.51,K,-62,8.37,Far,5.14,14.99,K,4.96,weak,trotting,0.0769,5.14,14.99
380.51,M,-88,4.44,Far,5.14,14.99,K,4.96,weak,trotting,0.0769,5.14,14.99
381.51,A,-85,23.61,Far,5.60,17.45,K,5.08,weak,trotting,1.2747,5.60,17.45
381.51,B,-84,29.15,Far,5.60,17.45,K,5.08,weak,trotting,1.2747,5.60,17.45
381.51,C,-71,5.97,Far,5.60,17.45,K,5.08,weak,trotting,1.2747,5.60,17.45
381.51,E,-80,10.62,Far,5.60,17.45,K,5.08,weak,trotting,1.2747,5.60,17.45
381.51,F,-94,9.10,Far,5.60,17.45,K,5.08,weak,trotting,1.2747,5.60,17.45
381.51,H,-84,2.11,Far,5.60,17.45,K,5.08,weak,trotting,1.2747,5.60,17.45
381.51,K,-71,7.68,Far,5.60,17.45,K,5.08,weak,trotting,1.2747,5.60,17.45
381.51,M,-88,4.56,Far,5.60,17.45,K,5.08,weak,trotting,1.2747,5.60,17.45
382.51,A,-84,22.79,Far,6.26,19.86,K,3.74,weak,trotting,0.5621,6.26,19.86
382.51,B,-85,30.05,Far,6.26,19.86,K,3.74,weak,trotting,0.5621,6.26,19.86
382.51,C,-69,4.64,Far,6.26,19.86,K,3.74,weak,trotting,0.5621,6.26,19.86
382.51,E,-80,11.15,Far,6.26,19.86,K,3.74,weak,trotting,0.5621,6.26,19.86
382.51,F,-94,8.69,Far,6.26,19.86,K,3.74,weak,trotting,0.5621,6.26,19.86
382.51,H,-85,2.40,Far,6.26,19.86,K,3.74,weak,trotting,0.5621,6.26,19.86
382.51,K,-78,8.05,Far,6.26,19.86,K,3.74,weak,trotting,0.5621,6.26,19.86
382.51,M,-87,3.97,Far,6.26,19.86,K,3.74,weak,trotting,0.5621,6.26,19.86
383.51,A,-82,21.38,Far,6.93,22.27,K,3.81,weak,trotting,0.7138,6.93,22.27
383.51,B,-87,30.91,Far,6.93,22.27,K,3.81,weak,trotting,0.7138,6.93,22.27
383.51,C,-68,4.11,Far,6.93,22.27,K,3.81,weak,trotting,0.7138,6.93,22.27
383.51,E,-80,11.50,Far,6.93,22.27,K,3.81,weak,trotting,0.7138,6.93,22.27
383.51,F,-95,9.30,Far,6.93,22.27,K,3.81,weak,trotting,0.7138,6.93,22.27
383.51,H,-87,2.81,Far,6.93,22.27,K,3.81,weak,trotting,0.7138,6.93,22.27
383.51,K,-83,8.18,Far,6.93,22.27,K,3.81,weak,trotting,0.7138,6.93,22.27
383.51,M,-89,4.29,Far,6.93,22.27,K,3.81,weak,trotting,0.7138,6.93,22.27
384.51,A,-82,20.57,Far,8.48,24.23,K,2.34,weak,trotting,0.5101,8.48,24.23
384.51,B,-87,31.74,Far,8.48,24.23,K,2.34,weak,trotting,0.5101,8.48,24.23
384.51,C,-67,3.71,Far,8.48,24.23,K,2.34,weak,trotting,0.5101,8.48,24.23
384.51,E,-79,11.48,Far,8.48,24.23,K,2.34,weak,trotting,0.5101,8.48,24.23
384.51,F,-96,9.89,Far,8.48,24.23,K,2.34,weak,trotting,0.5101,8.48,24.23
384.51,H,-88,3.26,Far,8.48,24.23,K,2.34,weak,trotting,0.5101,8.48,24.23
384.51,K,-85,7.70,Far,8.48,24.23,K,2.34,weak,trotting,0.5101,8.48,24.23
384.51,M,-62,-1.00,Unknown,8.48,24.23,K,2.34,weak,trotting,0.5101,8.48,24.23
385.51,A,-81,20.16,Far,10.35,25.89,K,0.37,weak,trotting,0.4653,10.35,25.89
385.51,B,-89,33.11,Far,10.35,25.89,K,0.37,weak,trotting,0.4653,10.35,25.89
385.51,C,-68,3.69,Far,10.35,25.89,K,0.37,weak,trotting,0.4653,10.35,25.89
385.51,E,-79,11.47,Far,10.35,25.89,K,0.37,weak,trotting,0.4653,10.35,25.89
385.51,F,-97,10.45,Far,10.35,25.89,K,0.37,weak,trotting,0.4653,10.35,25.89
385.51,H,-88,3.42,Far,10.35,25.89,K,0.37,weak,trotting,0.4653,10.35,25.89
385.51,K,-87,7.55,Far,10.35,25.89,K,0.37,weak,trotting,0.4653,10.35,25.89
385.51,M,-43,-1.00,Unknown,10.35,25.89,K,0.37,weak,trotting,0.4653,10.35,25.89
386.51,A,-82,20.05,Far,13.96,29.93,K,5.57,weak,cantering,0.6255,13.96,29.93
386.51,B,-88,33.31,Far,13.96,29.93,K,5.57,weak,cantering,0.6255,13.96,29.93
386.51,C,-69,3.83,Far,13.96,29.93,K,5.57,weak,cantering,0.6255,13.96,29.93
386.51,E,-79,11.46,Far,13.96,29.93,K,5.57,weak,cantering,0.6255,13.96,29.93
386.51,F,-97,10.86,Far,13.96,29.93,K,5.57,weak,cantering,0.6255,13.96,29.93
386.51,H,-89,3.70,Far,13.96,29.93,K,5.57,weak,cantering,0.6255,13.96,29.93
386.51,K,-88,7.25,Far,13.96,29.93,K,5.57,weak,cantering,0.6255,13.96,29.93
386.51,M,-59,4.83,Far,13.96,29.93,K,5.57,weak,cantering,0.6255,13.96,29.93
387.51,A,-82,20.17,Far,12.85,30.71,K,4.35,weak,cantering,0.6921,12.85,30.71
387.51,B,-88,33.78,Far,12.85,30.71,K,4.35,weak,cantering,0.6921,12.85,30.71
387.51,C,-70,4.03,Far,12.85,30.71,K,4.35,weak,cantering,0.6921,12.85,30.71
387.51,E,-79,11.61,Far,12.85,30.71,K,4.35,weak,cantering,0.6921,12.85,30.71
387.51,F,-98,11.36,Far,12.85,30.71,K,4.35,weak,cantering,0.6921,12.85,30.71
387.51,H,-90,4.09,Far,12.85,30.71,K,4.35,weak,cantering,0.6921,12.85,30.71
387.51,K,-90,7.32,Far,12.85,30.71,K,4.35,weak,cantering,0.6921,12.85,30.71
387.51,M,-70,5.84,Far,12.85,30.71,K,4.35,weak,cantering,0.6921,12.85,30.71
388.51,A,-82,19.81,Far,10.57,31.81,K,2.26,weak,cantering,0.9160,10.57,31.81
388.51,B,-86,31.38,Far,10.57,31.81,K,2.26,weak,cantering,0.9160,10.57,31.81
388.51,C,-71,4.29,Far,10.57,31.81,K,2.26,weak,cantering,0.9160,10.57,31.81
388.51,E,-79,11.91,Far,10.57,31.81,K,2.26,weak,cantering,0.9160,10.57,31.81
388.51,F,-98,11.83,Far,10.57,31.81,K,2.26,weak,cantering,0.9160,10.57,31.81
388.51,H,-91,4.51,Far,10.57,31.81,K,2.26,weak,cantering,0.9160,10.57,31.81
388.51,K,-91,7.51,Far,10.57,31.81,K,2.26,weak,cantering,0.9160,10.57,31.81
388.51,M,-77,6.07,Far,10.57,31.81,K,2.26,weak,cantering,0.9160,10.57,31.81
389.51,A,-82,19.73,Far,5.73,31.93,K,4.74,weak,cantering,0.2948,5.73,31.93
389.51,B,-86,31.40,Far,5.73,31.93,K,4.74,weak,cantering,0.2948,5.73,31.93
389.51,C,-72,4.74,Far,5.73,31.93,K,4.74,weak,cantering,0.2948,5.73,31.93
389.51,E,-79,11.65,Far,5.73,31.93,K,4.74,weak,cantering,0.2948,5.73,31.93
389.51,F,-69,-1.00,Unknown,5.73,31.93,K,4.74,weak,cantering,0.2948,5.73,31.93
389.51,H,-64,-1.00,Unknown,5.73,31.93,K,4.74,weak,cantering,0.2948,5.73,31.93
389.51,K,-91,7.24,Far,5.73,31.93,K,4.74,weak,cantering,0.2948,5.73,31.93
389.51,M,-79,4.78,Far,5.73,31.93,K,4.74,weak,cantering,0.2948,5.73,31.93
390.51,A,-82,20.07,Far,1.89,27.86,K,2.65,weak,cantering,1.8716,1.89,27.86
390.51,B,-60,-1.00,Unknown,1.89,27.86,K,2.65,weak,cantering,1.8716,1.89,27.86
390.51,C,-73,5.17,Far,1.89,27.86,K,2.65,weak,cantering,1.8716,1.89,27.86
390.51,E,-78,11.43,Far,1.89,27.86,K,2.65,weak,cantering,1.8716,1.89,27.86
390.51,F,-48,-1.00,Unknown,1.89,27.86,K,2.65,weak,cantering,1.8716,1.89,27.86
390.51,H,-44,-1.00,Unknown,1.89,27.86,K,2.65,weak,cantering,1.8716,1.89,27.86
390.51,K,-91,7.03,Far,1.89,27.86,K,2.65,weak,cantering,1.8716,1.89,27.86
390.51,M,-80,3.62,Far,1.89,27.86,K,2.65,weak,cantering,1.8716,1.89,27.86
391.51,A,-83,20.20,Far,2.58,22.33,K,3.47,weak,cantering,0.4926,2.58,22.33
391.51,B,-69,33.64,Far,2.58,22.33,K,3.47,weak,cantering,0.4926,2.58,22.33
391.51,C,-74,5.58,Far,2.58,22.33,K,3.47,weak,cantering,0.4926,2.58,22.33
391.51,E,-79,11.73,Far,2.58,22.33,K,3.47,weak,cantering,0.4926,2.58,22.33
391.51,F,-34,-1.00,Unknown,2.58,22.33,K,3.47,weak,cantering,0.4926,2.58,22.33
391.51,H,-57,4.17,Far,2.58,22.33,K,3.47,weak,cantering,0.4926,2.58,22.33
391.51,K,-92,7.24,Far,2.58,22.33,K,3.47,weak,cantering,0.4926,2.58,22.33
391.51,M,-80,2.92,Far,2.58,22.33,K,3.47,weak,cantering,0.4926,2.58,22.33
392.51,A,-82,20.08,Far,6.68,18.49,K,3.65,weak,cantering,0.8947,6.68,18.49
392.51,B,-75,34.55,Far,6.68,18.49,K,3.65,weak,cantering,0.8947,6.68,18.49
392.51,C,-75,6.04,Far,6.68,18.49,K,3.65,weak,cantering,0.8947,6.68,18.49
392.51,E,-79,12.15,Far,6.68,18.49,K,3.65,weak,cantering,0.8947,6.68,18.49
392.51,F,-24,-1.00,Unknown,6.68,18.49,K,3.65,weak,cantering,0.8947,6.68,18.49
392.51,H,-64,2.70,Near,6.68,18.49,K,3.65,weak,cantering,0.8947,6.68,18.49
392.51,K,-64,-1.00,Unknown,6.68,18.49,K,3.65,weak,cantering,0.8947,6.68,18.49
392.51,M,-82,2.89,Far,6.68,18.49,K,3.65,weak,cantering,0.8947,6.68,18.49
393.51,A,-82,19.98,Far,10.76,14.64,K,0.99,weak,cantering,0.7842,10.76,14.64
393.51,B,-80,35.64,Far,10.76,14.64,K,0.99,weak,cantering,0.7842,10.76,14.64
393.51,C,-76,6.55,Far,10.76,14.64,K,0.99,weak,cantering,0.7842,10.76,14.64
393.51,E,-80,12.55,Far,10.76,14.64,K,0.99,weak,cantering,0.7842,10.76,14.64
393.51,F,-17,-1.00,Unknown,10.76,14.64,K,0.99,weak,cantering,0.7842,10.76,14.64
393.51,H,-45,-1.00,Unknown,10.76,14.64,K,0.99,weak,cantering,0.7842,10.76,14.64
393.51,K,-45,-1.00,Unknown,10.76,14.64,K,0.99,weak,cantering,0.7842,10.76,14.64
393.51,M,-57,-1.00,Unknown,10.76,14.64,K,0.99,weak,cantering,0.7842,10.76,14.64
394.51,A,-80,17.95,Far,14.83,10.84,K,5.77,weak,cantering,0.7650,14.83,10.84
394.51,B,-83,36.25,Far,14.83,10.84,K,5.77,weak,cantering,0.7650,14.83,10.84
394.51,C,-76,6.94,Far,14.83,10.84,K,5.77,weak,cantering,0.7650,14.83,10.84
394.51,E,-80,12.91,Far,14.83,10.84,K,5.77,weak,cantering,0.7650,14.83,10.84
394.51,F,-12,-1.00,Unknown,14.83,10.84,K,5.77,weak,cantering,0.7650,14.83,10.84
394.51,H,-58,3.16,Near,14.83,10.84,K,5.77,weak,cantering,0.7650,14.83,10.84
394.51,K,-58,6.51,Far,14.83,10.84,K,5.77,weak,cantering,0.7650,14.83,10.84
394.51,M,-66,2.87,Far,14.83,10.84,K,5.77,weak,cantering,0.7650,14.83,10.84
395.51,A,-79,16.76,Far,18.41,7.50,M,2.19,weak,cantering,0.8383,18.41,7.50
395.51,B,-84,36.23,Far,18.41,7.50,M,2.19,weak,cantering,0.8383,18.41,7.50
395.51,C,-76,7.29,Far,18.41,7.50,M,2.19,weak,cantering,0.8383,18.41,7.50
395.51,E,-80,13.25,Far,18.41,7.50,M,2.19,weak,cantering,0.8383,18.41,7.50
395.51,F,-8,-1.00,Unknown,18.41,7.50,M,2.19,weak,cantering,0.8383,18.41,7.50
395.51,H,-67,3.43,Far,18.41,7.50,M,2.19,weak,cantering,0.8383,18.41,7.50
395.51,K,-67,5.58,Far,18.41,7.50,M,2.19,weak,cantering,0.8383,18.41,7.50
395.51,M,-73,3.26,Far,18.41,7.50,M,2.19,weak,cantering,0.8383,18.41,7.50
396.51,A,-79,15.79,Far,19.19,6.76,M,1.11,weak,trotting,0.8536,19.19,6.76
396.51,B,-85,36.20,Far,19.19,6.76,M,1.11,weak,trotting,0.8536,19.19,6.76
396.51,C,-76,7.36,Far,19.19,6.76,M,1.11,weak,trotting,0.8536,19.19,6.76
396.51,E,-82,13.98,Far,19.19,6.76,M,1.11,weak,trotting,0.8536,19.19,6.76
396.51,F,-6,-1.00,Unknown,19.19,6.76,M,1.11,weak,trotting,0.8536,19.19,6.76
396.51,H,-74,3.80,Far,19.19,6.76,M,1.11,weak,trotting,0.8536,19.19,6.76
396.51,K,-74,5.68,Far,19.19,6.76,M,1.11,weak,trotting,0.8536,19.19,6.76
396.51,M,-79,3.98,Far,19.19,6.76,M,1.11,weak,trotting,0.8536,19.19,6.76
397.51,A,-79,15.47,Far,19.75,6.29,M,0.38,weak,cantering,0.1128,19.75,6.29
397.51,B,-86,36.19,Far,19.75,6.29,M,0.38,weak,cantering,0.1128,19.75,6.29
397.51,C,-76,7.67,Far,19.75,6.29,M,0.38,weak,cantering,0.1128,19.75,6.29
397.51,E,-81,14.05,Far,19.75,6.29,M,0.38,weak,cantering,0.1128,19.75,6.29
397.51,F,-4,-1.00,Unknown,19.75,6.29,M,0.38,weak,cantering,0.1128,19.75,6.29
397.51,H,-79,4.09,Far,19.75,6.29,M,0.38,weak,cantering,0.1128,19.75,6.29
397.51,K,-77,4.65,Far,19.75,6.29,M,0.38,weak,cantering,0.1128,19.75,6.29
397.51,M,-56,-1.00,Unknown,19.75,6.29,M,0.38,weak,cantering,0.1128,19.75,6.29
398.51,A,-79,15.39,Far,19.88,6.11,M,0.16,weak,cantering,1.4414,19.88,6.11
398.51,B,-87,37.00,Far,19.88,6.11,M,0.16,weak,cantering,1.4414,19.88,6.11
398.51,C,-76,7.68,Far,19.88,6.11,M,0.16,weak,cantering,1.4414,19.88,6.11
398.51,E,-80,13.69,Far,19.88,6.11,M,0.16,weak,cantering,1.4414,19.88,6.11
398.51,F,-3,-1.00,Unknown,19.88,6.11,M,0.16,weak,cantering,1.4414,19.88,6.11
398.51,H,-84,4.71,Far,19.88,6.11,M,0.16,weak,cantering,1.4414,19.88,6.11
398.51,K,-54,-1.00,Unknown,19.88,6.11,M,0.16,weak,cantering,1.4414,19.88,6.11
398.51,M,-68,4.81,Far,19.88,6.11,M,0.16,weak,cantering,1.4414,19.88,6.11
399.51,A,-79,15.11,Far,19.94,6.16,M,0.17,weak,cantering,0.6412,19.94,6.16
399.51,B,-85,34.71,Far,19.94,6.16,M,0.17,weak,cantering,0.6412,19.94,6.16
399.51,C,-76,7.82,Far,19.94,6.16,M,0.17,weak,cantering,0.6412,19.94,6.16
399.51,E,-80,13.80,Far,19.94,6.16,M,0.17,weak,cantering,0.6412,19.94,6.16
399.51,F,-2,-1.00,Unknown,19.94,6.16,M,0.17,weak,cantering,0.6412,19.94,6.16
399.51,H,-59,-1.00,Unknown,19.94,6.16,M,0.17,weak,cantering,0.6412,19.94,6.16
399.51,K,-65,4.87,Far,19.94,6.16,M,0.17,weak,cantering,0.6412,19.94,6.16
399.51,M,-48,-1.00,Unknown,19.94,6.16,M,0.17,weak,cantering,0.6412,19.94,6.16
400.51,A,-79,15.07,Far,20.52,6.69,M,0.86,weak,cantering,0.8413,20.52,6.69
400.51,B,-83,29.64,Far,20.52,6.69,M,0.86,weak,cantering,0.8413,20.52,6.69
400.51,C,-78,8.55,Far,20.52,6.69,M,0.86,weak,cantering,0.8413,20.52,6.69
400.51,E,-79,13.25,Far,20.52,6.69,M,0.86,weak,cantering,0.8413,20.52,6.69
400.51,F,-30,8.80,Far,20.52,6.69,M,0.86,weak,cantering,0.8413,20.52,6.69
400.51,H,-68,4.93,Far,20.52,6.69,M,0.86,weak,cantering,0.8413,20.52,6.69
400.51,K,-71,3.89,Near,20.52,6.69,M,0.86,weak,cantering,0.8413,20.52,6.69
400.51,M,-62,5.73,Far,20.52,6.69,M,0.86,weak,cantering,0.8413,20.52,6.69
401.51,A,-79,14.61,Far,22.20,9.22,M,3.90,weak,cantering,0.2959,22.20,9.22
401.51,B,-80,23.24,Far,22.20,9.22,M,3.90,weak,cantering,0.2959,22.20,9.22
401.51,C,-79,9.27,Far,22.20,9.22,M,3.90,weak,cantering,0.2959,22.20,9.22
401.51,E,-79,13.01,Far,22.20,9.22,M,3.90,weak,cantering,0.2959,22.20,9.22
401.51,F,-49,8.80,Far,22.20,9.22,M,3.90,weak,cantering,0.2959,22.20,9.22
401.51,H,-75,4.85,Far,22.20,9.22,M,3.90,weak,cantering,0.2959,22.20,9.22
401.51,K,-79,4.68,Near,22.20,9.22,M,3.90,weak,cantering,0.2959,22.20,9.22
401.51,M,-72,6.52,Far,22.20,9.22,M,3.90,weak,cantering,0.2959,22.20,9.22
402.51,A,-78,13.71,Far,23.13,6.81,M,3.23,weak,cantering,1.6055,23.13,6.81
402.51,B,-78,19.81,Far,23.13,6.81,M,3.23,weak,cantering,1.6055,23.13,6.81
402.51,C,-80,9.97,Far,23.13,6.81,M,3.23,weak,cantering,1.6055,23.13,6.81
402.51,E,-79,13.18,Far,23.13,6.81,M,3.23,weak,cantering,1.6055,23.13,6.81
402.51,F,-34,-1.00,Unknown,23.13,6.81,M,3.23,weak,cantering,1.6055,23.13,6.81
402.51,H,-78,4.49,Far,23.13,6.81,M,3.23,weak,cantering,1.6055,23.13,6.81
402.51,K,-81,4.25,Far,23.13,6.81,M,3.23,weak,cantering,1.6055,23.13,6.81
402.51,M,-78,6.78,Far,23.13,6.81,M,3.23,weak,cantering,1.6055,23.13,6.81
403.51,A,-79,13.96,Far,24.80,10.68,H,5.83,weak,cantering,0.0450,24.80,10.68
403.51,B,-78,18.46,Far,24.80,10.68,H,5.83,weak,cantering,0.0450,24.80,10.68
403.51,C,-80,10.42,Far,24.80,10.68,H,5.83,weak,cantering,0.0450,24.80,10.68
403.51,E,-79,13.15,Far,24.80,10.68,H,5.83,weak,cantering,0.0450,24.80,10.68
403.51,F,-52,8.39,Far,24.80,10.68,H,5.83,weak,cantering,0.0450,24.80,10.68
403.51,H,-81,4.40,Far,24.80,10.68,H,5.83,weak,cantering,0.0450,24.80,10.68
403.51,K,-83,4.32,Far,24.80,10.68,H,5.83,weak,cantering,0.0450,24.80,10.68
403.51,M,-84,7.40,Far,24.80,10.68,H,5.83,weak,cantering,0.0450,24.80,10.68
404.51,A,-79,13.85,Far,21.60,15.28,H,2.05,weak,cantering,0.8896,21.60,15.28
404.51,B,-80,19.07,Far,21.60,15.28,H,2.05,weak,cantering,0.8896,21.60,15.28
404.51,C,-79,10.17,Far,21.60,15.28,H,2.05,weak,cantering,0.8896,21.60,15.28
404.51,E,-80,13.46,Far,21.60,15.28,H,2.05,weak,cantering,0.8896,21.60,15.28
404.51,F,-64,8.18,Far,21.60,15.28,H,2.05,weak,cantering,0.8896,21.60,15.28
404.51,H,-83,4.21,Far,21.60,15.28,H,2.05,weak,cantering,0.8896,21.60,15.28
404.51,K,-86,4.66,Far,21.60,15.28,H,2.05,weak,cantering,0.8896,21.60,15.28
404.51,M,-87,7.78,Far,21.60,15.28,H,2.05,weak,cantering,0.8896,21.60,15.28
405.51,A,-79,13.93,Far,16.08,16.22,H,4.50,weak,cantering,0.7713,16.08,16.22
405.51,B,-82,19.56,Far,16.08,16.22,H,4.50,weak,cantering,0.7713,16.08,16.22
405.51,C,-78,9.78,Far,16.08,16.22,H,4.50,weak,cantering,0.7713,16.08,16.22
405.51,E,-80,13.90,Far,16.08,16.22,H,4.50,weak,cantering,0.7713,16.08,16.22
405.51,F,-73,8.07,Far,16.08,16.22,H,4.50,weak,cantering,0.7713,16.08,16.22
405.51,H,-86,4.55,Far,16.08,16.22,H,4.50,weak,cantering,0.7713,16.08,16.22
405.51,K,-87,4.76,Far,16.08,16.22,H,4.50,weak,cantering,0.7713,16.08,16.22
405.51,M,-90,8.23,Far,16.08,16.22,H,4.50,weak,cantering,0.7713,16.08,16.22
406.51,A,-80,14.32,Far,15.78,21.79,H,4.58,weak,cantering,0.1724,15.78,21.79
406.51,B,-82,19.51,Far,15.78,21.79,H,4.58,weak,cantering,0.1724,15.78,21.79
406.51,C,-77,9.46,Far,15.78,21.79,H,4.58,weak,cantering,0.1724,15.78,21.79
406.51,E,-80,13.57,Far,15.78,21.79,H,4.58,weak,cantering,0.1724,15.78,21.79
406.51,F,-79,8.21,Far,15.78,21.79,H,4.58,weak,cantering,0.1724,15.78,21.79
406.51,H,-89,5.23,Far,15.78,21.79,H,4.58,weak,cantering,0.1724,15.78,21.79
406.51,K,-88,4.74,Far,15.78,21.79,H,4.58,weak,cantering,0.1724,15.78,21.79
406.51,M,-63,-1.00,Unknown,15.78,21.79,H,4.58,weak,cantering,0.1724,15.78,21.79
407.51,A,-80,14.36,Far,10.69,19.39,H,0.92,weak,cantering,1.9425,10.69,19.39
407.51,B,-82,19.24,Far,10.69,19.39,H,0.92,weak,cantering,1.9425,10.69,19.39
407.51,C,-77,9.37,Far,10.69,19.39,H,0.92,weak,cantering,1.9425,10.69,19.39
407.51,E,-79,13.07,Far,10.69,19.39,H,0.92,weak,cantering,1.9425,10.69,19.39
407.51,F,-55,-1.00,Unknown,10.69,19.39,H,0.92,weak,cantering,1.9425,10.69,19.39
407.51,H,-92,5.93,Far,10.69,19.39,H,0.92,weak,cantering,1.9425,10.69,19.39
407.51,K,-87,4.35,Far,10.69,19.39,H,0.92,weak,cantering,1.9425,10.69,19.39
407.51,M,-72,8.15,Far,10.69,19.39,H,0.92,weak,cantering,1.9425,10.69,19.39
408.51,A,-80,14.39,Far,9.30,16.75,H,2.84,weak,cantering,0.2237,9.30,16.75
408.51,B,-81,18.75,Far,9.30,16.75,H,2.84,weak,cantering,0.2237,9.30,16.75
408.51,C,-77,9.58,Far,9.30,16.75,H,2.84,weak,cantering,0.2237,9.30,16.75
408.51,E,-78,12.16,Far,9.30,16.75,H,2.84,weak,cantering,0.2237,9.30,16.75
408.51,F,-68,8.67,Far,9.30,16.75,H,2.84,weak,cantering,0.2237,9.30,16.75
408.51,H,-93,6.28,Far,9.30,16.75,H,2.84,weak,cantering,0.2237,9.30,16.75
408.51,K,-87,4.07,Far,9.30,16.75,H,2.84,weak,cantering,0.2237,9.30,16.75
408.51,M,-79,8.64,Far,9.30,16.75,H,2.84,weak,cantering,0.2237,9.30,16.75
409.51,A,-81,14.76,Far,10.19,18.01,H,2.00,weak,trotting,0.6760,10.19,18.01
409.51,B,-81,18.77,Far,10.19,18.01,H,2.00,weak,trotting,0.6760,10.19,18.01
409.51,C,-77,9.78,Far,10.19,18.01,H,2.00,weak,trotting,0.6760,10.19,18.01
409.51,E,-76,10.64,Far,10.19,18.01,H,2.00,weak,trotting,0.6760,10.19,18.01
409.51,F,-76,9.13,Far,10.19,18.01,H,2.00,weak,trotting,0.6760,10.19,18.01
409.51,H,-92,6.23,Far,10.19,18.01,H,2.00,weak,trotting,0.6760,10.19,18.01
409.51,K,-87,3.97,Far,10.19,18.01,H,2.00,weak,trotting,0.6760,10.19,18.01
409.51,M,-84,9.19,Far,10.19,18.01,H,2.00,weak,trotting,0.6760,10.19,18.01
410.51,A,-83,15.80,Far,9.40,20.18,E,0.63,weak,cantering,0.6942,9.40,20.18
410.51,B,-82,18.98,Far,9.40,20.18,E,0.63,weak,cantering,0.6942,9.40,20.18
410.51,C,-77,9.81,Far,9.40,20.18,E,0.63,weak,cantering,0.6942,9.40,20.18
410.51,E,-74,9.30,Far,9.40,20.18,E,0.63,weak,cantering,0.6942,9.40,20.18
410.51,F,-82,9.48,Far,9.40,20.18,E,0.63,weak,cantering,0.6942,9.40,20.18
410.51,H,-91,6.05,Far,9.40,20.18,E,0.63,weak,cantering,0.6942,9.40,20.18
410.51,K,-88,4.24,Far,9.40,20.18,E,0.63,weak,cantering,0.6942,9.40,20.18
410.51,M,-87,8.91,Far,9.40,20.18,E,0.63,weak,cantering,0.6942,9.40,20.18
411.51,A,-84,16.77,Far,8.34,21.50,E,2.24,weak,cantering,0.2132,8.34,21.50
411.51,B,-83,19.52,Far,8.34,21.50,E,2.24,weak,cantering,0.2132,8.34,21.50
411.51,C,-77,9.83,Far,8.34,21.50,E,2.24,weak,cantering,0.2132,8.34,21.50
411.51,E,-73,8.11,Far,8.34,21.50,E,2.24,weak,cantering,0.2132,8.34,21.50
411.51,F,-86,9.35,Far,8.34,21.50,E,2.24,weak,cantering,0.2132,8.34,21.50
411.51,H,-89,4.89,Far,8.34,21.50,E,2.24,weak,cantering,0.2132,8.34,21.50
411.51,K,-89,4.48,Far,8.34,21.50,E,2.24,weak,cantering,0.2132,8.34,21.50
411.51,M,-89,8.89,Far,8.34,21.50,E,2.24,weak,cantering,0.2132,8.34,21.50
412.51,A,-85,17.61,Far,7.77,22.39,E,3.26,weak,cantering,1.5610,7.77,22.39
412.51,B,-83,20.05,Far,7.77,22.39,E,3.26,weak,cantering,1.5610,7.77,22.39
412.51,C,-77,9.85,Far,7.77,22.39,E,3.26,weak,cantering,1.5610,7.77,22.39
412.51,E,-73,7.61,Far,7.77,22.39,E,3.26,weak,cantering,1.5610,7.77,22.39
412.51,F,-88,9.05,Far,7.77,22.39,E,3.26,weak,cantering,1.5610,7.77,22.39
412.51,H,-87,3.71,Near,7.77,22.39,E,3.26,weak,cantering,1.5610,7.77,22.39
412.51,K,-90,4.85,Far,7.77,22.39,E,3.26,weak,cantering,1.5610,7.77,22.39
412.51,M,-90,8.29,Far,7.77,22.39,E,3.26,weak,cantering,1.5610,7.77,22.39
413.51,A,-86,18.68,Far,7.37,23.09,E,3.92,weak,cantering,0.4696,7.37,23.09
413.51,B,-85,20.99,Far,7.37,23.09,E,3.92,weak,cantering,0.4696,7.37,23.09
413.51,C,-78,10.28,Far,7.37,23.09,E,3.92,weak,cantering,0.4696,7.37,23.09
413.51,E,-74,7.85,Far,7.37,23.09,E,3.92,weak,cantering,0.4696,7.37,23.09
413.51,F,-89,8.17,Far,7.37,23.09,E,3.92,weak,cantering,0.4696,7.37,23.09
413.51,H,-84,2.66,Near,7.37,23.09,E,3.92,weak,cantering,0.4696,7.37,23.09
413.51,K,-92,5.41,Far,7.37,23.09,E,3.92,weak,cantering,0.4696,7.37,23.09
413.51,M,-90,7.85,Far,7.37,23.09,E,3.92,weak,cantering,0.4696,7.37,23.09
414.51,A,-85,19.31,Far,7.36,23.69,E,3.51,weak,cantering,0.8657,7.36,23.69
414.51,B,-86,22.06,Far,7.36,23.69,E,3.51,weak,cantering,0.8657,7.36,23.69
414.51,C,-78,10.24,Far,7.36,23.69,E,3.51,weak,cantering,0.8657,7.36,23.69
414.51,E,-76,8.35,Far,7.36,23.69,E,3.51,weak,cantering,0.8657,7.36,23.69
414.51,F,-90,8.39,Far,7.36,23.69,E,3.51,weak,cantering,0.8657,7.36,23.69
414.51,H,-82,1.91,Near,7.36,23.69,E,3.51,weak,cantering,0.8657,7.36,23.69
414.51,K,-93,6.02,Far,7.36,23.69,E,3.51,weak,cantering,0.8657,7.36,23.69
414.51,M,-90,7.52,Far,7.36,23.69,E,3.51,weak,cantering,0.8657,7.36,23.69
415.51,A,-84,19.27,Far,7.25,24.58,E,3.09,weak,cantering,0.5930,7.25,24.58
415.51,B,-87,22.98,Far,7.25,24.58,E,3.09,weak,cantering,0.5930,7.25,24.58
415.51,C,-77,10.04,Far,7.25,24.58,E,3.09,weak,cantering,0.5930,7.25,24.58
415.51,E,-77,8.84,Far,7.25,24.58,E,3.09,weak,cantering,0.5930,7.25,24.58
415.51,F,-92,8.84,Far,7.25,24.58,E,3.09,weak,cantering,0.5930,7.25,24.58
415.51,H,-80,1.44,Near,7.25,24.58,E,3.09,weak,cantering,0.5930,7.25,24.58
415.51,K,-95,6.62,Far,7.25,24.58,E,3.09,weak,cantering,0.5930,7.25,24.58
415.51,M,-90,7.09,Far,7.25,24.58,E,3.09,weak,cantering,0.5930,7.25,24.58
416.51,A,-84,19.24,Far,7.14,24.83,E,3.09,weak,cantering,0.5347,7.14,24.83
416.51,B,-88,24.17,Far,7.14,24.83,E,3.09,weak,cantering,0.5347,7.14,24.83
416.51,C,-77,9.68,Far,7.14,24.83,E,3.09,weak,cantering,0.5347,7.14,24.83
416.51,E,-77,9.11,Far,7.14,24.83,E,3.09,weak,cantering,0.5347,7.14,24.83
416.51,F,-94,9.25,Far,7.14,24.83,E,3.09,weak,cantering,0.5347,7.14,24.83
416.51,H,-81,1.61,Near,7.14,24.83,E,3.09,weak,cantering,0.5347,7.14,24.83
416.51,K,-94,6.90,Far,7.14,24.83,E,3.09,weak,cantering,0.5347,7.14,24.83
416.51,M,-90,6.59,Far,7.14,24.83,E,3.09,weak,cantering,0.5347,7.14,24.83
417.51,A,-84,19.83,Far,7.65,25.22,H,2.48,weak,cantering,1.8069,7.65,25.22
417.51,B,-89,25.59,Far,7.65,25.22,H,2.48,weak,cantering,1.8069,7.65,25.22
417.51,C,-76,9.20,Far,7.65,25.22,H,2.48,weak,cantering,1.8069,7.65,25.22
417.51,E,-78,9.35,Far,7.65,25.22,H,2.48,weak,cantering,1.8069,7.65,25.22
417.51,F,-94,9.49,Far,7.65,25.22,H,2.48,weak,cantering,1.8069,7.65,25.22
417.51,H,-84,2.02,Near,7.65,25.22,H,2.48,weak,cantering,1.8069,7.65,25.22
417.51,K,-95,7.26,Far,7.65,25.22,H,2.48,weak,cantering,1.8069,7.65,25.22
417.51,M,-88,5.49,Far,7.65,25.22,H,2.48,weak,cantering,1.8069,7.65,25.22
418.51,A,-84,20.19,Far,8.00,25.26,H,2.14,weak,cantering,0.4334,8.00,25.26
418.51,B,-89,26.60,Far,8.00,25.26,H,2.14,weak,cantering,0.4334,8.00,25.26
418.51,C,-76,8.99,Far,8.00,25.26,H,2.14,weak,cantering,0.4334,8.00,25.26
418.51,E,-78,9.70,Far,8.00,25.26,H,2.14,weak,cantering,0.4334,8.00,25.26
418.51,F,-94,9.39,Far,8.00,25.26,H,2.14,weak,cantering,0.4334,8.00,25.26
418.51,H,-86,2.37,Near,8.00,25.26,H,2.14,weak,cantering,0.4334,8.00,25.26
418.51,K,-94,7.19,Far,8.00,25.26,H,2.14,weak,cantering,0.4334,8.00,25.26
418.51,M,-87,4.79,Far,8.00,25.26,H,2.14,weak,cantering,0.4334,8.00,25.26
419.51,A,-85,21.05,Far,8.23,25.93,H,1.77,weak,trotting,0.2483,8.23,25.93
419.51,B,-88,26.70,Far,8.23,25.93,H,1.77,weak,trotting,0.2483,8.23,25.93
419.51,C,-74,8.25,Far,8.23,25.93,H,1.77,weak,trotting,0.2483,8.23,25.93
419.51,E,-78,9.88,Far,8.23,25.93,H,1.77,weak,trotting,0.2483,8.23,25.93
419.51,F,-94,8.94,Far,8.23,25.93,H,1.77,weak,trotting,0.2483,8.23,25.93
419.51,H,-86,2.59,Far,8.23,25.93,H,1.77,weak,trotting,0.2483,8.23,25.93
419.51,K,-94,7.26,Far,8.23,25.93,H,1.77,weak,trotting,0.2483,8.23,25.93
419.51,M,-86,4.16,Far,8.23,25.93,H,1.77,weak,trotting,0.2483,8.23,25.93
420.51,A,-85,21.72,Far,8.23,26.31,H,1.80,weak,trotting,0.2842,8.23,26.31
420.51,B,-88,27.28,Far,8.23,26.31,H,1.80,weak,trotting,0.2842,8.23,26.31
420.51,C,-74,7.87,Far,8.23,26.31,H,1.80,weak,trotting,0.2842,8.23,26.31
420.51,E,-78,10.05,Far,8.23,26.31,H,1.80,weak,trotting,0.2842,8.23,26.31
420.51,F,-95,9.53,Far,8.23,26.31,H,1.80,weak,trotting,0.2842,8.23,26.31
420.51,H,-85,2.56,Far,8.23,26.31,H,1.80,weak,trotting,0.2842,8.23,26.31
420.51,K,-94,7.46,Far,8.23,26.31,H,1.80,weak,trotting,0.2842,8.23,26.31
420.51,M,-87,4.24,Far,8.23,26.31,H,1.80,weak,trotting,0.2842,8.23,26.31
421.51,A,-86,22.53,Far,8.50,26.95,H,1.78,weak,trotting,0.7364,8.50,26.95
421.51,B,-87,27.59,Far,8.50,26.95,H,1.78,weak,trotting,0.7364,8.50,26.95
421.51,C,-73,7.21,Far,8.50,26.95,H,1.78,weak,trotting,0.7364,8.50,26.95
421.51,E,-79,10.69,Far,8.50,26.95,H,1.78,weak,trotting,0.7364,8.50,26.95
421.51,F,-96,10.10,Far,8.50,26.95,H,1.78,weak,trotting,0.7364,8.50,26.95
421.51,H,-86,2.81,Far,8.50,26.95,H,1.78,weak,trotting,0.7364,8.50,26.95
421.51,K,-92,6.65,Far,8.50,26.95,H,1.78,weak,trotting,0.7364,8.50,26.95
421.51,M,-85,3.20,Near,8.50,26.95,H,1.78,weak,trotting,0.7364,8.50,26.95
422.51,A,-86,23.32,Far,8.72,27.19,H,1.75,weak,trotting,1.0878,8.72,27.19
422.51,B,-87,27.88,Far,8.72,27.19,H,1.75,weak,trotting,1.0878,8.72,27.19
422.51,C,-73,6.87,Far,8.72,27.19,H,1.75,weak,trotting,1.0878,8.72,27.19
422.51,E,-80,11.19,Far,8.72,27.19,H,1.75,weak,trotting,1.0878,8.72,27.19
422.51,F,-95,9.28,Far,8.72,27.19,H,1.75,weak,trotting,1.0878,8.72,27.19
422.51,H,-88,3.20,Far,8.72,27.19,H,1.75,weak,trotting,1.0878,8.72,27.19
422.51,K,-92,6.67,Far,8.72,27.19,H,1.75,weak,trotting,1.0878,8.72,27.19
422.51,M,-87,3.50,Near,8.72,27.19,H,1.75,weak,trotting,1.0878,8.72,27.19
423.51,A,-86,24.07,Far,8.72,27.29,H,1.82,weak,trotting,0.6812,8.72,27.29
423.51,B,-87,28.39,Far,8.72,27.29,H,1.82,weak,trotting,0.6812,8.72,27.29
423.51,C,-73,6.86,Far,8.72,27.29,H,1.82,weak,trotting,0.6812,8.72,27.29
423.51,E,-80,11.53,Far,8.72,27.29,H,1.82,weak,trotting,0.6812,8.72,27.29
423.51,F,-95,9.21,Far,8.72,27.29,H,1.82,weak,trotting,0.6812,8.72,27.29
423.51,H,-88,3.50,Far,8.72,27.29,H,1.82,weak,trotting,0.6812,8.72,27.29
423.51,K,-93,7.19,Far,8.72,27.29,H,1.82,weak,trotting,0.6812,8.72,27.29
423.51,M,-90,4.03,Far,8.72,27.29,H,1.82,weak,trotting,0.6812,8.72,27.29
424.51,A,-85,23.51,Far,8.76,26.90,H,1.54,weak,trotting,0.6568,8.76,26.90
424.51,B,-86,28.35,Far,8.76,26.90,H,1.54,weak,trotting,0.6568,8.76,26.90
424.51,C,-74,7.08,Far,8.76,26.90,H,1.54,weak,trotting,0.6568,8.76,26.90
424.51,E,-80,12.11,Far,8.76,26.90,H,1.54,weak,trotting,0.6568,8.76,26.90
424.51,F,-95,9.31,Far,8.76,26.90,H,1.54,weak,trotting,0.6568,8.76,26.90
424.51,H,-88,3.42,Far,8.76,26.90,H,1.54,weak,trotting,0.6568,8.76,26.90
424.51,K,-95,7.69,Far,8.76,26.90,H,1.54,weak,trotting,0.6568,8.76,26.90
424.51,M,-91,4.54,Far,8.76,26.90,H,1.54,weak,trotting,0.6568,8.76,26.90
425.51,A,-84,23.33,Far,8.85,25.76,H,1.18,weak,cantering,0.6440,8.85,25.76
425.51,B,-85,27.66,Far,8.85,25.76,H,1.18,weak,cantering,0.6440,8.85,25.76
425.51,C,-75,7.28,Far,8.85,25.76,H,1.18,weak,cantering,0.6440,8.85,25.76
425.51,E,-81,12.52,Far,8.85,25.76,H,1.18,weak,cantering,0.6440,8.85,25.76
425.51,F,-95,9.39,Far,8.85,25.76,H,1.18,weak,cantering,0.6440,8.85,25.76
425.51,H,-88,3.54,Far,8.85,25.76,H,1.18,weak,cantering,0.6440,8.85,25.76
425.51,K,-92,6.37,Far,8.85,25.76,H,1.18,weak,cantering,0.6440,8.85,25.76
425.51,M,-92,4.99,Far,8.85,25.76,H,1.18,weak,cantering,0.6440,8.85,25.76
426.51,A,-83,22.55,Far,11.52,20.86,H,1.75,weak,cantering,0.6316,11.52,20.86
426.51,B,-85,27.67,Far,11.52,20.86,H,1.75,weak,cantering,0.6316,11.52,20.86
426.51,C,-75,7.58,Far,11.52,20.86,H,1.75,weak,cantering,0.6316,11.52,20.86
426.51,E,-80,12.37,Far,11.52,20.86,H,1.75,weak,cantering,0.6316,11.52,20.86
426.51,F,-66,-1.00,Unknown,11.52,20.86,H,1.75,weak,cantering,0.6316,11.52,20.86
426.51,H,-89,3.87,Far,11.52,20.86,H,1.75,weak,cantering,0.6316,11.52,20.86
426.51,K,-93,6.73,Far,11.52,20.86,H,1.75,weak,cantering,0.6316,11.52,20.86
426.51,M,-90,4.20,Far,11.52,20.86,H,1.75,weak,cantering,0.6316,11.52,20.86
427.51,A,-83,21.89,Far,11.48,20.26,H,1.51,weak,cantering,0.8183,11.48,20.26
427.51,B,-86,28.39,Far,11.48,20.26,H,1.51,weak,cantering,0.8183,11.48,20.26
427.51,C,-76,7.73,Far,11.48,20.26,H,1.51,weak,cantering,0.8183,11.48,20.26
427.51,E,-79,12.24,Far,11.48,20.26,H,1.51,weak,cantering,0.8183,11.48,20.26
427.51,F,-75,9.60,Far,11.48,20.26,H,1.51,weak,cantering,0.8183,11.48,20.26
427.51,H,-89,4.09,Far,11.48,20.26,H,1.51,weak,cantering,0.8183,11.48,20.26
427.51,K,-93,6.74,Far,11.48,20.26,H,1.51,weak,cantering,0.8183,11.48,20.26
427.51,M,-88,3.58,Near,11.48,20.26,H,1.51,weak,cantering,0.8183,11.48,20.26
428.51,A,-82,21.60,Far,12.77,18.12,E,3.35,weak,trotting,0.9109,12.77,18.12
428.51,B,-87,29.08,Far,12.77,18.12,E,3.35,weak,trotting,0.9109,12.77,18.12
428.51,C,-76,8.10,Far,12.77,18.12,E,3.35,weak,trotting,0.9109,12.77,18.12
428.51,E,-80,12.48,Far,12.77,18.12,E,3.35,weak,trotting,0.9109,12.77,18.12
428.51,F,-53,-1.00,Unknown,12.77,18.12,E,3.35,weak,trotting,0.9109,12.77,18.12
428.51,H,-89,4.19,Far,12.77,18.12,E,3.35,weak,trotting,0.9109,12.77,18.12
428.51,K,-93,6.87,Far,12.77,18.12,E,3.35,weak,trotting,0.9109,12.77,18.12
428.51,M,-85,2.69,Near,12.77,18.12,E,3.35,weak,trotting,0.9109,12.77,18.12
429.51,A,-82,20.76,Far,13.56,16.98,E,4.64,weak,trotting,0.7497,13.56,16.98
429.51,B,-86,28.66,Far,13.56,16.98,E,4.64,weak,trotting,0.7497,13.56,16.98
429.51,C,-76,8.19,Far,13.56,16.98,E,4.64,weak,trotting,0.7497,13.56,16.98
429.51,E,-79,12.53,Far,13.56,16.98,E,4.64,weak,trotting,0.7497,13.56,16.98
429.51,F,-66,10.04,Far,13.56,16.98,E,4.64,weak,trotting,0.7497,13.56,16.98
429.51,H,-89,4.27,Far,13.56,16.98,E,4.64,weak,trotting,0.7497,13.56,16.98
429.51,K,-92,6.73,Far,13.56,16.98,E,4.64,weak,trotting,0.7497,13.56,16.98
429.51,M,-83,2.21,Near,13.56,16.98,E,4.64,weak,trotting,0.7497,13.56,16.98
430.51,A,-82,20.33,Far,12.65,18.71,E,2.95,weak,trotting,0.5268,12.65,18.71
430.51,B,-84,27.16,Far,12.65,18.71,E,2.95,weak,trotting,0.5268,12.65,18.71
430.51,C,-76,8.12,Far,12.65,18.71,E,2.95,weak,trotting,0.5268,12.65,18.71
430.51,E,-80,12.90,Far,12.65,18.71,E,2.95,weak,trotting,0.5268,12.65,18.71
430.51,F,-76,10.68,Far,12.65,18.71,E,2.95,weak,trotting,0.5268,12.65,18.71
430.51,H,-89,4.43,Far,12.65,18.71,E,2.95,weak,trotting,0.5268,12.65,18.71
430.51,K,-92,6.46,Far,12.65,18.71,E,2.95,weak,trotting,0.5268,12.65,18.71
430.51,M,-85,2.53,Near,12.65,18.71,E,2.95,weak,trotting,0.5268,12.65,18.71
431.51,A,-82,20.64,Far,13.88,16.53,E,4.64,weak,trotting,0.8846,13.88,16.53
431.51,B,-84,26.28,Far,13.88,16.53,E,4.64,weak,trotting,0.8846,13.88,16.53
431.51,C,-76,8.21,Far,13.88,16.53,E,4.64,weak,trotting,0.8846,13.88,16.53
431.51,E,-80,13.24,Far,13.88,16.53,E,4.64,weak,trotting,0.8846,13.88,16.53
431.51,F,-53,-1.00,Unknown,13.88,16.53,E,4.64,weak,trotting,0.8846,13.88,16.53
431.51,H,-90,4.56,Far,13.88,16.53,E,4.64,weak,trotting,0.8846,13.88,16.53
431.51,K,-91,6.11,Far,13.88,16.53,E,4.64,weak,trotting,0.8846,13.88,16.53
431.51,M,-88,2.98,Near,13.88,16.53,E,4.64,weak,trotting,0.8846,13.88,16.53
432.51,A,-81,19.62,Far,14.88,18.83,E,5.02,weak,trotting,0.4718,14.88,18.83
432.51,B,-83,25.16,Far,14.88,18.83,E,5.02,weak,trotting,0.4718,14.88,18.83
432.51,C,-76,8.14,Far,14.88,18.83,E,5.02,weak,trotting,0.4718,14.88,18.83
432.51,E,-80,13.20,Far,14.88,18.83,E,5.02,weak,trotting,0.4718,14.88,18.83
432.51,F,-66,11.01,Far,14.88,18.83,E,5.02,weak,trotting,0.4718,14.88,18.83
432.51,H,-91,5.00,Far,14.88,18.83,E,5.02,weak,trotting,0.4718,14.88,18.83
432.51,K,-91,5.96,Far,14.88,18.83,E,5.02,weak,trotting,0.4718,14.88,18.83
432.51,M,-61,-1.00,Unknown,14.88,18.83,E,5.02,weak,trotting,0.4718,14.88,18.83
433.51,A,-80,18.45,Far,14.39,20.19,E,4.39,weak,trotting,0.8262,14.39,20.19
433.51,B,-82,23.84,Far,14.39,20.19,E,4.39,weak,trotting,0.8262,14.39,20.19
433.51,C,-78,8.90,Far,14.39,20.19,E,4.39,weak,trotting,0.8262,14.39,20.19
433.51,E,-80,13.17,Far,14.39,20.19,E,4.39,weak,trotting,0.8262,14.39,20.19
433.51,F,-75,11.33,Far,14.39,20.19,E,4.39,weak,trotting,0.8262,14.39,20.19
433.51,H,-92,5.50,Far,14.39,20.19,E,4.39,weak,trotting,0.8262,14.39,20.19
433.51,K,-89,5.08,Far,14.39,20.19,E,4.39,weak,trotting,0.8262,14.39,20.19
433.51,M,-72,3.59,Far,14.39,20.19,E,4.39,weak,trotting,0.8262,14.39,20.19
434.51,A,-80,17.48,Far,12.88,20.50,E,2.92,weak,trotting,0.1156,12.88,20.50
434.51,B,-82,23.37,Far,12.88,20.50,E,2.92,weak,trotting,0.1156,12.88,20.50
434.51,C,-79,9.59,Far,12.88,20.50,E,2.92,weak,trotting,0.1156,12.88,20.50
434.51,E,-79,12.94,Far,12.88,20.50,E,2.92,weak,trotting,0.1156,12.88,20.50
434.51,F,-82,11.99,Far,12.88,20.50,E,2.92,weak,trotting,0.1156,12.88,20.50
434.51,H,-91,5.33,Far,12.88,20.50,E,2.92,weak,trotting,0.1156,12.88,20.50
434.51,K,-88,4.49,Far,12.88,20.50,E,2.92,weak,trotting,0.1156,12.88,20.50
434.51,M,-79,4.49,Far,12.88,20.50,E,2.92,weak,trotting,0.1156,12.88,20.50
435.51,A,-79,16.68,Far,13.93,22.76,E,4.80,weak,trotting,1.1683,13.93,22.76
435.51,B,-81,21.13,Far,13.93,22.76,E,4.80,weak,trotting,1.1683,13.93,22.76
435.51,C,-79,10.06,Far,13.93,22.76,E,4.80,weak,trotting,1.1683,13.93,22.76
435.51,E,-79,12.74,Far,13.93,22.76,E,4.80,weak,trotting,1.1683,13.93,22.76
435.51,F,-86,11.63,Far,13.93,22.76,E,4.80,weak,trotting,1.1683,13.93,22.76
435.51,H,-91,5.53,Far,13.93,22.76,E,4.80,weak,trotting,1.1683,13.93,22.76
435.51,K,-86,3.81,Far,13.93,22.76,E,4.80,weak,trotting,1.1683,13.93,22.76
435.51,M,-55,-1.00,Unknown,13.93,22.76,E,4.80,weak,trotting,1.1683,13.93,22.76
436.51,A,-78,15.10,Far,13.75,23.36,E,4.58,weak,trotting,0.1722,13.75,23.36
436.51,B,-80,19.77,Far,13.75,23.36,E,4.58,weak,trotting,0.1722,13.75,23.36
436.51,C,-80,10.49,Far,13.75,23.36,E,4.58,weak,trotting,0.1722,13.75,23.36
436.51,E,-80,13.22,Far,13.75,23.36,E,4.58,weak,trotting,0.1722,13.75,23.36
436.51,F,-88,10.83,Far,13.75,23.36,E,4.58,weak,trotting,0.1722,13.75,23.36
436.51,H,-92,5.81,Far,13.75,23.36,E,4.58,weak,trotting,0.1722,13.75,23.36
436.51,K,-86,3.48,Far,13.75,23.36,E,4.58,weak,trotting,0.1722,13.75,23.36
436.51,M,-69,5.49,Far,13.75,23.36,E,4.58,weak,trotting,0.1722,13.75,23.36
437.51,A,-76,13.23,Far,14.26,20.91,E,4.36,weak,trotting,0.7645,14.26,20.91
437.51,B,-78,16.64,Far,14.26,20.91,E,4.36,weak,trotting,0.7645,14.26,20.91
437.51,C,-80,11.13,Far,14.26,20.91,E,4.36,weak,trotting,0.7645,14.26,20.91
437.51,E,-81,13.81,Far,14.26,20.91,E,4.36,weak,trotting,0.7645,14.26,20.91
437.51,F,-62,-1.00,Unknown,14.26,20.91,E,4.36,weak,trotting,0.7645,14.26,20.91
437.51,H,-92,5.84,Far,14.26,20.91,E,4.36,weak,trotting,0.7645,14.26,20.91
437.51,K,-85,3.32,Far,14.26,20.91,E,4.36,weak,trotting,0.7645,14.26,20.91
437.51,M,-77,6.62,Far,14.26,20.91,E,4.36,weak,trotting,0.7645,14.26,20.91
438.51,A,-75,11.85,Far,14.13,18.43,E,4.42,weak,trotting,0.1917,14.13,18.43
438.51,B,-73,9.46,Far,14.13,18.43,E,4.42,weak,trotting,0.1917,14.13,18.43
438.51,C,-81,11.95,Far,14.13,18.43,E,4.42,weak,trotting,0.1917,14.13,18.43
438.51,E,-82,14.50,Far,14.13,18.43,E,4.42,weak,trotting,0.1917,14.13,18.43
438.51,F,-72,11.08,Far,14.13,18.43,E,4.42,weak,trotting,0.1917,14.13,18.43
438.51,H,-92,5.98,Far,14.13,18.43,E,4.42,weak,trotting,0.1917,14.13,18.43
438.51,K,-85,3.11,Far,14.13,18.43,E,4.42,weak,trotting,0.1917,14.13,18.43
438.51,M,-83,7.46,Far,14.13,18.43,E,4.42,weak,trotting,0.1917,14.13,18.43
439.51,A,-74,10.54,Far,15.02,20.77,E,5.04,weak,trotting,1.0972,15.02,20.77
439.51,B,-70,6.59,Far,15.02,20.77,E,5.04,weak,trotting,1.0972,15.02,20.77
439.51,C,-82,12.65,Far,15.02,20.77,E,5.04,weak,trotting,1.0972,15.02,20.77
439.51,E,-82,14.88,Far,15.02,20.77,E,5.04,weak,trotting,1.0972,15.02,20.77
439.51,F,-80,11.35,Far,15.02,20.77,E,5.04,weak,trotting,1.0972,15.02,20.77
439.51,H,-92,6.10,Far,15.02,20.77,E,5.04,weak,trotting,1.0972,15.02,20.77
439.51,K,-84,2.76,Far,15.02,20.77,E,5.04,weak,trotting,1.0972,15.02,20.77
439.51,M,-58,-1.00,Unknown,15.02,20.77,E,5.04,weak,trotting,1.0972,15.02,20.77
440.51,A,-74,9.55,Far,15.89,23.11,E,5.03,weak,trotting,0.3228,15.89,23.11
440.51,B,-71,6.42,Far,15.89,23.11,E,5.03,weak,trotting,0.3228,15.89,23.11
440.51,C,-82,13.31,Far,15.89,23.11,E,5.03,weak,trotting,0.3228,15.89,23.11
440.51,E,-82,15.23,Far,15.89,23.11,E,5.03,weak,trotting,0.3228,15.89,23.11
440.51,F,-86,11.95,Far,15.89,23.11,E,5.03,weak,trotting,0.3228,15.89,23.11
440.51,H,-92,6.21,Far,15.89,23.11,E,5.03,weak,trotting,0.3228,15.89,23.11
440.51,K,-83,2.34,Far,15.89,23.11,E,5.03,weak,trotting,0.3228,15.89,23.11
440.51,M,-41,-1.00,Unknown,15.89,23.11,E,5.03,weak,trotting,0.3228,15.89,23.11
441.51,A,-73,8.33,Far,16.46,25.19,E,3.63,weak,trotting,0.7101,16.46,25.19
441.51,B,-73,6.70,Far,16.46,25.19,E,3.63,weak,trotting,0.7101,16.46,25.19
441.51,C,-83,14.07,Far,16.46,25.19,E,3.63,weak,trotting,0.7101,16.46,25.19
441.51,E,-82,15.38,Far,16.46,25.19,E,3.63,weak,trotting,0.7101,16.46,25.19
441.51,F,-87,10.77,Far,16.46,25.19,E,3.63,weak,trotting,0.7101,16.46,25.19
441.51,H,-91,5.73,Far,16.46,25.19,E,3.63,weak,trotting,0.7101,16.46,25.19
441.51,K,-84,2.42,Far,16.46,25.19,E,3.63,weak,trotting,0.7101,16.46,25.19
441.51,M,-57,7.70,Far,16.46,25.19,E,3.63,weak,trotting,0.7101,16.46,25.19
442.51,A,-71,7.23,Far,15.23,23.02,E,5.62,weak,trotting,0.3230,15.23,23.02
442.51,B,-76,7.38,Far,15.23,23.02,E,5.62,weak,trotting,0.3230,15.23,23.02
442.51,C,-84,15.13,Far,15.23,23.02,E,5.62,weak,trotting,0.3230,15.23,23.02
442.51,E,-81,15.07,Far,15.23,23.02,E,5.62,weak,trotting,0.3230,15.23,23.02
442.51,F,-88,9.10,Far,15.23,23.02,E,5.62,weak,trotting,0.3230,15.23,23.02
442.51,H,-90,5.24,Far,15.23,23.02,E,5.62,weak,trotting,0.3230,15.23,23.02
442.51,K,-83,2.28,Far,15.23,23.02,E,5.62,weak,trotting,0.3230,15.23,23.02
442.51,M,-68,7.99,Far,15.23,23.02,E,5.62,weak,trotting,0.3230,15.23,23.02
443.51,A,-71,6.44,Far,9.69,22.79,E,2.81,weak,cantering,1.8328,9.69,22.79
443.51,B,-79,8.20,Far,9.69,22.79,E,2.81,weak,cantering,1.8328,9.69,22.79
443.51,C,-84,15.95,Far,9.69,22.79,E,2.81,weak,cantering,1.8328,9.69,22.79
443.51,E,-80,14.82,Far,9.69,22.79,E,2.81,weak,cantering,1.8328,9.69,22.79
443.51,F,-88,7.52,Far,9.69,22.79,E,2.81,weak,cantering,1.8328,9.69,22.79
443.51,H,-91,5.53,Far,9.69,22.79,E,2.81,weak,cantering,1.8328,9.69,22.79
443.51,K,-83,2.18,Far,9.69,22.79,E,2.81,weak,cantering,1.8328,9.69,22.79
443.51,M,-76,8.39,Far,9.69,22.79,E,2.81,weak,cantering,1.8328,9.69,22.79
444.51,A,-71,6.13,Far,10.00,28.38,K,2.38,weak,cantering,0.5175,10.00,28.38
444.51,B,-82,9.16,Far,10.00,28.38,K,2.38,weak,cantering,0.5175,10.00,28.38
444.51,C,-84,16.59,Far,10.00,28.38,K,2.38,weak,cantering,0.5175,10.00,28.38
444.51,E,-79,13.83,Far,10.00,28.38,K,2.38,weak,cantering,0.5175,10.00,28.38
444.51,F,-87,5.85,Far,10.00,28.38,K,2.38,weak,cantering,0.5175,10.00,28.38
444.51,H,-90,5.23,Far,10.00,28.38,K,2.38,weak,cantering,0.5175,10.00,28.38
444.51,K,-82,2.03,Far,10.00,28.38,K,2.38,weak,cantering,0.5175,10.00,28.38
444.51,M,-53,-1.00,Unknown,10.00,28.38,K,2.38,weak,cantering,0.5175,10.00,28.38
445.51,A,-72,6.21,Far,11.69,26.54,K,1.77,weak,trotting,0.8314,11.69,26.54
445.51,B,-57,-1.00,Unknown,11.69,26.54,K,1.77,weak,trotting,0.8314,11.69,26.54
445.51,C,-84,17.01,Far,11.69,26.54,K,1.77,weak,trotting,0.8314,11.69,26.54
445.51,E,-78,13.05,Far,11.69,26.54,K,1.77,weak,trotting,0.8314,11.69,26.54
445.51,F,-86,4.88,Far,11.69,26.54,K,1.77,weak,trotting,0.8314,11.69,26.54
445.51,H,-91,5.52,Far,11.69,26.54,K,1.77,weak,trotting,0.8314,11.69,26.54
445.51,K,-83,2.12,Near,11.69,26.54,K,1.77,weak,trotting,0.8314,11.69,26.54
445.51,M,-66,9.04,Far,11.69,26.54,K,1.77,weak,trotting,0.8314,11.69,26.54
446.51,A,-72,6.29,Far,13.83,27.82,K,4.24,weak,trotting,0.2847,13.83,27.82
446.51,B,-67,11.53,Far,13.83,27.82,K,4.24,weak,trotting,0.2847,13.83,27.82
446.51,C,-84,17.74,Far,13.83,27.82,K,4.24,weak,trotting,0.2847,13.83,27.82
446.51,E,-77,12.42,Far,13.83,27.82,K,4.24,weak,trotting,0.2847,13.83,27.82
446.51,F,-84,3.43,Far,13.83,27.82,K,4.24,weak,trotting,0.2847,13.83,27.82
446.51,H,-91,5.59,Far,13.83,27.82,K,4.24,weak,trotting,0.2847,13.83,27.82
446.51,K,-85,2.45,Near,13.83,27.82,K,4.24,weak,trotting,0.2847,13.83,27.82
446.51,M,-46,-1.00,Unknown,13.83,27.82,K,4.24,weak,trotting,0.2847,13.83,27.82
447.51,A,-72,6.12,Far,15.66,29.53,K,5.59,weak,trotting,0.7134,15.66,29.53
447.51,B,-74,12.79,Far,15.66,29.53,K,5.59,weak,trotting,0.7134,15.66,29.53
447.51,C,-83,17.36,Far,15.66,29.53,K,5.59,weak,trotting,0.7134,15.66,29.53
447.51,E,-79,12.76,Far,15.66,29.53,K,5.59,weak,trotting,0.7134,15.66,29.53
447.51,F,-82,2.56,Near,15.66,29.53,K,5.59,weak,trotting,0.7134,15.66,29.53
447.51,H,-90,5.41,Far,15.66,29.53,K,5.59,weak,trotting,0.7134,15.66,29.53
447.51,K,-87,2.85,Far,15.66,29.53,K,5.59,weak,trotting,0.7134,15.66,29.53
447.51,M,-33,-1.00,Unknown,15.66,29.53,K,5.59,weak,trotting,0.7134,15.66,29.53
448.51,A,-72,5.98,Far,16.75,29.43,F,4.73,weak,trotting,0.8516,16.75,29.43
448.51,B,-78,13.80,Far,16.75,29.43,F,4.73,weak,trotting,0.8516,16.75,29.43
448.51,C,-81,16.15,Far,16.75,29.43,F,4.73,weak,trotting,0.8516,16.75,29.43
448.51,E,-79,12.78,Far,16.75,29.43,F,4.73,weak,trotting,0.8516,16.75,29.43
448.51,F,-80,1.87,Near,16.75,29.43,F,4.73,weak,trotting,0.8516,16.75,29.43
448.51,H,-90,5.39,Far,16.75,29.43,F,4.73,weak,trotting,0.8516,16.75,29.43
448.51,K,-88,3.25,Far,16.75,29.43,F,4.73,weak,trotting,0.8516,16.75,29.43
448.51,M,-52,9.88,Far,16.75,29.43,F,4.73,weak,trotting,0.8516,16.75,29.43
449.51,A,-72,5.86,Far,19.69,24.67,F,1.36,weak,cantering,0.8979,19.69,24.67
449.51,B,-80,14.68,Far,19.69,24.67,F,1.36,weak,cantering,0.8979,19.69,24.67
449.51,C,-81,15.75,Far,19.69,24.67,F,1.36,weak,cantering,0.8979,19.69,24.67
449.51,E,-79,12.80,Far,19.69,24.67,F,1.36,weak,cantering,0.8979,19.69,24.67
449.51,F,-80,1.82,Near,19.69,24.67,F,1.36,weak,cantering,0.8979,19.69,24.67
449.51,H,-93,6.01,Far,19.69,24.67,F,1.36,weak,cantering,0.8979,19.69,24.67
449.51,K,-88,3.40,Far,19.69,24.67,F,1.36,weak,cantering,0.8979,19.69,24.67
449.51,M,-66,10.85,Far,19.69,24.67,F,1.36,weak,cantering,0.8979,19.69,24.67
450.51,A,-72,5.64,Far,21.60,29.12,F,3.51,weak,cantering,0.6356,21.60,29.12
450.51,B,-81,15.24,Far,21.60,29.12,F,3.51,weak,cantering,0.6356,21.60,29.12
450.51,C,-81,16.19,Far,21.60,29.12,F,3.51,weak,cantering,0.6356,21.60,29.12
450.51,E,-80,13.26,Far,21.60,29.12,F,3.51,weak,cantering,0.6356,21.60,29.12
450.51,F,-82,1.99,Far,21.60,29.12,F,3.51,weak,cantering,0.6356,21.60,29.12
450.51,H,-93,6.34,Far,21.60,29.12,F,3.51,weak,cantering,0.6356,21.60,29.12
450.51,K,-88,3.44,Far,21.60,29.12,F,3.51,weak,cantering,0.6356,21.60,29.12
450.51,M,-46,-1.00,Unknown,21.60,29.12,F,3.51,weak,cantering,0.6356,21.60,29.12
451.51,A,-72,5.69,Far,19.62,27.59,F,1.64,weak,trotting,1.2234,19.62,27.59
451.51,B,-82,15.92,Far,19.62,27.59,F,1.64,weak,trotting,1.2234,19.62,27.59
451.51,C,-82,16.76,Far,19.62,27.59,F,1.64,weak,trotting,1.2234,19.62,27.59
451.51,E,-81,13.84,Far,19.62,27.59,F,1.64,weak,trotting,1.2234,19.62,27.59
451.51,F,-83,2.19,Far,19.62,27.59,F,1.64,weak,trotting,1.2234,19.62,27.59
451.51,H,-94,6.97,Far,19.62,27.59,F,1.64,weak,trotting,1.2234,19.62,27.59
451.51,K,-87,3.17,Far,19.62,27.59,F,1.64,weak,trotting,1.2234,19.62,27.59
451.51,M,-62,11.53,Far,19.62,27.59,F,1.64,weak,trotting,1.2234,19.62,27.59
452.51,A,-72,5.62,Far,18.08,25.63,F,1.95,weak,trotting,0.4551,18.08,25.63
452.51,B,-82,16.56,Far,18.08,25.63,F,1.95,weak,trotting,0.4551,18.08,25.63
452.51,C,-82,16.96,Far,18.08,25.63,F,1.95,weak,trotting,0.4551,18.08,25.63
452.51,E,-81,14.26,Far,18.08,25.63,F,1.95,weak,trotting,0.4551,18.08,25.63
452.51,F,-86,2.69,Far,18.08,25.63,F,1.95,weak,trotting,0.4551,18.08,25.63
452.51,H,-95,7.31,Far,18.08,25.63,F,1.95,weak,trotting,0.4551,18.08,25.63
452.51,K,-86,3.08,Far,18.08,25.63,F,1.95,weak,trotting,0.4551,18.08,25.63
452.51,M,-73,12.11,Far,18.08,25.63,F,1.95,weak,trotting,0.4551,18.08,25.63
453.51,A,-72,5.44,Far,18.14,27.94,F,2.69,weak,trotting,0.7853,18.14,27.94
453.51,B,-83,17.16,Far,18.14,27.94,F,2.69,weak,trotting,0.7853,18.14,27.94
453.51,C,-83,17.64,Far,18.14,27.94,F,2.69,weak,trotting,0.7853,18.14,27.94
453.51,E,-81,14.30,Far,18.14,27.94,F,2.69,weak,trotting,0.7853,18.14,27.94
453.51,F,-87,3.04,Far,18.14,27.94,F,2.69,weak,trotting,0.7853,18.14,27.94
453.51,H,-95,7.73,Far,18.14,27.94,F,2.69,weak,trotting,0.7853,18.14,27.94
453.51,K,-88,3.48,Far,18.14,27.94,F,2.69,weak,trotting,0.7853,18.14,27.94
453.51,M,-51,-1.00,Unknown,18.14,27.94,F,2.69,weak,trotting,0.7853,18.14,27.94
454.51,A,-71,4.88,Far,18.81,30.35,F,3.84,weak,trotting,0.7165,18.81,30.35
454.51,B,-83,17.72,Far,18.81,30.35,F,3.84,weak,trotting,0.7165,18.81,30.35
454.51,C,-83,17.96,Far,18.81,30.35,F,3.84,weak,trotting,0.7165,18.81,30.35
454.51,E,-80,13.92,Far,18.81,30.35,F,3.84,weak,trotting,0.7165,18.81,30.35
454.51,F,-88,3.30,Far,18.81,30.35,F,3.84,weak,trotting,0.7165,18.81,30.35
454.51,H,-96,8.22,Far,18.81,30.35,F,3.84,weak,trotting,0.7165,18.81,30.35
454.51,K,-89,3.87,Far,18.81,30.35,F,3.84,weak,trotting,0.7165,18.81,30.35
454.51,M,-36,-1.00,Unknown,18.81,30.35,F,3.84,weak,trotting,0.7165,18.81,30.35
455.51,A,-69,4.04,Far,18.02,29.18,F,3.75,weak,trotting,0.1721,18.02,29.18
455.51,B,-83,18.05,Far,18.02,29.18,F,3.75,weak,trotting,0.1721,18.02,29.18
455.51,C,-83,18.06,Far,18.02,29.18,F,3.75,weak,trotting,0.1721,18.02,29.18
455.51,E,-79,13.10,Far,18.02,29.18,F,3.75,weak,trotting,0.1721,18.02,29.18
455.51,F,-89,3.72,Far,18.02,29.18,F,3.75,weak,trotting,0.1721,18.02,29.18
455.51,H,-96,8.57,Far,18.02,29.18,F,3.75,weak,trotting,0.1721,18.02,29.18
455.51,K,-90,4.17,Far,18.02,29.18,F,3.75,weak,trotting,0.1721,18.02,29.18
455.51,M,-54,12.26,Far,18.02,29.18,F,3.75,weak,trotting,0.1721,18.02,29.18
456.51,A,-66,2.81,Far,13.20,26.31,F,3.21,weak,cantering,0.9084,13.20,26.31
456.51,B,-85,19.25,Far,13.20,26.31,F,3.21,weak,cantering,0.9084,13.20,26.31
456.51,C,-83,18.34,Far,13.20,26.31,F,3.21,weak,cantering,0.9084,13.20,26.31
456.51,E,-78,12.45,Far,13.20,26.31,F,3.21,weak,cantering,0.9084,13.20,26.31
456.51,F,-89,3.97,Far,13.20,26.31,F,3.21,weak,cantering,0.9084,13.20,26.31
456.51,H,-95,8.26,Far,13.20,26.31,F,3.21,weak,cantering,0.9084,13.20,26.31
456.51,K,-89,4.04,Far,13.20,26.31,F,3.21,weak,cantering,0.9084,13.20,26.31
456.51,M,-67,12.03,Far,13.20,26.31,F,3.21,weak,cantering,0.9084,13.20,26.31
457.51,A,-64,1.98,Far,12.22,20.80,F,2.36,weak,cantering,1.0830,12.22,20.80
457.51,B,-85,19.86,Far,12.22,20.80,F,2.36,weak,cantering,1.0830,12.22,20.80
457.51,C,-82,18.17,Far,12.22,20.80,F,2.36,weak,cantering,1.0830,12.22,20.80
457.51,E,-78,12.50,Far,12.22,20.80,F,2.36,weak,cantering,1.0830,12.22,20.80
457.51,F,-90,4.40,Far,12.22,20.80,F,2.36,weak,cantering,1.0830,12.22,20.80
457.51,H,-93,7.45,Far,12.22,20.80,F,2.36,weak,cantering,1.0830,12.22,20.80
457.51,K,-88,3.95,Far,12.22,20.80,F,2.36,weak,cantering,1.0830,12.22,20.80
457.51,M,-75,10.80,Far,12.22,20.80,F,2.36,weak,cantering,1.0830,12.22,20.80
458.51,A,-66,2.23,Far,8.17,20.12,F,1.83,weak,cantering,0.4117,8.17,20.12
458.51,B,-84,20.01,Far,8.17,20.12,F,1.83,weak,cantering,0.4117,8.17,20.12
458.51,C,-82,18.02,Far,8.17,20.12,F,1.83,weak,cantering,0.4117,8.17,20.12
458.51,E,-79,12.98,Far,8.17,20.12,F,1.83,weak,cantering,0.4117,8.17,20.12
458.51,F,-91,4.64,Far,8.17,20.12,F,1.83,weak,cantering,0.4117,8.17,20.12
458.51,H,-65,-1.00,Unknown,8.17,20.12,F,1.83,weak,cantering,0.4117,8.17,20.12
458.51,K,-86,3.27,Far,8.17,20.12,F,1.83,weak,cantering,0.4117,8.17,20.12
458.51,M,-80,10.08,Far,8.17,20.12,F,1.83,weak,cantering,0.4117,8.17,20.12
459.51,A,-68,2.61,Far,7.97,18.39,F,2.59,weak,trotting,0.6898,7.97,18.39
459.51,B,-84,20.37,Far,7.97,18.39,F,2.59,weak,trotting,0.6898,7.97,18.39
459.51,C,-82,18.30,Far,7.97,18.39,F,2.59,weak,trotting,0.6898,7.97,18.39
459.51,E,-79,12.97,Far,7.97,18.39,F,2.59,weak,trotting,0.6898,7.97,18.39
459.51,F,-91,5.02,Far,7.97,18.39,F,2.59,weak,trotting,0.6898,7.97,18.39
459.51,H,-73,7.49,Far,7.97,18.39,F,2.59,weak,trotting,0.6898,7.97,18.39
459.51,K,-87,3.33,Far,7.97,18.39,F,2.59,weak,trotting,0.6898,7.97,18.39
459.51,M,-84,9.60,Far,7.97,18.39,F,2.59,weak,trotting,0.6898,7.97,18.39
460.51,A,-69,2.90,Far,8.12,16.41,F,3.05,weak,trotting,1.0150,8.12,16.41
460.51,B,-85,21.39,Far,8.12,16.41,F,3.05,weak,trotting,1.0150,8.12,16.41
460.51,C,-82,18.36,Far,8.12,16.41,F,3.05,weak,trotting,1.0150,8.12,16.41
460.51,E,-79,13.14,Far,8.12,16.41,F,3.05,weak,trotting,1.0150,8.12,16.41
460.51,F,-92,5.37,Far,8.12,16.41,F,3.05,weak,trotting,1.0150,8.12,16.41
460.51,H,-80,7.71,Far,8.12,16.41,F,3.05,weak,trotting,1.0150,8.12,16.41
460.51,K,-85,2.78,Far,8.12,16.41,F,3.05,weak,trotting,1.0150,8.12,16.41
460.51,M,-87,9.47,Far,8.12,16.41,F,3.05,weak,trotting,1.0150,8.12,16.41
461.51,A,-70,3.28,Far,8.09,15.13,F,2.22,weak,trotting,0.0649,8.09,15.13
461.51,B,-86,22.06,Far,8.09,15.13,F,2.22,weak,trotting,0.0649,8.09,15.13
461.51,C,-82,18.42,Far,8.09,15.13,F,2.22,weak,trotting,0.0649,8.09,15.13
461.51,E,-79,12.92,Far,8.09,15.13,F,2.22,weak,trotting,0.0649,8.09,15.13
461.51,F,-92,5.58,Far,8.09,15.13,F,2.22,weak,trotting,0.0649,8.09,15.13
461.51,H,-83,7.13,Far,8.09,15.13,F,2.22,weak,trotting,0.0649,8.09,15.13
461.51,K,-83,2.34,Near,8.09,15.13,F,2.22,weak,trotting,0.0649,8.09,15.13
461.51,M,-90,9.71,Far,8.09,15.13,F,2.22,weak,trotting,0.0649,8.09,15.13
462.51,A,-72,3.79,Far,7.92,14.65,F,2.18,weak,cantering,0.7464,7.92,14.65
462.51,B,-85,22.01,Far,7.92,14.65,F,2.18,weak,cantering,0.7464,7.92,14.65
462.51,C,-82,18.24,Far,7.92,14.65,F,2.18,weak,cantering,0.7464,7.92,14.65
462.51,E,-78,12.04,Far,7.92,14.65,F,2.18,weak,cantering,0.7464,7.92,14.65
462.51,F,-92,5.86,Far,7.92,14.65,F,2.18,weak,cantering,0.7464,7.92,14.65
462.51,H,-86,7.36,Far,7.92,14.65,F,2.18,weak,cantering,0.7464,7.92,14.65
462.51,K,-82,2.07,Near,7.92,14.65,F,2.18,weak,cantering,0.7464,7.92,14.65
462.51,M,-92,10.06,Far,7.92,14.65,F,2.18,weak,cantering,0.7464,7.92,14.65
463.51,A,-73,4.30,Far,7.92,14.70,F,2.20,weak,trotting,0.2873,7.92,14.70
463.51,B,-84,21.96,Far,7.92,14.70,F,2.20,weak,trotting,0.2873,7.92,14.70
463.51,C,-82,18.50,Far,7.92,14.70,F,2.20,weak,trotting,0.2873,7.92,14.70
463.51,E,-78,11.78,Far,7.92,14.70,F,2.20,weak,trotting,0.2873,7.92,14.70
463.51,F,-93,6.30,Far,7.92,14.70,F,2.20,weak,trotting,0.2873,7.92,14.70
463.51,H,-88,7.42,Far,7.92,14.70,F,2.20,weak,trotting,0.2873,7.92,14.70
463.51,K,-82,2.03,Near,7.92,14.70,F,2.20,weak,trotting,0.2873,7.92,14.70
463.51,M,-93,10.23,Far,7.92,14.70,F,2.20,weak,trotting,0.2873,7.92,14.70
464.51,A,-74,4.85,Far,7.88,14.87,K,2.30,weak,trotting,0.2910,7.88,14.87
464.51,B,-84,22.39,Far,7.88,14.87,K,2.30,weak,trotting,0.2910,7.88,14.87
464.51,C,-82,18.55,Far,7.88,14.87,K,2.30,weak,trotting,0.2910,7.88,14.87
464.51,E,-78,11.89,Far,7.88,14.87,K,2.30,weak,trotting,0.2910,7.88,14.87
464.51,F,-94,6.71,Far,7.88,14.87,K,2.30,weak,trotting,0.2910,7.88,14.87
464.51,H,-90,7.73,Far,7.88,14.87,K,2.30,weak,trotting,0.2910,7.88,14.87
464.51,K,-82,1.99,Near,7.88,14.87,K,2.30,weak,trotting,0.2910,7.88,14.87
464.51,M,-94,10.36,Far,7.88,14.87,K,2.30,weak,trotting,0.2910,7.88,14.87
465.51,A,-76,5.61,Far,7.80,15.43,K,2.62,weak,trotting,0.7650,7.80,15.43
465.51,B,-84,22.31,Far,7.80,15.43,K,2.62,weak,trotting,0.7650,7.80,15.43
465.51,C,-82,18.35,Far,7.80,15.43,K,2.62,weak,trotting,0.7650,7.80,15.43
465.51,E,-78,12.00,Far,7.80,15.43,K,2.62,weak,trotting,0.7650,7.80,15.43
465.51,F,-94,7.18,Far,7.80,15.43,K,2.62,weak,trotting,0.7650,7.80,15.43
465.51,H,-91,7.87,Far,7.80,15.43,K,2.62,weak,trotting,0.7650,7.80,15.43
465.51,K,-82,1.97,Near,7.80,15.43,K,2.62,weak,trotting,0.7650,7.80,15.43
465.51,M,-94,9.92,Far,7.80,15.43,K,2.62,weak,trotting,0.7650,7.80,15.43
466.51,A,-78,6.38,Far,7.63,16.32,K,3.32,weak,trotting,0.3765,7.63,16.32
466.51,B,-84,22.71,Far,7.63,16.32,K,3.32,weak,trotting,0.3765,7.63,16.32
466.51,C,-81,17.93,Far,7.63,16.32,K,3.32,weak,trotting,0.3765,7.63,16.32
466.51,E,-78,11.92,Far,7.63,16.32,K,3.32,weak,trotting,0.3765,7.63,16.32
466.51,F,-95,7.61,Far,7.63,16.32,K,3.32,weak,trotting,0.3765,7.63,16.32
466.51,H,-91,7.34,Far,7.63,16.32,K,3.32,weak,trotting,0.3765,7.63,16.32
466.51,K,-81,1.66,Near,7.63,16.32,K,3.32,weak,trotting,0.3765,7.63,16.32
466.51,M,-94,10.09,Far,7.63,16.32,K,3.32,weak,trotting,0.3765,7.63,16.32
467.51,A,-79,7.21,Far,7.50,16.93,K,3.86,weak,trotting,0.3469,7.50,16.93
467.51,B,-85,23.08,Far,7.50,16.93,K,3.86,weak,trotting,0.3469,7.50,16.93
467.51,C,-81,17.57,Far,7.50,16.93,K,3.86,weak,trotting,0.3469,7.50,16.93
467.51,E,-79,12.18,Far,7.50,16.93,K,3.86,weak,trotting,0.3469,7.50,16.93
467.51,F,-94,7.63,Far,7.50,16.93,K,3.86,weak,trotting,0.3469,7.50,16.93
467.51,H,-90,6.76,Far,7.50,16.93,K,3.86,weak,trotting,0.3469,7.50,16.93
467.51,K,-81,1.61,Near,7.50,16.93,K,3.86,weak,trotting,0.3469,7.50,16.93
467.51,M,-95,10.38,Far,7.50,16.93,K,3.86,weak,trotting,0.3469,7.50,16.93
468.51,A,-79,7.87,Far,7.49,17.08,K,3.85,weak,trotting,0.7081,7.49,17.08
468.51,B,-84,22.65,Far,7.49,17.08,K,3.85,weak,trotting,0.7081,7.49,17.08
468.51,C,-82,17.88,Far,7.49,17.08,K,3.85,weak,trotting,0.7081,7.49,17.08
468.51,E,-79,12.42,Far,7.49,17.08,K,3.85,weak,trotting,0.7081,7.49,17.08
468.51,F,-93,6.97,Far,7.49,17.08,K,3.85,weak,trotting,0.7081,7.49,17.08
468.51,H,-89,5.80,Far,7.49,17.08,K,3.85,weak,trotting,0.7081,7.49,17.08
468.51,K,-81,1.68,Near,7.49,17.08,K,3.85,weak,trotting,0.7081,7.49,17.08
468.51,M,-95,10.33,Far,7.49,17.08,K,3.85,weak,trotting,0.7081,7.49,17.08
469.51,A,-79,8.27,Far,8.98,19.09,K,1.37,weak,trotting,0.1007,8.98,19.09
469.51,B,-83,21.64,Far,8.98,19.09,K,1.37,weak,trotting,0.1007,8.98,19.09
469.51,C,-81,17.76,Far,8.98,19.09,K,1.37,weak,trotting,0.1007,8.98,19.09
469.51,E,-79,12.29,Far,8.98,19.09,K,1.37,weak,trotting,0.1007,8.98,19.09
469.51,F,-91,6.31,Far,8.98,19.09,K,1.37,weak,trotting,0.1007,8.98,19.09
469.51,H,-89,5.71,Far,8.98,19.09,K,1.37,weak,trotting,0.1007,8.98,19.09
469.51,K,-82,1.78,Near,8.98,19.09,K,1.37,weak,trotting,0.1007,8.98,19.09
469.51,M,-67,-1.00,Unknown,8.98,19.09,K,1.37,weak,trotting,0.1007,8.98,19.09
470.51,A,-79,8.62,Far,10.00,20.41,K,0.41,weak,trotting,0.9165,10.00,20.41
470.51,B,-82,21.37,Far,10.00,20.41,K,0.41,weak,trotting,0.9165,10.00,20.41
470.51,C,-80,16.87,Far,10.00,20.41,K,0.41,weak,trotting,0.9165,10.00,20.41
470.51,E,-79,12.18,Far,10.00,20.41,K,0.41,weak,trotting,0.9165,10.00,20.41
470.51,F,-89,5.11,Far,10.00,20.41,K,0.41,weak,trotting,0.9165,10.00,20.41
470.51,H,-89,5.52,Far,10.00,20.41,K,0.41,weak,trotting,0.9165,10.00,20.41
470.51,K,-83,2.07,Near,10.00,20.41,K,0.41,weak,trotting,0.9165,10.00,20.41
470.51,M,-75,10.29,Far,10.00,20.41,K,0.41,weak,trotting,0.9165,10.00,20.41
471.51,A,-79,9.18,Far,10.01,20.45,K,0.45,weak,trotting,0.6018,10.01,20.45
471.51,B,-82,21.14,Far,10.01,20.45,K,0.45,weak,trotting,0.6018,10.01,20.45
471.51,C,-80,16.63,Far,10.01,20.45,K,0.45,weak,trotting,0.6018,10.01,20.45
471.51,E,-78,12.08,Far,10.01,20.45,K,0.45,weak,trotting,0.6018,10.01,20.45
471.51,F,-89,5.03,Far,10.01,20.45,K,0.45,weak,trotting,0.6018,10.01,20.45
471.51,H,-90,5.68,Far,10.01,20.45,K,0.45,weak,trotting,0.6018,10.01,20.45
471.51,K,-85,2.42,Far,10.01,20.45,K,0.45,weak,trotting,0.6018,10.01,20.45
471.51,M,-80,9.77,Far,10.01,20.45,K,0.45,weak,trotting,0.6018,10.01,20.45
472.51,A,-79,9.70,Far,9.79,20.20,K,0.28,weak,trotting,0.4975,9.79,20.20
472.51,B,-82,20.93,Far,9.79,20.20,K,0.28,weak,trotting,0.4975,9.79,20.20
472.51,C,-80,15.93,Far,9.79,20.20,K,0.28,weak,trotting,0.4975,9.79,20.20
472.51,E,-78,11.80,Far,9.79,20.20,K,0.28,weak,trotting,0.4975,9.79,20.20
472.51,F,-90,5.25,Far,9.79,20.20,K,0.28,weak,trotting,0.4975,9.79,20.20
472.51,H,-91,5.93,Far,9.79,20.20,K,0.28,weak,trotting,0.4975,9.79,20.20
472.51,K,-87,2.84,Far,9.79,20.20,K,0.28,weak,trotting,0.4975,9.79,20.20
472.51,M,-84,9.16,Far,9.79,20.20,K,0.28,weak,trotting,0.4975,9.79,20.20
473.51,A,-80,10.49,Far,9.43,20.36,K,0.68,weak,trotting,0.6886,9.43,20.36
473.51,B,-83,21.20,Far,9.43,20.36,K,0.68,weak,trotting,0.6886,9.43,20.36
473.51,C,-79,15.07,Far,9.43,20.36,K,0.68,weak,trotting,0.6886,9.43,20.36
473.51,E,-77,11.37,Far,9.43,20.36,K,0.68,weak,trotting,0.6886,9.43,20.36
473.51,F,-90,5.25,Far,9.43,20.36,K,0.68,weak,trotting,0.6886,9.43,20.36
473.51,H,-92,6.34,Far,9.43,20.36,K,0.68,weak,trotting,0.6886,9.43,20.36
473.51,K,-88,3.25,Far,9.43,20.36,K,0.68,weak,trotting,0.6886,9.43,20.36
473.51,M,-86,8.50,Far,9.43,20.36,K,0.68,weak,trotting,0.6886,9.43,20.36
474.51,A,-81,11.27,Far,9.17,20.87,E,1.21,weak,trotting,0.0146,9.17,20.87
474.51,B,-83,21.45,Far,9.17,20.87,E,1.21,weak,trotting,0.0146,9.17,20.87
474.51,C,-78,14.10,Far,9.17,20.87,E,1.21,weak,trotting,0.0146,9.17,20.87
474.51,E,-76,10.56,Far,9.17,20.87,E,1.21,weak,trotting,0.0146,9.17,20.87
474.51,F,-90,5.26,Far,9.17,20.87,E,1.21,weak,trotting,0.0146,9.17,20.87
474.51,H,-93,6.63,Far,9.17,20.87,E,1.21,weak,trotting,0.0146,9.17,20.87
474.51,K,-89,3.56,Far,9.17,20.87,E,1.21,weak,trotting,0.0146,9.17,20.87
474.51,M,-86,6.85,Far,9.17,20.87,E,1.21,weak,trotting,0.0146,9.17,20.87
475.51,A,-82,12.01,Far,8.92,21.36,E,1.74,weak,walking,0.0604,8.92,21.36
475.51,B,-84,22.22,Far,8.92,21.36,E,1.74,weak,walking,0.0604,8.92,21.36
475.51,C,-76,12.44,Far,8.92,21.36,E,1.74,weak,walking,0.0604,8.92,21.36
475.51,E,-75,9.71,Far,8.92,21.36,E,1.74,weak,walking,0.0604,8.92,21.36
475.51,F,-91,5.55,Far,8.92,21.36,E,1.74,weak,walking,0.0604,8.92,21.36
475.51,H,-94,7.17,Far,8.92,21.36,E,1.74,weak,walking,0.0604,8.92,21.36
475.51,K,-88,3.66,Far,8.92,21.36,E,1.74,weak,walking,0.0604,8.92,21.36
475.51,M,-87,6.56,Far,8.92,21.36,E,1.74,weak,walking,0.0604,8.92,21.36
476.51,A,-82,12.45,Far,8.91,21.38,E,1.76,weak,stationary,0.0034,8.91,21.38
476.51,B,-84,22.16,Far,8.91,21.38,E,1.76,weak,stationary,0.0034,8.91,21.38
476.51,C,-76,11.94,Far,8.91,21.38,E,1.76,weak,stationary,0.0034,8.91,21.38
476.51,E,-75,9.05,Far,8.91,21.38,E,1.76,weak,stationary,0.0034,8.91,21.38
476.51,F,-92,5.98,Far,8.91,21.38,E,1.76,weak,stationary,0.0034,8.91,21.38
476.51,H,-93,7.11,Far,8.91,21.38,E,1.76,weak,stationary,0.0034,8.91,21.38
476.51,K,-88,3.74,Far,8.91,21.38,E,1.76,weak,stationary,0.0034,8.91,21.38
476.51,M,-87,5.67,Far,8.91,21.38,E,1.76,weak,stationary,0.0034,8.91,21.38
477.51,A,-81,12.85,Far,8.90,21.39,E,1.77,weak,stationary,0.0036,8.90,21.39
477.51,B,-83,21.85,Far,8.90,21.39,E,1.77,weak,stationary,0.0036,8.90,21.39
477.51,C,-77,11.88,Far,8.90,21.39,E,1.77,weak,stationary,0.0036,8.90,21.39
477.51,E,-75,8.87,Far,8.90,21.39,E,1.77,weak,stationary,0.0036,8.90,21.39
477.51,F,-94,6.55,Far,8.90,21.39,E,1.77,weak,stationary,0.0036,8.90,21.39
477.51,H,-94,7.43,Far,8.90,21.39,E,1.77,weak,stationary,0.0036,8.90,21.39
477.51,K,-88,3.81,Far,8.90,21.39,E,1.77,weak,stationary,0.0036,8.90,21.39
477.51,M,-87,5.07,Far,8.90,21.39,E,1.77,weak,stationary,0.0036,8.90,21.39
478.51,A,-81,13.22,Far,8.89,21.40,E,1.79,weak,stationary,0.0017,8.89,21.40
478.51,B,-83,21.56,Far,8.89,21.40,E,1.79,weak,stationary,0.0017,8.89,21.40
478.51,C,-77,11.82,Far,8.89,21.40,E,1.79,weak,stationary,0.0017,8.89,21.40
478.51,E,-75,8.71,Far,8.89,21.40,E,1.79,weak,stationary,0.0017,8.89,21.40
478.51,F,-94,7.02,Far,8.89,21.40,E,1.79,weak,stationary,0.0017,8.89,21.40
478.51,H,-94,7.61,Far,8.89,21.40,E,1.79,weak,stationary,0.0017,8.89,21.40
478.51,K,-89,4.03,Far,8.89,21.40,E,1.79,weak,stationary,0.0017,8.89,21.40
478.51,M,-87,4.76,Far,8.89,21.40,E,1.79,weak,stationary,0.0017,8.89,21.40
479.51,A,-81,13.71,Far,8.90,21.40,E,1.77,weak,stationary,0.0152,8.90,21.40
479.51,B,-58,-1.00,Unknown,8.90,21.40,E,1.77,weak,stationary,0.0152,8.90,21.40
479.51,C,-77,11.59,Far,8.90,21.40,E,1.77,weak,stationary,0.0152,8.90,21.40
479.51,E,-75,8.42,Far,8.90,21.40,E,1.77,weak,stationary,0.0152,8.90,21.40
479.51,F,-95,7.36,Far,8.90,21.40,E,1.77,weak,stationary,0.0152,8.90,21.40
479.51,H,-94,7.63,Far,8.90,21.40,E,1.77,weak,stationary,0.0152,8.90,21.40
479.51,K,-89,4.22,Far,8.90,21.40,E,1.77,weak,stationary,0.0152,8.90,21.40
479.51,M,-87,4.53,Far,8.90,21.40,E,1.77,weak,stationary,0.0152,8.90,21.40
480.51,A,-80,12.88,Far,8.92,21.39,E,1.76,weak,stationary,0.0001,8.92,21.39
480.51,B,-41,-1.00,Unknown,8.92,21.39,E,1.76,weak,stationary,0.0001,8.92,21.39
480.51,C,-76,10.99,Far,8.92,21.39,E,1.76,weak,stationary,0.0001,8.92,21.39
480.51,E,-74,8.01,Far,8.92,21.39,E,1.76,weak,stationary,0.0001,8.92,21.39
480.51,F,-95,7.67,Far,8.92,21.39,E,1.76,weak,stationary,0.0001,8.92,21.39
480.51,H,-94,8.01,Far,8.92,21.39,E,1.76,weak,stationary,0.0001,8.92,21.39
480.51,K,-89,4.30,Far,8.92,21.39,E,1.76,weak,stationary,0.0001,8.92,21.39
480.51,M,-86,4.10,Far,8.92,21.39,E,1.76,weak,stationary,0.0001,8.92,21.39
481.51,A,-79,12.23,Far,8.93,21.39,E,1.75,weak,stationary,0.0363,8.93,21.39
481.51,B,-55,24.69,Far,8.93,21.39,E,1.75,weak,stationary,0.0363,8.93,21.39
481.51,C,-76,10.50,Far,8.93,21.39,E,1.75,weak,stationary,0.0363,8.93,21.39
481.51,E,-74,7.67,Far,8.93,21.39,E,1.75,weak,stationary,0.0363,8.93,21.39
481.51,F,-96,8.26,Far,8.93,21.39,E,1.75,weak,stationary,0.0363,8.93,21.39
481.51,H,-95,8.36,Far,8.93,21.39,E,1.75,weak,stationary,0.0363,8.93,21.39
481.51,K,-91,4.76,Far,8.93,21.39,E,1.75,weak,stationary,0.0363,8.93,21.39
481.51,M,-86,4.00,Far,8.93,21.39,E,1.75,weak,stationary,0.0363,8.93,21.39
482.51,A,-79,12.47,Far,8.95,21.39,E,1.74,weak,stationary,0.1299,8.95,21.39
482.51,B,-38,-1.00,Unknown,8.95,21.39,E,1.74,weak,stationary,0.1299,8.95,21.39
482.51,C,-76,10.09,Far,8.95,21.39,E,1.74,weak,stationary,0.1299,8.95,21.39
482.51,E,-74,7.40,Far,8.95,21.39,E,1.74,weak,stationary,0.1299,8.95,21.39
482.51,F,-96,8.82,Far,8.95,21.39,E,1.74,weak,stationary,0.1299,8.95,21.39
482.51,H,-66,-1.00,Unknown,8.95,21.39,E,1.74,weak,stationary,0.1299,8.95,21.39
482.51,K,-92,5.20,Far,8.95,21.39,E,1.74,weak,stationary,0.1299,8.95,21.39
482.51,M,-89,4.43,Far,8.95,21.39,E,1.74,weak,stationary,0.1299,8.95,21.39
